,Amber
0,https://imgcdn1.gempundit.com/media/catalog/product/g/p/gp59268-1-190320.jpg
1,https://imgcdn1.gempundit.com/media/catalog/product/g/p/gp59268-2-190320.jpg
2,https://imgcdn1.gempundit.com/media/catalog/product/g/p/gp59268-3-190320.jpg
3,https://imgcdn1.gempundit.com/media/catalog/product/g/p/gp59283-1-190320.jpg
4,https://imgcdn1.gempundit.com/media/catalog/product/g/p/gp59283-2-190320.jpg
5,https://imgcdn1.gempundit.com/media/catalog/product/g/p/gp59283-3-190320.jpg
6,https://imgcdn1.gempundit.com/media/catalog/product/g/p/gp59274-1-190320.jpg
7,https://imgcdn1.gempundit.com/media/catalog/product/g/p/gp59274-2-190320.jpg
8,https://imgcdn1.gempundit.com/media/catalog/product/g/p/gp59274-3-190320.jpg
9,https://imgcdn1.gempundit.com/media/catalog/product/g/p/gp59254-1-190320.jpg
10,https://imgcdn1.gempundit.com/media/catalog/product/g/p/gp59254-2-190320.jpg
11,https://imgcdn1.gempundit.com/media/catalog/product/g/p/gp59254-3-190320.jpg
12,https://imgcdn1.gempundit.com/media/catalog/product/g/p/gp59277-1-190320.jpg
13,https://imgcdn1.gempundit.com/media/catalog/product/g/p/gp59277-2-190320.jpg
14,https://imgcdn1.gempundit.com/media/catalog/product/g/p/gp59277-3-190320.jpg
15,https://imgcdn1.gempundit.com/media/catalog/product/g/p/gp59270-1-190320.jpg
16,https://imgcdn1.gempundit.com/media/catalog/product/g/p/gp59270-2-190320.jpg
17,https://imgcdn1.gempundit.com/media/catalog/product/g/p/gp59270-3-190320.jpg
18,https://imgcdn1.gempundit.com/media/catalog/product/g/p/gp59292-1-190320.jpg
19,https://imgcdn1.gempundit.com/media/catalog/product/g/p/gp59292-2-190320.jpg
20,https://imgcdn1.gempundit.com/media/catalog/product/g/p/gp59292-3-190320.jpg
21,https://imgcdn1.gempundit.com/media/catalog/product/g/p/gp59305-1-190320.jpg
22,https://imgcdn1.gempundit.com/media/catalog/product/g/p/gp59305-2-190320.jpg
23,https://imgcdn1.gempundit.com/media/catalog/product/g/p/gp59305-3-190320.jpg
24,https://imgcdn1.gempundit.com/media/catalog/product/g/p/gp59264-1-190320.jpg
25,https://imgcdn1.gempundit.com/media/catalog/product/g/p/gp59264-2-190320.jpg
26,https://imgcdn1.gempundit.com/media/catalog/product/g/p/gp59264-3-190320.jpg
27,https://imgcdn1.gempundit.com/media/catalog/product/g/p/gp59244-1-190320.jpg
28,https://imgcdn1.gempundit.com/media/catalog/product/g/p/gp59244-2-190320.jpg
29,https://imgcdn1.gempundit.com/media/catalog/product/g/p/gp59244-3-190320.jpg
30,https://imgcdn1.gempundit.com/media/catalog/product/g/p/gp59289-1-190320.jpg
31,https://imgcdn1.gempundit.com/media/catalog/product/g/p/gp59289-2-190320.jpg
32,https://imgcdn1.gempundit.com/media/catalog/product/g/p/gp59289-3-190320.jpg
33,https://imgcdn1.gempundit.com/media/catalog/product/g/p/gp59263-1-190320.jpg
34,https://imgcdn1.gempundit.com/media/catalog/product/g/p/gp59263-2-190320.jpg
35,https://imgcdn1.gempundit.com/media/catalog/product/g/p/gp59263-3-190320.jpg
36,https://imgcdn1.gempundit.com/media/catalog/product/g/p/gp59280-1-190320.jpg
37,https://imgcdn1.gempundit.com/media/catalog/product/g/p/gp59280-2-190320.jpg
38,https://imgcdn1.gempundit.com/media/catalog/product/g/p/gp59280-3-190320.jpg
39,https://imgcdn1.gempundit.com/media/catalog/product/g/p/gp59243-1-190320.jpg
40,https://imgcdn1.gempundit.com/media/catalog/product/g/p/gp59243-2-190320.jpg
41,https://imgcdn1.gempundit.com/media/catalog/product/g/p/gp59243-3-190320.jpg
42,https://imgcdn1.gempundit.com/media/catalog/product/g/p/gp59259-1-190320.jpg
43,https://imgcdn1.gempundit.com/media/catalog/product/g/p/gp59259-2-190320.jpg
44,https://imgcdn1.gempundit.com/media/catalog/product/g/p/gp59259-3-190320.jpg
45,https://imgcdn1.gempundit.com/media/catalog/product/g/p/gp59265-1-190320.jpg
46,https://imgcdn1.gempundit.com/media/catalog/product/g/p/gp59265-2-190320.jpg
47,https://imgcdn1.gempundit.com/media/catalog/product/g/p/gp59265-3-190320.jpg
48,https://imgcdn1.gempundit.com/media/catalog/product/g/p/gp42572-1-130422.jpg
49,https://imgcdn1.gempundit.com/media/catalog/product/g/p/gp42572-2-130422.jpg
50,https://imgcdn1.gempundit.com/media/catalog/product/g/p/gp42572-3-130422.jpg
51,https://imgcdn1.gempundit.com/media/catalog/product/g/p/gp42572-4-130422.jpg
52,https://imgcdn1.gempundit.com/media/catalog/product/g/p/gp42573-1-130422_1.jpg
53,https://imgcdn1.gempundit.com/media/catalog/product/g/p/gp42573-2-130422_1.jpg
54,https://imgcdn1.gempundit.com/media/catalog/product/g/p/gp42573-3-130422_1.jpg
55,https://imgcdn1.gempundit.com/media/catalog/product/g/p/gp42573-4-130422_1.jpg
56,https://imgcdn1.gempundit.com/media/catalog/product/g/p/gp59256-1-190320.jpg
57,https://imgcdn1.gempundit.com/media/catalog/product/g/p/gp59256-2-190320.jpg
58,https://imgcdn1.gempundit.com/media/catalog/product/g/p/gp59256-3-190320.jpg
59,https://imgcdn1.gempundit.com/media/catalog/product/g/p/gp59287-1-190320.jpg
60,https://imgcdn1.gempundit.com/media/catalog/product/g/p/gp59287-2-190320.jpg
61,https://imgcdn1.gempundit.com/media/catalog/product/g/p/gp59287-3-190320.jpg
62,https://imgcdn1.gempundit.com/media/catalog/product/g/p/gp59253-1-190320.jpg
63,https://imgcdn1.gempundit.com/media/catalog/product/g/p/gp59253-2-190320.jpg
64,https://imgcdn1.gempundit.com/media/catalog/product/g/p/gp59253-3-190320.jpg
65,https://imgcdn1.gempundit.com/media/catalog/product/g/p/gp59242-1-190320.jpg
66,https://imgcdn1.gempundit.com/media/catalog/product/g/p/gp59242-2-190320.jpg
67,https://imgcdn1.gempundit.com/media/catalog/product/g/p/gp59242-3-190320.jpg
68,https://imgcdn1.gempundit.com/media/catalog/product/g/p/gp59306-1-190320_1.jpg
69,https://imgcdn1.gempundit.com/media/catalog/product/g/p/gp59306-3-190320.jpg
70,https://imgcdn1.gempundit.com/media/catalog/product/g/p/gp59306-1-190320.jpg
71,https://imgcdn1.gempundit.com/media/catalog/product/g/p/gp59269-1-190320.jpg
72,https://imgcdn1.gempundit.com/media/catalog/product/g/p/gp59269-2-190320.jpg
73,https://imgcdn1.gempundit.com/media/catalog/product/g/p/gp59269-3-190320.jpg
74,https://imgcdn1.gempundit.com/media/catalog/product/g/p/gp59267-1-190320.jpg
75,https://imgcdn1.gempundit.com/media/catalog/product/g/p/gp59267-2-190320.jpg
76,https://imgcdn1.gempundit.com/media/catalog/product/g/p/gp59267-3-190320.jpg
77,https://imgcdn1.gempundit.com/media/catalog/product/g/p/gp42570-1-130422.jpg
78,https://imgcdn1.gempundit.com/media/catalog/product/g/p/gp42570-2-130422.jpg
79,https://imgcdn1.gempundit.com/media/catalog/product/g/p/gp42570-3-130422.jpg
80,https://imgcdn1.gempundit.com/media/catalog/product/g/p/gp42570-4-130422.jpg
81,https://imgcdn1.gempundit.com/media/catalog/product/g/p/gp59266-1-190320.jpg
82,https://imgcdn1.gempundit.com/media/catalog/product/g/p/gp59266-2-190320.jpg
83,https://imgcdn1.gempundit.com/media/catalog/product/g/p/gp59266-3-190320.jpg
84,https://imgcdn1.gempundit.com/media/catalog/product/g/p/gp59300-1-190320.jpg
85,https://imgcdn1.gempundit.com/media/catalog/product/g/p/gp59300-2-190320.jpg
86,https://imgcdn1.gempundit.com/media/catalog/product/g/p/gp59300-3-190320.jpg
87,https://imgcdn1.gempundit.com/media/catalog/product/g/p/gp59304-1-190320.jpg
88,https://imgcdn1.gempundit.com/media/catalog/product/g/p/gp59304-2-190320.jpg
89,https://imgcdn1.gempundit.com/media/catalog/product/g/p/gp59304-3-190320.jpg
90,https://imgcdn1.gempundit.com/media/catalog/product/g/p/gp59301-1-190320.jpg
91,https://imgcdn1.gempundit.com/media/catalog/product/g/p/gp59301-2-190320.jpg
92,https://imgcdn1.gempundit.com/media/catalog/product/g/p/gp59301-3-190320.jpg
93,https://imgcdn1.gempundit.com/media/catalog/product/g/p/gp59284-1-190320.jpg
94,https://imgcdn1.gempundit.com/media/catalog/product/g/p/gp59284-2-190320.jpg
95,https://imgcdn1.gempundit.com/media/catalog/product/g/p/gp59284-3-190320.jpg
96,https://imgcdn1.gempundit.com/media/catalog/product/g/p/gp59285-1-190320.jpg
97,https://imgcdn1.gempundit.com/media/catalog/product/g/p/gp59285-2-190320.jpg
98,https://imgcdn1.gempundit.com/media/catalog/product/g/p/gp59285-3-190320.jpg
99,https://imgcdn1.gempundit.com/media/catalog/product/g/p/gp59293-1-190320.jpg
100,https://imgcdn1.gempundit.com/media/catalog/product/g/p/gp59293-2-190320.jpg
101,https://imgcdn1.gempundit.com/media/catalog/product/g/p/gp59293-3-190320.jpg
102,https://imgcdn1.gempundit.com/media/catalog/product/g/p/gp59271-1-190320.jpg
103,https://imgcdn1.gempundit.com/media/catalog/product/g/p/gp59271-2-190320.jpg
104,https://imgcdn1.gempundit.com/media/catalog/product/g/p/gp59271-3-190320.jpg
105,https://imgcdn1.gempundit.com/media/catalog/product/g/p/gp59303-1-190320.jpg
106,https://imgcdn1.gempundit.com/media/catalog/product/g/p/gp59303-2-190320.jpg
107,https://imgcdn1.gempundit.com/media/catalog/product/g/p/gp59303-3-190320.jpg
108,https://imgcdn1.gempundit.com/media/catalog/product/g/p/gp59252-1-190320.jpg
109,https://imgcdn1.gempundit.com/media/catalog/product/g/p/gp59252-2-190320.jpg
110,https://imgcdn1.gempundit.com/media/catalog/product/g/p/gp59252-3-190320.jpg
111,https://imgcdn1.gempundit.com/media/catalog/product/g/p/gp59281-1-190320.jpg
112,https://imgcdn1.gempundit.com/media/catalog/product/g/p/gp59281-2-190320.jpg
113,https://imgcdn1.gempundit.com/media/catalog/product/g/p/gp59281-3-190320.jpg
114,https://imgcdn1.gempundit.com/media/catalog/product/g/p/gp59257-1-190320.jpg
115,https://imgcdn1.gempundit.com/media/catalog/product/g/p/gp59257-2-190320.jpg
116,https://imgcdn1.gempundit.com/media/catalog/product/g/p/gp59257-3-190320.jpg
117,https://imgcdn1.gempundit.com/media/catalog/product/4/2/42561-1-190918.jpg
118,https://imgcdn1.gempundit.com/media/catalog/product/4/2/42561-2-190918.jpg
119,https://imgcdn1.gempundit.com/media/catalog/product/4/2/42561-3-190918.jpg
120,https://imgcdn1.gempundit.com/media/catalog/product/4/2/42561-4-190918.jpg
121,https://imgcdn1.gempundit.com/media/catalog/product/g/p/gp59278-1-190320_1.jpg
122,https://imgcdn1.gempundit.com/media/catalog/product/g/p/gp59278-3-190320.jpg
123,https://imgcdn1.gempundit.com/media/catalog/product/g/p/gp59278-1-190320.jpg
124,https://imgcdn1.gempundit.com/media/catalog/product/g/p/gp59286-1-190320.jpg
125,https://imgcdn1.gempundit.com/media/catalog/product/g/p/gp59286-2-190320.jpg
126,https://imgcdn1.gempundit.com/media/catalog/product/g/p/gp59286-3-190320.jpg
127,https://imgcdn1.gempundit.com/media/catalog/product/g/p/gp69369-1050221.jpg
128,https://imgcdn1.gempundit.com/media/catalog/product/g/p/gp69369-2050221.jpg
129,https://imgcdn1.gempundit.com/media/catalog/product/g/p/gp69369-3050221.jpg
130,https://imgcdn1.gempundit.com/media/catalog/product/g/p/gp69369-5050221.jpg
131,https://imgcdn1.gempundit.com/media/catalog/product/g/p/gp69369-4050221.jpg
