,Ammolite
0,https://imgcdn1.gempundit.com/media/catalog/product/g/p/gp57354-1-220120.jpg
1,https://imgcdn1.gempundit.com/media/catalog/product/g/p/gp57354-2-220120.jpg
2,https://imgcdn1.gempundit.com/media/catalog/product/g/p/gp57354-3-220120.jpg
3,https://imgcdn1.gempundit.com/media/catalog/product/g/p/gp57353-1-220120.jpg
4,https://imgcdn1.gempundit.com/media/catalog/product/g/p/gp57353-2-220120.jpg
5,https://imgcdn1.gempundit.com/media/catalog/product/g/p/gp57353-3-220120.jpg
6,https://imgcdn1.gempundit.com/media/catalog/product/g/p/gp57356-1-220120.jpg
7,https://imgcdn1.gempundit.com/media/catalog/product/g/p/gp57356-2-220120.jpg
8,https://imgcdn1.gempundit.com/media/catalog/product/g/p/gp57356-3-220120.jpg
9,https://imgcdn1.gempundit.com/media/catalog/product/g/p/gp57355-1-220120.jpg
10,https://imgcdn1.gempundit.com/media/catalog/product/g/p/gp57355-2-220120.jpg
11,https://imgcdn1.gempundit.com/media/catalog/product/g/p/gp57355-3-220120.jpg
12,https://imgcdn1.gempundit.com/media/catalog/product/g/p/gp57351-1-220120.jpg
13,https://imgcdn1.gempundit.com/media/catalog/product/g/p/gp57351-2-220120.jpg
14,https://imgcdn1.gempundit.com/media/catalog/product/g/p/gp57351-3-220120.jpg
15,https://imgcdn1.gempundit.com/media/catalog/product/g/p/gp57349-1-220120.jpg
16,https://imgcdn1.gempundit.com/media/catalog/product/g/p/gp57349-2-220120.jpg
17,https://imgcdn1.gempundit.com/media/catalog/product/g/p/gp57349-3-220120.jpg
18,https://imgcdn1.gempundit.com/media/catalog/product/g/p/gp57352-1-220120.jpg
19,https://imgcdn1.gempundit.com/media/catalog/product/g/p/gp57352-2-220120.jpg
20,https://imgcdn1.gempundit.com/media/catalog/product/g/p/gp57352-3-220120.jpg
21,https://imgcdn1.gempundit.com/media/catalog/product/g/p/gp57359-1-220120.jpg
22,https://imgcdn1.gempundit.com/media/catalog/product/g/p/gp57359-2-220120.jpg
23,https://imgcdn1.gempundit.com/media/catalog/product/g/p/gp57359-3-220120.jpg
24,https://imgcdn1.gempundit.com/media/catalog/product/g/p/gp57389-1-220120.jpg
25,https://imgcdn1.gempundit.com/media/catalog/product/g/p/gp57389-2-220120.jpg
26,https://imgcdn1.gempundit.com/media/catalog/product/g/p/gp57389-3-220120.jpg
27,https://imgcdn1.gempundit.com/media/catalog/product/g/p/gp57383-1-220120.jpg
28,https://imgcdn1.gempundit.com/media/catalog/product/g/p/gp57383-2-220120.jpg
29,https://imgcdn1.gempundit.com/media/catalog/product/g/p/gp57383-3-220120.jpg
30,https://imgcdn1.gempundit.com/media/catalog/product/g/p/gp57385-1-220120.jpg
31,https://imgcdn1.gempundit.com/media/catalog/product/g/p/gp57385-2-220120.jpg
32,https://imgcdn1.gempundit.com/media/catalog/product/g/p/gp57385-3-220120.jpg
33,https://imgcdn1.gempundit.com/media/catalog/product/g/p/gp57369-1-220120.jpg
34,https://imgcdn1.gempundit.com/media/catalog/product/g/p/gp57369-2-220120.jpg
35,https://imgcdn1.gempundit.com/media/catalog/product/g/p/gp57369-3-220120.jpg
36,https://imgcdn1.gempundit.com/media/catalog/product/g/p/gp57034-1-190220.jpg
37,https://imgcdn1.gempundit.com/media/catalog/product/g/p/gp57034-2-190220.jpg
38,https://imgcdn1.gempundit.com/media/catalog/product/g/p/gp57034-3-190220.jpg
39,https://imgcdn1.gempundit.com/media/catalog/product/g/p/gp57384-1-220120.jpg
40,https://imgcdn1.gempundit.com/media/catalog/product/g/p/gp57384-2-220120.jpg
41,https://imgcdn1.gempundit.com/media/catalog/product/g/p/gp57384-3-220120.jpg
42,https://imgcdn1.gempundit.com/media/catalog/product/g/p/gp57379-1-220120.jpg
43,https://imgcdn1.gempundit.com/media/catalog/product/g/p/gp57379-2-220120.jpg
44,https://imgcdn1.gempundit.com/media/catalog/product/g/p/gp57379-3-220120.jpg
45,https://imgcdn1.gempundit.com/media/catalog/product/g/p/gp57381-1-220120.jpg
46,https://imgcdn1.gempundit.com/media/catalog/product/g/p/gp57381-2-220120.jpg
47,https://imgcdn1.gempundit.com/media/catalog/product/g/p/gp57381-3-220120.jpg
48,https://imgcdn1.gempundit.com/media/catalog/product/g/p/gp57390-1-220120.jpg
49,https://imgcdn1.gempundit.com/media/catalog/product/g/p/gp57390-2-220120.jpg
50,https://imgcdn1.gempundit.com/media/catalog/product/g/p/gp57390-3-220120.jpg
51,https://imgcdn1.gempundit.com/media/catalog/product/g/p/gp57035-1-190220.jpg
52,https://imgcdn1.gempundit.com/media/catalog/product/g/p/gp57035-2-190220.jpg
53,https://imgcdn1.gempundit.com/media/catalog/product/g/p/gp57035-3-190220.jpg
54,https://imgcdn1.gempundit.com/media/catalog/product/g/p/gp57374-1-220120.jpg
55,https://imgcdn1.gempundit.com/media/catalog/product/g/p/gp57374-2-220120.jpg
56,https://imgcdn1.gempundit.com/media/catalog/product/g/p/gp57374-3-220120.jpg
57,https://imgcdn1.gempundit.com/media/catalog/product/g/p/gp57363-1-220120.jpg
58,https://imgcdn1.gempundit.com/media/catalog/product/g/p/gp57363-2-220120.jpg
59,https://imgcdn1.gempundit.com/media/catalog/product/g/p/gp57363-3-220120.jpg
60,https://imgcdn1.gempundit.com/media/catalog/product/g/p/gp57377-1-220120.jpg
61,https://imgcdn1.gempundit.com/media/catalog/product/g/p/gp57377-2-220120.jpg
62,https://imgcdn1.gempundit.com/media/catalog/product/g/p/gp57377-3-220120.jpg
63,https://imgcdn1.gempundit.com/media/catalog/product/g/p/gp57367-1-220120.jpg
64,https://imgcdn1.gempundit.com/media/catalog/product/g/p/gp57367-2-220120.jpg
65,https://imgcdn1.gempundit.com/media/catalog/product/g/p/gp57367-3-220120.jpg
66,https://imgcdn1.gempundit.com/media/catalog/product/g/p/gp57393-1-220120.jpg
67,https://imgcdn1.gempundit.com/media/catalog/product/g/p/gp57393-2-220120.jpg
68,https://imgcdn1.gempundit.com/media/catalog/product/g/p/gp57393-3-220120.jpg
69,https://imgcdn1.gempundit.com/media/catalog/product/g/p/gp57380-1-220120.jpg
70,https://imgcdn1.gempundit.com/media/catalog/product/g/p/gp57380-2-220120.jpg
71,https://imgcdn1.gempundit.com/media/catalog/product/g/p/gp57380-3-220120.jpg
72,https://imgcdn1.gempundit.com/media/catalog/product/g/p/gp57382-1-220120.jpg
73,https://imgcdn1.gempundit.com/media/catalog/product/g/p/gp57382-2-220120.jpg
74,https://imgcdn1.gempundit.com/media/catalog/product/g/p/gp57382-3-220120.jpg
75,https://imgcdn1.gempundit.com/media/catalog/product/g/p/gp57371-1-220120.jpg
76,https://imgcdn1.gempundit.com/media/catalog/product/g/p/gp57371-2-220120.jpg
77,https://imgcdn1.gempundit.com/media/catalog/product/g/p/gp57371-3-220120.jpg
78,https://imgcdn1.gempundit.com/media/catalog/product/g/p/gp57375-1-220120.jpg
79,https://imgcdn1.gempundit.com/media/catalog/product/g/p/gp57375-2-220120.jpg
80,https://imgcdn1.gempundit.com/media/catalog/product/g/p/gp57375-3-220120.jpg
81,https://imgcdn1.gempundit.com/media/catalog/product/g/p/gp57394-1-220120.jpg
82,https://imgcdn1.gempundit.com/media/catalog/product/g/p/gp57394-2-220120.jpg
83,https://imgcdn1.gempundit.com/media/catalog/product/g/p/gp57394-3-220120.jpg
84,https://imgcdn1.gempundit.com/media/catalog/product/g/p/gp57362-1-220120.jpg
85,https://imgcdn1.gempundit.com/media/catalog/product/g/p/gp57362-2-220120.jpg
86,https://imgcdn1.gempundit.com/media/catalog/product/g/p/gp57362-3-220120.jpg
87,https://imgcdn1.gempundit.com/media/catalog/product/g/p/gp57366-1-220120.jpg
88,https://imgcdn1.gempundit.com/media/catalog/product/g/p/gp57366-2-220120.jpg
89,https://imgcdn1.gempundit.com/media/catalog/product/g/p/gp57366-3-220120.jpg
90,https://imgcdn1.gempundit.com/media/catalog/product/g/p/gp57378-1-220120.jpg
91,https://imgcdn1.gempundit.com/media/catalog/product/g/p/gp57378-2-220120.jpg
92,https://imgcdn1.gempundit.com/media/catalog/product/g/p/gp57378-3-220120.jpg
93,https://imgcdn1.gempundit.com/media/catalog/product/g/p/gp57368-1-220120.jpg
94,https://imgcdn1.gempundit.com/media/catalog/product/g/p/gp57368-2-220120.jpg
95,https://imgcdn1.gempundit.com/media/catalog/product/g/p/gp57368-3-220120.jpg
96,https://imgcdn1.gempundit.com/media/catalog/product/g/p/gp57388-1-220120.jpg
97,https://imgcdn1.gempundit.com/media/catalog/product/g/p/gp57388-2-220120.jpg
98,https://imgcdn1.gempundit.com/media/catalog/product/g/p/gp57388-3-220120.jpg
99,https://imgcdn1.gempundit.com/media/catalog/product/g/p/gp57373-1-220120.jpg
100,https://imgcdn1.gempundit.com/media/catalog/product/g/p/gp57373-2-220120.jpg
101,https://imgcdn1.gempundit.com/media/catalog/product/g/p/gp57373-3-220120.jpg
102,https://imgcdn1.gempundit.com/media/catalog/product/g/p/gp57364-1-220120.jpg
103,https://imgcdn1.gempundit.com/media/catalog/product/g/p/gp57364-2-220120.jpg
104,https://imgcdn1.gempundit.com/media/catalog/product/g/p/gp57364-3-220120.jpg
105,https://imgcdn1.gempundit.com/media/catalog/product/g/p/gp57370-1-220120.jpg
106,https://imgcdn1.gempundit.com/media/catalog/product/g/p/gp57370-2-220120.jpg
107,https://imgcdn1.gempundit.com/media/catalog/product/g/p/gp57370-3-220120.jpg
108,https://imgcdn1.gempundit.com/media/catalog/product/g/p/gp57361-1-220120.jpg
109,https://imgcdn1.gempundit.com/media/catalog/product/g/p/gp57361-2-220120.jpg
110,https://imgcdn1.gempundit.com/media/catalog/product/g/p/gp57361-3-220120.jpg
111,https://imgcdn1.gempundit.com/media/catalog/product/g/p/gp57398-1-220120.jpg
112,https://imgcdn1.gempundit.com/media/catalog/product/g/p/gp57398-2-220120.jpg
113,https://imgcdn1.gempundit.com/media/catalog/product/g/p/gp57398-3-220120.jpg
114,https://imgcdn1.gempundit.com/media/catalog/product/g/p/gp57397-1-220120.jpg
115,https://imgcdn1.gempundit.com/media/catalog/product/g/p/gp57397-2-220120.jpg
116,https://imgcdn1.gempundit.com/media/catalog/product/g/p/gp57397-3-220120.jpg
117,https://imgcdn1.gempundit.com/media/catalog/product/g/p/gp57396-1-220120.jpg
118,https://imgcdn1.gempundit.com/media/catalog/product/g/p/gp57396-2-220120.jpg
119,https://imgcdn1.gempundit.com/media/catalog/product/g/p/gp57396-3-220120.jpg
120,https://imgcdn1.gempundit.com/media/catalog/product/g/p/gp57395-1-220120.jpg
121,https://imgcdn1.gempundit.com/media/catalog/product/g/p/gp57395-2-220120.jpg
122,https://imgcdn1.gempundit.com/media/catalog/product/g/p/gp57395-3-220120.jpg
