,Apatite
0,https://imgcdn1.gempundit.com/media/catalog/product/g/p/gp89227-1-101021.jpg
1,https://imgcdn1.gempundit.com/media/catalog/product/g/p/gp89227-2-101021.jpg
2,https://imgcdn1.gempundit.com/media/catalog/product/g/p/gp89279-1-101021.jpg
3,https://imgcdn1.gempundit.com/media/catalog/product/g/p/gp89279-2-101021.jpg
4,https://imgcdn1.gempundit.com/media/catalog/product/g/p/gp89229-1-101021.jpg
5,https://imgcdn1.gempundit.com/media/catalog/product/g/p/gp89229-2-101021.jpg
6,https://imgcdn1.gempundit.com/media/catalog/product/g/p/gp89276-1-101021.jpg
7,https://imgcdn1.gempundit.com/media/catalog/product/g/p/gp89276-2-101021.jpg
8,https://imgcdn1.gempundit.com/media/catalog/product/g/p/gp89263-1-101021.jpg
9,https://imgcdn1.gempundit.com/media/catalog/product/g/p/gp89263-2-101021.jpg
10,https://imgcdn1.gempundit.com/media/catalog/product/g/p/gp89221-1-101021.jpg
11,https://imgcdn1.gempundit.com/media/catalog/product/g/p/gp89221-2-101021.jpg
12,https://imgcdn1.gempundit.com/media/catalog/product/g/p/gp89223-1-101021.jpg
13,https://imgcdn1.gempundit.com/media/catalog/product/g/p/gp89223-2-101021.jpg
14,https://imgcdn1.gempundit.com/media/catalog/product/g/p/gp89228-1-101021.jpg
15,https://imgcdn1.gempundit.com/media/catalog/product/g/p/gp89228-2-101021.jpg
16,https://imgcdn1.gempundit.com/media/catalog/product/g/p/gp89213-1-101021.jpg
17,https://imgcdn1.gempundit.com/media/catalog/product/g/p/gp89213-2-101021.jpg
18,https://imgcdn1.gempundit.com/media/catalog/product/g/p/gp89214-1-101021.jpg
19,https://imgcdn1.gempundit.com/media/catalog/product/g/p/gp89214-2-101021.jpg
20,https://imgcdn1.gempundit.com/media/catalog/product/g/p/gp89256-1-101021.jpg
21,https://imgcdn1.gempundit.com/media/catalog/product/g/p/gp89256-2-101021.jpg
22,https://imgcdn1.gempundit.com/media/catalog/product/g/p/gp89226-1-101021.jpg
23,https://imgcdn1.gempundit.com/media/catalog/product/g/p/gp89226-2-101021.jpg
24,https://imgcdn1.gempundit.com/media/catalog/product/g/p/gp89268-1-101021.jpg
25,https://imgcdn1.gempundit.com/media/catalog/product/g/p/gp89268-2-101021.jpg
26,https://imgcdn1.gempundit.com/media/catalog/product/g/p/gp89224-1-101021.jpg
27,https://imgcdn1.gempundit.com/media/catalog/product/g/p/gp89224-2-101021.jpg
28,https://imgcdn1.gempundit.com/media/catalog/product/g/p/gp89261-1-101021.jpg
29,https://imgcdn1.gempundit.com/media/catalog/product/g/p/gp89261-2-101021.jpg
30,https://imgcdn1.gempundit.com/media/catalog/product/g/p/gp89218-1-101021.jpg
31,https://imgcdn1.gempundit.com/media/catalog/product/g/p/gp89218-2-101021.jpg
32,https://imgcdn1.gempundit.com/media/catalog/product/g/p/gp89225-1-101021.jpg
33,https://imgcdn1.gempundit.com/media/catalog/product/g/p/gp89225-2-101021.jpg
34,https://imgcdn1.gempundit.com/media/catalog/product/g/p/gp89242-1-101021.jpg
35,https://imgcdn1.gempundit.com/media/catalog/product/g/p/gp89242-2-101021.jpg
36,https://imgcdn1.gempundit.com/media/catalog/product/g/p/gp89262-1-101021.jpg
37,https://imgcdn1.gempundit.com/media/catalog/product/g/p/gp89262-2-101021.jpg
38,https://imgcdn1.gempundit.com/media/catalog/product/g/p/gp89220-1-101021.jpg
39,https://imgcdn1.gempundit.com/media/catalog/product/g/p/gp89220-2-101021.jpg
40,https://imgcdn1.gempundit.com/media/catalog/product/g/p/gp89258-1-101021.jpg
41,https://imgcdn1.gempundit.com/media/catalog/product/g/p/gp89258-2-101021.jpg
42,https://imgcdn1.gempundit.com/media/catalog/product/g/p/gp89201-1-101021.jpg
43,https://imgcdn1.gempundit.com/media/catalog/product/g/p/gp89201-2-101021.jpg
44,https://imgcdn1.gempundit.com/media/catalog/product/g/p/gp89216-1-101021.jpg
45,https://imgcdn1.gempundit.com/media/catalog/product/g/p/gp89216-2-101021.jpg
46,https://imgcdn1.gempundit.com/media/catalog/product/g/p/gp89222-1-101121.jpg
47,https://imgcdn1.gempundit.com/media/catalog/product/g/p/gp89222-2-101121.jpg
48,https://imgcdn1.gempundit.com/media/catalog/product/g/p/gp89222-3-101121.jpg
49,https://imgcdn1.gempundit.com/media/catalog/product/g/p/gp89244-1-101021.jpg
50,https://imgcdn1.gempundit.com/media/catalog/product/g/p/gp89244-2-101021.jpg
51,https://imgcdn1.gempundit.com/media/catalog/product/g/p/gp89254-1-101021.jpg
52,https://imgcdn1.gempundit.com/media/catalog/product/g/p/gp89254-2-101021.jpg
53,https://imgcdn1.gempundit.com/media/catalog/product/g/p/gp89203-1-101021.jpg
54,https://imgcdn1.gempundit.com/media/catalog/product/g/p/gp89203-2-101021.jpg
55,https://imgcdn1.gempundit.com/media/catalog/product/g/p/gp89219-1-101021.jpg
56,https://imgcdn1.gempundit.com/media/catalog/product/g/p/gp89219-2-101021.jpg
57,https://imgcdn1.gempundit.com/media/catalog/product/g/p/gp89194-1-101021.jpg
58,https://imgcdn1.gempundit.com/media/catalog/product/g/p/gp89194-2-101021.jpg
59,https://imgcdn1.gempundit.com/media/catalog/product/g/p/gp89189-1-101021.jpg
60,https://imgcdn1.gempundit.com/media/catalog/product/g/p/gp89189-2-101021.jpg
61,https://imgcdn1.gempundit.com/media/catalog/product/g/p/gp89212-1-101021.jpg
62,https://imgcdn1.gempundit.com/media/catalog/product/g/p/gp89212-2-101021.jpg
63,https://imgcdn1.gempundit.com/media/catalog/product/g/p/gp89215-1-101021.jpg
64,https://imgcdn1.gempundit.com/media/catalog/product/g/p/gp89215-2-101021.jpg
65,https://imgcdn1.gempundit.com/media/catalog/product/g/p/gp89245-1-101021.jpg
66,https://imgcdn1.gempundit.com/media/catalog/product/g/p/gp89245-2-101021.jpg
67,https://imgcdn1.gempundit.com/media/catalog/product/g/p/gp89209-1-101021.jpg
68,https://imgcdn1.gempundit.com/media/catalog/product/g/p/gp89209-2-101021.jpg
69,https://imgcdn1.gempundit.com/media/catalog/product/g/p/gp89239-1-101021.jpg
70,https://imgcdn1.gempundit.com/media/catalog/product/g/p/gp89239-2-101021.jpg
71,https://imgcdn1.gempundit.com/media/catalog/product/g/p/gp89217-1-101021.jpg
72,https://imgcdn1.gempundit.com/media/catalog/product/g/p/gp89217-2-101021.jpg
73,https://imgcdn1.gempundit.com/media/catalog/product/g/p/gp89211-1-101021.jpg
74,https://imgcdn1.gempundit.com/media/catalog/product/g/p/gp89211-2-101021.jpg
75,https://imgcdn1.gempundit.com/media/catalog/product/g/p/gp89181-1-101021.jpg
76,https://imgcdn1.gempundit.com/media/catalog/product/g/p/gp89181-2-101021.jpg
77,https://imgcdn1.gempundit.com/media/catalog/product/g/p/gp89237-1-101021.jpg
78,https://imgcdn1.gempundit.com/media/catalog/product/g/p/gp89237-2-101021.jpg
79,https://imgcdn1.gempundit.com/media/catalog/product/g/p/gp89184-1-101021.jpg
80,https://imgcdn1.gempundit.com/media/catalog/product/g/p/gp89184-2-101021.jpg
81,https://imgcdn1.gempundit.com/media/catalog/product/g/p/gp89240-1-101021.jpg
82,https://imgcdn1.gempundit.com/media/catalog/product/g/p/gp89240-2-101021.jpg
83,https://imgcdn1.gempundit.com/media/catalog/product/g/p/gp89198-1-101021.jpg
84,https://imgcdn1.gempundit.com/media/catalog/product/g/p/gp89198-2-101021.jpg
85,https://imgcdn1.gempundit.com/media/catalog/product/g/p/gp89235-1-101021.jpg
86,https://imgcdn1.gempundit.com/media/catalog/product/g/p/gp89235-2-101021.jpg
87,https://imgcdn1.gempundit.com/media/catalog/product/g/p/gp89180-1-101021.jpg
88,https://imgcdn1.gempundit.com/media/catalog/product/g/p/gp89180-2-101021.jpg
89,https://imgcdn1.gempundit.com/media/catalog/product/g/p/gp89190-1-101021.jpg
90,https://imgcdn1.gempundit.com/media/catalog/product/g/p/gp89190-2-101021.jpg
91,https://imgcdn1.gempundit.com/media/catalog/product/g/p/gp89236-1-101121.jpg
92,https://imgcdn1.gempundit.com/media/catalog/product/g/p/gp89236-2-101121.jpg
93,https://imgcdn1.gempundit.com/media/catalog/product/g/p/gp89236-3-101121.jpg
94,https://imgcdn1.gempundit.com/media/catalog/product/g/p/gp89231-1-101021.jpg
95,https://imgcdn1.gempundit.com/media/catalog/product/g/p/gp89231-2-101021.jpg
96,https://imgcdn1.gempundit.com/media/catalog/product/g/p/gp89207-1-101021.jpg
97,https://imgcdn1.gempundit.com/media/catalog/product/g/p/gp89207-2-101021.jpg
98,https://imgcdn1.gempundit.com/media/catalog/product/g/p/gp89208-1-101021.jpg
99,https://imgcdn1.gempundit.com/media/catalog/product/g/p/gp89208-2-101021.jpg
100,https://imgcdn1.gempundit.com/media/catalog/product/g/p/gp93823-1-190122.jpg
101,https://imgcdn1.gempundit.com/media/catalog/product/g/p/gp93823-2-190122.jpg
102,https://imgcdn1.gempundit.com/media/catalog/product/g/p/gp93823-3-190122.jpg
103,https://imgcdn1.gempundit.com/media/catalog/product/g/p/gp89185-1-101021.jpg
104,https://imgcdn1.gempundit.com/media/catalog/product/g/p/gp89185-2-101021.jpg
105,https://imgcdn1.gempundit.com/media/catalog/product/g/p/gp89230-1-101021.jpg
106,https://imgcdn1.gempundit.com/media/catalog/product/g/p/gp89230-2-101021.jpg
107,https://imgcdn1.gempundit.com/media/catalog/product/g/p/gp89202-1-101021.jpg
108,https://imgcdn1.gempundit.com/media/catalog/product/g/p/gp89202-2-101021.jpg
109,https://imgcdn1.gempundit.com/media/catalog/product/g/p/gp93826-1-190122.jpg
110,https://imgcdn1.gempundit.com/media/catalog/product/g/p/gp93826-2-190122.jpg
111,https://imgcdn1.gempundit.com/media/catalog/product/g/p/gp93826-3-190122.jpg
112,https://imgcdn1.gempundit.com/media/catalog/product/g/p/gp89210-1-101021.jpg
113,https://imgcdn1.gempundit.com/media/catalog/product/g/p/gp89210-2-101021.jpg
114,https://imgcdn1.gempundit.com/media/catalog/product/g/p/gp89204-1-101021.jpg
115,https://imgcdn1.gempundit.com/media/catalog/product/g/p/gp89204-2-101021.jpg
116,https://imgcdn1.gempundit.com/media/catalog/product/g/p/gp89199-1-101021.jpg
117,https://imgcdn1.gempundit.com/media/catalog/product/g/p/gp89199-2-101021.jpg
118,https://imgcdn1.gempundit.com/media/catalog/product/g/p/gp93822-1-190122.jpg
119,https://imgcdn1.gempundit.com/media/catalog/product/g/p/gp93822-2-190122.jpg
120,https://imgcdn1.gempundit.com/media/catalog/product/g/p/gp93822-3-190122.jpg
121,https://imgcdn1.gempundit.com/media/catalog/product/g/p/gp93818-1-190122.jpg
122,https://imgcdn1.gempundit.com/media/catalog/product/g/p/gp93818-2-190122.jpg
123,https://imgcdn1.gempundit.com/media/catalog/product/g/p/gp93818-3-190122.jpg
124,https://imgcdn1.gempundit.com/media/catalog/product/g/p/gp89200-1-101021.jpg
125,https://imgcdn1.gempundit.com/media/catalog/product/g/p/gp89200-2-101021.jpg
126,https://imgcdn1.gempundit.com/media/catalog/product/g/p/gp89206-1-101021.jpg
127,https://imgcdn1.gempundit.com/media/catalog/product/g/p/gp89206-2-101021.jpg
128,https://imgcdn1.gempundit.com/media/catalog/product/g/p/gp93825-1-190122.jpg
129,https://imgcdn1.gempundit.com/media/catalog/product/g/p/gp93825-2-190122.jpg
130,https://imgcdn1.gempundit.com/media/catalog/product/g/p/gp93825-3-190122.jpg
131,https://imgcdn1.gempundit.com/media/catalog/product/g/p/gp89191-1-101021.jpg
132,https://imgcdn1.gempundit.com/media/catalog/product/g/p/gp89191-2-101021.jpg
133,https://imgcdn1.gempundit.com/media/catalog/product/g/p/gp89232-1-101021.jpg
134,https://imgcdn1.gempundit.com/media/catalog/product/g/p/gp89232-2-101021.jpg
135,https://imgcdn1.gempundit.com/media/catalog/product/g/p/gp89234-1-101021.jpg
136,https://imgcdn1.gempundit.com/media/catalog/product/g/p/gp89234-2-101021.jpg
137,https://imgcdn1.gempundit.com/media/catalog/product/g/p/gp89205-1-101021.jpg
138,https://imgcdn1.gempundit.com/media/catalog/product/g/p/gp89205-2-101021.jpg
139,https://imgcdn1.gempundit.com/media/catalog/product/g/p/gp93827-1-190122.jpg
140,https://imgcdn1.gempundit.com/media/catalog/product/g/p/gp93827-2-190122.jpg
141,https://imgcdn1.gempundit.com/media/catalog/product/g/p/gp93827-3-190122.jpg
142,https://imgcdn1.gempundit.com/media/catalog/product/g/p/gp89196-1-101021.jpg
143,https://imgcdn1.gempundit.com/media/catalog/product/g/p/gp89196-2-101021.jpg
144,https://imgcdn1.gempundit.com/media/catalog/product/g/p/gp93824-1-190122.jpg
145,https://imgcdn1.gempundit.com/media/catalog/product/g/p/gp93824-2-190122.jpg
146,https://imgcdn1.gempundit.com/media/catalog/product/g/p/gp93824-3-190122.jpg
147,https://imgcdn1.gempundit.com/media/catalog/product/g/p/gp89188-1-101021.jpg
148,https://imgcdn1.gempundit.com/media/catalog/product/g/p/gp89188-2-101021.jpg
149,https://imgcdn1.gempundit.com/media/catalog/product/g/p/gp93820-1-190122.jpg
150,https://imgcdn1.gempundit.com/media/catalog/product/g/p/gp93820-2-190122.jpg
151,https://imgcdn1.gempundit.com/media/catalog/product/g/p/gp93820-3-190122.jpg
152,https://imgcdn1.gempundit.com/media/catalog/product/g/p/gp89248-1-101021.jpg
153,https://imgcdn1.gempundit.com/media/catalog/product/g/p/gp89248-2-101021.jpg
154,https://imgcdn1.gempundit.com/media/catalog/product/g/p/gp89250-1-101021.jpg
155,https://imgcdn1.gempundit.com/media/catalog/product/g/p/gp89250-2-101021.jpg
156,https://imgcdn1.gempundit.com/media/catalog/product/g/p/gp89197-1-101021.jpg
157,https://imgcdn1.gempundit.com/media/catalog/product/g/p/gp89197-2-101021.jpg
158,https://imgcdn1.gempundit.com/media/catalog/product/g/p/gp89195-1-101021.jpg
159,https://imgcdn1.gempundit.com/media/catalog/product/g/p/gp89195-2-101021.jpg
160,https://imgcdn1.gempundit.com/media/catalog/product/g/p/gp88914-1-101021.jpg
161,https://imgcdn1.gempundit.com/media/catalog/product/g/p/gp88914-2-101021.jpg
162,https://imgcdn1.gempundit.com/media/catalog/product/g/p/gp88914-3-101021.jpg
163,https://imgcdn1.gempundit.com/media/catalog/product/g/p/gp89260-1-101021.jpg
164,https://imgcdn1.gempundit.com/media/catalog/product/g/p/gp89260-2-101021.jpg
165,https://imgcdn1.gempundit.com/media/catalog/product/g/p/gp89247-1-101021.jpg
166,https://imgcdn1.gempundit.com/media/catalog/product/g/p/gp89247-2-101021.jpg
167,https://imgcdn1.gempundit.com/media/catalog/product/g/p/gp93833-1-190122.jpg
168,https://imgcdn1.gempundit.com/media/catalog/product/g/p/gp93833-2-190122.jpg
169,https://imgcdn1.gempundit.com/media/catalog/product/g/p/gp93833-3-190122.jpg
170,https://imgcdn1.gempundit.com/media/catalog/product/g/p/gp93832-1-190122.jpg
171,https://imgcdn1.gempundit.com/media/catalog/product/g/p/gp93832-2-190122.jpg
172,https://imgcdn1.gempundit.com/media/catalog/product/g/p/gp93832-3-190122.jpg
173,https://imgcdn1.gempundit.com/media/catalog/product/g/p/gp93830-1-190122.jpg
174,https://imgcdn1.gempundit.com/media/catalog/product/g/p/gp93830-2-190122.jpg
175,https://imgcdn1.gempundit.com/media/catalog/product/g/p/gp93830-3-190122.jpg
176,https://imgcdn1.gempundit.com/media/catalog/product/g/p/gp89249-1-101121.jpg
177,https://imgcdn1.gempundit.com/media/catalog/product/g/p/gp89249-2-101121.jpg
178,https://imgcdn1.gempundit.com/media/catalog/product/g/p/gp89249-3-101121.jpg
179,https://imgcdn1.gempundit.com/media/catalog/product/g/p/gp89193-1-101121.jpg
180,https://imgcdn1.gempundit.com/media/catalog/product/g/p/gp89193-2-101121.jpg
181,https://imgcdn1.gempundit.com/media/catalog/product/g/p/gp89193-3-101121.jpg
182,https://imgcdn1.gempundit.com/media/catalog/product/g/p/gp93857-1-190122.jpg
183,https://imgcdn1.gempundit.com/media/catalog/product/g/p/gp93857-2-190122.jpg
184,https://imgcdn1.gempundit.com/media/catalog/product/g/p/gp93857-3-190122.jpg
185,https://imgcdn1.gempundit.com/media/catalog/product/g/p/gp93828-1-190122.jpg
186,https://imgcdn1.gempundit.com/media/catalog/product/g/p/gp93828-2-190122.jpg
187,https://imgcdn1.gempundit.com/media/catalog/product/g/p/gp93828-3-190122.jpg
188,https://imgcdn1.gempundit.com/media/catalog/product/g/p/gp89233-1-101021.jpg
189,https://imgcdn1.gempundit.com/media/catalog/product/g/p/gp89233-2-101021.jpg
190,https://imgcdn1.gempundit.com/media/catalog/product/g/p/gp89192-1-101021.jpg
191,https://imgcdn1.gempundit.com/media/catalog/product/g/p/gp89192-2-101021.jpg
192,https://imgcdn1.gempundit.com/media/catalog/product/g/p/gp93850-1-210122.jpg
193,https://imgcdn1.gempundit.com/media/catalog/product/g/p/gp93850-2-210122.jpg
194,https://imgcdn1.gempundit.com/media/catalog/product/g/p/gp93850-3-210122.jpg
195,https://imgcdn1.gempundit.com/media/catalog/product/g/p/gp93831-1-190122.jpg
196,https://imgcdn1.gempundit.com/media/catalog/product/g/p/gp93831-2-190122.jpg
197,https://imgcdn1.gempundit.com/media/catalog/product/g/p/gp93831-3-190122.jpg
198,https://imgcdn1.gempundit.com/media/catalog/product/g/p/gp93829-1-190122.jpg
199,https://imgcdn1.gempundit.com/media/catalog/product/g/p/gp93829-2-190122.jpg
200,https://imgcdn1.gempundit.com/media/catalog/product/g/p/gp93829-3-190122.jpg
201,https://imgcdn1.gempundit.com/media/catalog/product/g/p/gp93861-1-190122.jpg
202,https://imgcdn1.gempundit.com/media/catalog/product/g/p/gp93861-2-190122.jpg
203,https://imgcdn1.gempundit.com/media/catalog/product/g/p/gp93861-3-190122.jpg
204,https://imgcdn1.gempundit.com/media/catalog/product/g/p/gp89183-1-101021.jpg
205,https://imgcdn1.gempundit.com/media/catalog/product/g/p/gp89183-2-101021.jpg
206,https://imgcdn1.gempundit.com/media/catalog/product/g/p/gp93847-1-210122.jpg
207,https://imgcdn1.gempundit.com/media/catalog/product/g/p/gp93847-2-210122.jpg
208,https://imgcdn1.gempundit.com/media/catalog/product/g/p/gp93847-3-210122.jpg
209,https://imgcdn1.gempundit.com/media/catalog/product/g/p/gp89246-1-101021.jpg
210,https://imgcdn1.gempundit.com/media/catalog/product/g/p/gp89246-2-101021.jpg
211,https://imgcdn1.gempundit.com/media/catalog/product/g/p/gp93835-1-190122.jpg
212,https://imgcdn1.gempundit.com/media/catalog/product/g/p/gp93835-2-190122.jpg
213,https://imgcdn1.gempundit.com/media/catalog/product/g/p/gp89186-1-101121.jpg
214,https://imgcdn1.gempundit.com/media/catalog/product/g/p/gp89186-2-101121.jpg
215,https://imgcdn1.gempundit.com/media/catalog/product/g/p/gp89186-3-101121.jpg
216,https://imgcdn1.gempundit.com/media/catalog/product/g/p/gp93840-1-210122.jpg
217,https://imgcdn1.gempundit.com/media/catalog/product/g/p/gp93840-2-210122.jpg
218,https://imgcdn1.gempundit.com/media/catalog/product/g/p/gp93840-3-210122.jpg
219,https://imgcdn1.gempundit.com/media/catalog/product/g/p/gp93845-1-210122.jpg
220,https://imgcdn1.gempundit.com/media/catalog/product/g/p/gp93845-2-210122.jpg
221,https://imgcdn1.gempundit.com/media/catalog/product/g/p/gp93845-3-210122.jpg
222,https://imgcdn1.gempundit.com/media/catalog/product/g/p/gp93834-1-190122.jpg
223,https://imgcdn1.gempundit.com/media/catalog/product/g/p/gp93834-2-190122.jpg
224,https://imgcdn1.gempundit.com/media/catalog/product/g/p/gp93834-3-190122.jpg
225,https://imgcdn1.gempundit.com/media/catalog/product/g/p/gp88908-1-41223.jpg
226,https://imgcdn1.gempundit.com/media/catalog/product/g/p/gp88908-2-41223.jpg
227,https://imgcdn1.gempundit.com/media/catalog/product/g/p/gp88908-3-41223.jpg
228,https://imgcdn1.gempundit.com/media/catalog/product/g/p/gp88916-1-41223.jpg
229,https://imgcdn1.gempundit.com/media/catalog/product/g/p/gp88916-2-41223.jpg
230,https://imgcdn1.gempundit.com/media/catalog/product/g/p/gp88916-3-41223.jpg
231,https://imgcdn1.gempundit.com/media/catalog/product/g/p/gp93836-1-210122.jpg
232,https://imgcdn1.gempundit.com/media/catalog/product/g/p/gp93836-2-210122.jpg
233,https://imgcdn1.gempundit.com/media/catalog/product/g/p/gp93836-3-210122.jpg
234,https://imgcdn1.gempundit.com/media/catalog/product/g/p/gp88917-1-41223.jpg
235,https://imgcdn1.gempundit.com/media/catalog/product/g/p/gp88917-3-41223.jpg
236,https://imgcdn1.gempundit.com/media/catalog/product/g/p/gp93844-1-210122.jpg
237,https://imgcdn1.gempundit.com/media/catalog/product/g/p/gp93844-2-210122.jpg
238,https://imgcdn1.gempundit.com/media/catalog/product/g/p/gp93844-3-210122.jpg
239,https://imgcdn1.gempundit.com/media/catalog/product/g/p/gp93843-1-210122.jpg
240,https://imgcdn1.gempundit.com/media/catalog/product/g/p/gp93843-2-210122.jpg
241,https://imgcdn1.gempundit.com/media/catalog/product/g/p/gp93843-3-210122.jpg
242,https://imgcdn1.gempundit.com/media/catalog/product/g/p/gp88915-1-41223.jpg
243,https://imgcdn1.gempundit.com/media/catalog/product/g/p/gp88915-2-41223.jpg
244,https://imgcdn1.gempundit.com/media/catalog/product/g/p/gp88915-3-41223.jpg
245,https://imgcdn1.gempundit.com/media/catalog/product/g/p/gp93837-1-210122.jpg
246,https://imgcdn1.gempundit.com/media/catalog/product/g/p/gp93837-2-210122.jpg
247,https://imgcdn1.gempundit.com/media/catalog/product/g/p/gp93842-1-210122.jpg
248,https://imgcdn1.gempundit.com/media/catalog/product/g/p/gp93842-2-210122.jpg
249,https://imgcdn1.gempundit.com/media/catalog/product/g/p/gp93842-3-210122.jpg
250,https://imgcdn1.gempundit.com/media/catalog/product/g/p/gp93846-1-210122.jpg
251,https://imgcdn1.gempundit.com/media/catalog/product/g/p/gp93846-2-210122.jpg
252,https://imgcdn1.gempundit.com/media/catalog/product/g/p/gp93846-3-210122.jpg
253,https://imgcdn1.gempundit.com/media/catalog/product/g/p/gp93838-1-210122.jpg
254,https://imgcdn1.gempundit.com/media/catalog/product/g/p/gp93838-2-210122.jpg
255,https://imgcdn1.gempundit.com/media/catalog/product/g/p/gp93838-3-210122.jpg
256,https://imgcdn1.gempundit.com/media/catalog/product/g/p/gp93841-1-210122.jpg
257,https://imgcdn1.gempundit.com/media/catalog/product/g/p/gp93841-2-210122.jpg
258,https://imgcdn1.gempundit.com/media/catalog/product/g/p/gp93841-3-210122.jpg
259,https://imgcdn1.gempundit.com/media/catalog/product/g/p/gp88902-1-41223.jpg
260,https://imgcdn1.gempundit.com/media/catalog/product/g/p/gp88902-2-41223.jpg
261,https://imgcdn1.gempundit.com/media/catalog/product/g/p/gp88902-3-41223.jpg
262,https://imgcdn1.gempundit.com/media/catalog/product/g/p/gp93839-1-210122.jpg
263,https://imgcdn1.gempundit.com/media/catalog/product/g/p/gp93839-2-210122.jpg
264,https://imgcdn1.gempundit.com/media/catalog/product/g/p/gp93839-3-210122.jpg
265,https://imgcdn1.gempundit.com/media/catalog/product/g/p/gp89012-1-101021.jpg
266,https://imgcdn1.gempundit.com/media/catalog/product/g/p/gp89012-2-101021.jpg
267,https://imgcdn1.gempundit.com/media/catalog/product/g/p/gp89012-3-101021.jpg
268,https://imgcdn1.gempundit.com/media/catalog/product/g/p/gp88918-1-211028.jpg
269,https://imgcdn1.gempundit.com/media/catalog/product/g/p/gp88918-2-211028.jpg
270,https://imgcdn1.gempundit.com/media/catalog/product/g/p/gp88918-3-211028.jpg
271,https://imgcdn1.gempundit.com/media/catalog/product/g/p/gp88906-1-101021.jpg
272,https://imgcdn1.gempundit.com/media/catalog/product/g/p/gp88906-2-101021.jpg
273,https://imgcdn1.gempundit.com/media/catalog/product/g/p/gp88906-3-101021.jpg
274,https://imgcdn1.gempundit.com/media/catalog/product/g/p/gp88907-2-101021.jpg
275,https://imgcdn1.gempundit.com/media/catalog/product/g/p/gp88907-5-101021.jpg
276,https://imgcdn1.gempundit.com/media/catalog/product/g/p/gp88907-3-101021.jpg
277,https://imgcdn1.gempundit.com/media/catalog/product/g/p/gp104539-1-170922_1.jpg
278,https://imgcdn1.gempundit.com/media/catalog/product/g/p/gp104539-2-170922_1.jpg
279,https://imgcdn1.gempundit.com/media/catalog/product/g/p/gp104539-3-170922_1.jpg
