,Lapis Lazuli
0,https://imgcdn1.gempundit.com/media/catalog/product/g/p/gp124350-1-210723.jpg
1,https://imgcdn1.gempundit.com/media/catalog/product/g/p/gp124350-2-210723.jpg
2,https://imgcdn1.gempundit.com/media/catalog/product/g/p/gp124350-3-210723.jpg
3,https://imgcdn1.gempundit.com/media/catalog/product/g/p/gp124359-1-210723.jpg
4,https://imgcdn1.gempundit.com/media/catalog/product/g/p/gp124359-2-210723.jpg
5,https://imgcdn1.gempundit.com/media/catalog/product/g/p/gp124359-3-210723.jpg
6,https://imgcdn1.gempundit.com/media/catalog/product/g/p/gp124308-1-210723.jpg
7,https://imgcdn1.gempundit.com/media/catalog/product/g/p/gp124308-2-210723.jpg
8,https://imgcdn1.gempundit.com/media/catalog/product/g/p/gp124308-3-210723.jpg
9,https://imgcdn1.gempundit.com/media/catalog/product/g/p/gp124324-1-210723.jpg
10,https://imgcdn1.gempundit.com/media/catalog/product/g/p/gp124324-2-210723.jpg
11,https://imgcdn1.gempundit.com/media/catalog/product/g/p/gp124324-3-210723.jpg
12,https://imgcdn1.gempundit.com/media/catalog/product/g/p/gp124328-1-210723.jpg
13,https://imgcdn1.gempundit.com/media/catalog/product/g/p/gp124328-2-210723.jpg
14,https://imgcdn1.gempundit.com/media/catalog/product/g/p/gp124328-3-210723.jpg
15,https://imgcdn1.gempundit.com/media/catalog/product/g/p/gp124307-1-210723.jpg
16,https://imgcdn1.gempundit.com/media/catalog/product/g/p/gp124307-2-210723.jpg
17,https://imgcdn1.gempundit.com/media/catalog/product/g/p/gp124307-3-210723.jpg
18,https://imgcdn1.gempundit.com/media/catalog/product/g/p/gp134922-1-310124.jpg
19,https://imgcdn1.gempundit.com/media/catalog/product/g/p/gp134922-2-310124.jpg
20,https://imgcdn1.gempundit.com/media/catalog/product/g/p/gp134922-3-310124.jpg
21,https://imgcdn1.gempundit.com/media/catalog/product/g/p/gp134964-1-10224.jpg
22,https://imgcdn1.gempundit.com/media/catalog/product/g/p/gp134964-2-10224.jpg
23,https://imgcdn1.gempundit.com/media/catalog/product/g/p/gp134964-3-10224.jpg
24,https://imgcdn1.gempundit.com/media/catalog/product/g/p/gp134920-1-310124.jpg
25,https://imgcdn1.gempundit.com/media/catalog/product/g/p/gp134920-2-310124.jpg
26,https://imgcdn1.gempundit.com/media/catalog/product/g/p/gp134920-3-310124.jpg
27,https://imgcdn1.gempundit.com/media/catalog/product/g/p/gp134929-1-310124.jpg
28,https://imgcdn1.gempundit.com/media/catalog/product/g/p/gp134929-2-310124.jpg
29,https://imgcdn1.gempundit.com/media/catalog/product/g/p/gp134929-3-310124.jpg
30,https://imgcdn1.gempundit.com/media/catalog/product/g/p/gp134916-1-310124.jpg
31,https://imgcdn1.gempundit.com/media/catalog/product/g/p/gp134916-2-310124.jpg
32,https://imgcdn1.gempundit.com/media/catalog/product/g/p/gp134916-3-310124.jpg
33,https://imgcdn1.gempundit.com/media/catalog/product/g/p/gp124349-1-210723.jpg
34,https://imgcdn1.gempundit.com/media/catalog/product/g/p/gp124349-2-210723.jpg
35,https://imgcdn1.gempundit.com/media/catalog/product/g/p/gp124349-3-210723.jpg
36,https://imgcdn1.gempundit.com/media/catalog/product/g/p/gp134802-1-300124.jpg
37,https://imgcdn1.gempundit.com/media/catalog/product/g/p/gp134802-2-300124.jpg
38,https://imgcdn1.gempundit.com/media/catalog/product/g/p/gp134802-3-300124.jpg
39,https://imgcdn1.gempundit.com/media/catalog/product/g/p/gp124361-1-210723.jpg
40,https://imgcdn1.gempundit.com/media/catalog/product/g/p/gp124361-2-210723.jpg
41,https://imgcdn1.gempundit.com/media/catalog/product/g/p/gp124361-3-210723.jpg
42,https://imgcdn1.gempundit.com/media/catalog/product/g/p/gp124340-1-210723.jpg
43,https://imgcdn1.gempundit.com/media/catalog/product/g/p/gp124340-2-210723.jpg
44,https://imgcdn1.gempundit.com/media/catalog/product/g/p/gp124340-3-210723.jpg
45,https://imgcdn1.gempundit.com/media/catalog/product/g/p/gp134966-1-10224.jpg
46,https://imgcdn1.gempundit.com/media/catalog/product/g/p/gp134966-2-10224.jpg
47,https://imgcdn1.gempundit.com/media/catalog/product/g/p/gp134966-3-10224.jpg
48,https://imgcdn1.gempundit.com/media/catalog/product/g/p/gp124345-1-210723.jpg
49,https://imgcdn1.gempundit.com/media/catalog/product/g/p/gp124345-2-210723.jpg
50,https://imgcdn1.gempundit.com/media/catalog/product/g/p/gp124345-3-210723.jpg
51,https://imgcdn1.gempundit.com/media/catalog/product/g/p/gp124329-1-210723.jpg
52,https://imgcdn1.gempundit.com/media/catalog/product/g/p/gp124329-2-210723.jpg
53,https://imgcdn1.gempundit.com/media/catalog/product/g/p/gp124329-3-210723.jpg
54,https://imgcdn1.gempundit.com/media/catalog/product/g/p/gp124379-1-210723.jpg
55,https://imgcdn1.gempundit.com/media/catalog/product/g/p/gp124379-2-210723.jpg
56,https://imgcdn1.gempundit.com/media/catalog/product/g/p/gp124379-3-210723.jpg
57,https://imgcdn1.gempundit.com/media/catalog/product/g/p/gp124321-1-210723.jpg
58,https://imgcdn1.gempundit.com/media/catalog/product/g/p/gp124321-2-210723.jpg
59,https://imgcdn1.gempundit.com/media/catalog/product/g/p/gp124321-3-210723.jpg
60,https://imgcdn1.gempundit.com/media/catalog/product/g/p/gp124326-1-210723.jpg
61,https://imgcdn1.gempundit.com/media/catalog/product/g/p/gp124326-2-210723.jpg
62,https://imgcdn1.gempundit.com/media/catalog/product/g/p/gp124326-3-210723.jpg
63,https://imgcdn1.gempundit.com/media/catalog/product/g/p/gp134914-1-310124.jpg
64,https://imgcdn1.gempundit.com/media/catalog/product/g/p/gp134914-2-310124.jpg
65,https://imgcdn1.gempundit.com/media/catalog/product/g/p/gp134914-3-310124.jpg
66,https://imgcdn1.gempundit.com/media/catalog/product/g/p/gp124355-1-210723.jpg
67,https://imgcdn1.gempundit.com/media/catalog/product/g/p/gp124355-2-210723.jpg
68,https://imgcdn1.gempundit.com/media/catalog/product/g/p/gp124355-3-210723.jpg
69,https://imgcdn1.gempundit.com/media/catalog/product/g/p/gp124385-1-210723.jpg
70,https://imgcdn1.gempundit.com/media/catalog/product/g/p/gp124385-2-210723.jpg
71,https://imgcdn1.gempundit.com/media/catalog/product/g/p/gp124385-3-210723.jpg
72,https://imgcdn1.gempundit.com/media/catalog/product/g/p/gp124364-1-210723.jpg
73,https://imgcdn1.gempundit.com/media/catalog/product/g/p/gp124364-2-210723.jpg
74,https://imgcdn1.gempundit.com/media/catalog/product/g/p/gp124364-3-210723.jpg
75,https://imgcdn1.gempundit.com/media/catalog/product/g/p/gp134936-1-310124.jpg
76,https://imgcdn1.gempundit.com/media/catalog/product/g/p/gp134936-2-310124.jpg
77,https://imgcdn1.gempundit.com/media/catalog/product/g/p/gp134936-3-310124.jpg
78,https://imgcdn1.gempundit.com/media/catalog/product/g/p/gp134962-1-10224.jpg
79,https://imgcdn1.gempundit.com/media/catalog/product/g/p/gp134962-2-10224.jpg
80,https://imgcdn1.gempundit.com/media/catalog/product/g/p/gp134962-3-10224.jpg
81,https://imgcdn1.gempundit.com/media/catalog/product/g/p/gp134913-1-310124.jpg
82,https://imgcdn1.gempundit.com/media/catalog/product/g/p/gp134913-2-310124.jpg
83,https://imgcdn1.gempundit.com/media/catalog/product/g/p/gp134913-3-310124.jpg
84,https://imgcdn1.gempundit.com/media/catalog/product/g/p/gp124335-1-210723.jpg
85,https://imgcdn1.gempundit.com/media/catalog/product/g/p/gp124335-2-210723.jpg
86,https://imgcdn1.gempundit.com/media/catalog/product/g/p/gp124335-3-210723.jpg
87,https://imgcdn1.gempundit.com/media/catalog/product/g/p/gp124388-1-210723.jpg
88,https://imgcdn1.gempundit.com/media/catalog/product/g/p/gp124388-2-210723.jpg
89,https://imgcdn1.gempundit.com/media/catalog/product/g/p/gp124388-3-210723.jpg
90,https://imgcdn1.gempundit.com/media/catalog/product/g/p/gp124312-1-210723.jpg
91,https://imgcdn1.gempundit.com/media/catalog/product/g/p/gp124312-2-210723.jpg
92,https://imgcdn1.gempundit.com/media/catalog/product/g/p/gp124312-3-210723.jpg
93,https://imgcdn1.gempundit.com/media/catalog/product/g/p/gp127282-1-250823.jpg
94,https://imgcdn1.gempundit.com/media/catalog/product/g/p/gp127282-2-250823.jpg
95,https://imgcdn1.gempundit.com/media/catalog/product/g/p/gp127282-3-250823.jpg
96,https://imgcdn1.gempundit.com/media/catalog/product/g/p/gp134797-1-300124.jpg
97,https://imgcdn1.gempundit.com/media/catalog/product/g/p/gp134797-2-300124.jpg
98,https://imgcdn1.gempundit.com/media/catalog/product/g/p/gp134797-3-300124.jpg
99,https://imgcdn1.gempundit.com/media/catalog/product/g/p/gp124352-1-210723.jpg
100,https://imgcdn1.gempundit.com/media/catalog/product/g/p/gp124352-2-210723.jpg
101,https://imgcdn1.gempundit.com/media/catalog/product/g/p/gp124352-3-210723.jpg
102,https://imgcdn1.gempundit.com/media/catalog/product/g/p/gp124347-1-210723.jpg
103,https://imgcdn1.gempundit.com/media/catalog/product/g/p/gp124347-2-210723.jpg
104,https://imgcdn1.gempundit.com/media/catalog/product/g/p/gp124347-3-210723.jpg
105,https://imgcdn1.gempundit.com/media/catalog/product/g/p/gp124319-1-210723.jpg
106,https://imgcdn1.gempundit.com/media/catalog/product/g/p/gp124319-2-210723.jpg
107,https://imgcdn1.gempundit.com/media/catalog/product/g/p/gp124319-3-210723.jpg
108,https://imgcdn1.gempundit.com/media/catalog/product/g/p/gp124303-1-210723.jpg
109,https://imgcdn1.gempundit.com/media/catalog/product/g/p/gp124303-2-210723.jpg
110,https://imgcdn1.gempundit.com/media/catalog/product/g/p/gp124303-3-210723.jpg
111,https://imgcdn1.gempundit.com/media/catalog/product/g/p/gp134930-1-310124.jpg
112,https://imgcdn1.gempundit.com/media/catalog/product/g/p/gp134930-2-310124.jpg
113,https://imgcdn1.gempundit.com/media/catalog/product/g/p/gp134930-3-310124.jpg
114,https://imgcdn1.gempundit.com/media/catalog/product/g/p/gp124302-1-210723.jpg
115,https://imgcdn1.gempundit.com/media/catalog/product/g/p/gp124302-2-210723.jpg
116,https://imgcdn1.gempundit.com/media/catalog/product/g/p/gp124302-3-210723.jpg
117,https://imgcdn1.gempundit.com/media/catalog/product/g/p/gp124353-1-210723.jpg
118,https://imgcdn1.gempundit.com/media/catalog/product/g/p/gp124353-2-210723.jpg
119,https://imgcdn1.gempundit.com/media/catalog/product/g/p/gp124353-3-210723.jpg
120,https://imgcdn1.gempundit.com/media/catalog/product/g/p/gp124374-1-210723.jpg
121,https://imgcdn1.gempundit.com/media/catalog/product/g/p/gp124374-2-210723.jpg
122,https://imgcdn1.gempundit.com/media/catalog/product/g/p/gp124374-3-210723.jpg
123,https://imgcdn1.gempundit.com/media/catalog/product/g/p/gp124354-1-210723.jpg
124,https://imgcdn1.gempundit.com/media/catalog/product/g/p/gp124354-2-210723.jpg
125,https://imgcdn1.gempundit.com/media/catalog/product/g/p/gp124354-3-210723.jpg
126,https://imgcdn1.gempundit.com/media/catalog/product/g/p/gp134932-1-310124.jpg
127,https://imgcdn1.gempundit.com/media/catalog/product/g/p/gp134932-2-310124.jpg
128,https://imgcdn1.gempundit.com/media/catalog/product/g/p/gp134932-3-310124.jpg
129,https://imgcdn1.gempundit.com/media/catalog/product/g/p/gp124310-1-210723.jpg
130,https://imgcdn1.gempundit.com/media/catalog/product/g/p/gp124310-2-210723.jpg
131,https://imgcdn1.gempundit.com/media/catalog/product/g/p/gp124310-3-210723.jpg
132,https://imgcdn1.gempundit.com/media/catalog/product/g/p/gp134801-1-300124.jpg
133,https://imgcdn1.gempundit.com/media/catalog/product/g/p/gp134801-2-300124.jpg
134,https://imgcdn1.gempundit.com/media/catalog/product/g/p/gp134801-3-300124.jpg
135,https://imgcdn1.gempundit.com/media/catalog/product/g/p/gp134965-1-10224.jpg
136,https://imgcdn1.gempundit.com/media/catalog/product/g/p/gp134965-2-10224.jpg
137,https://imgcdn1.gempundit.com/media/catalog/product/g/p/gp134965-3-10224.jpg
138,https://imgcdn1.gempundit.com/media/catalog/product/g/p/gp124363-1-210723.jpg
139,https://imgcdn1.gempundit.com/media/catalog/product/g/p/gp124363-2-210723.jpg
140,https://imgcdn1.gempundit.com/media/catalog/product/g/p/gp124363-3-210723.jpg
141,https://imgcdn1.gempundit.com/media/catalog/product/g/p/gp134938-1-310124.jpg
142,https://imgcdn1.gempundit.com/media/catalog/product/g/p/gp134938-2-310124.jpg
143,https://imgcdn1.gempundit.com/media/catalog/product/g/p/gp134938-3-310124.jpg
144,https://imgcdn1.gempundit.com/media/catalog/product/g/p/gp124336-1-210723.jpg
145,https://imgcdn1.gempundit.com/media/catalog/product/g/p/gp124336-2-210723.jpg
146,https://imgcdn1.gempundit.com/media/catalog/product/g/p/gp124336-3-210723.jpg
147,https://imgcdn1.gempundit.com/media/catalog/product/g/p/gp124343-1-210723.jpg
148,https://imgcdn1.gempundit.com/media/catalog/product/g/p/gp124343-2-210723.jpg
149,https://imgcdn1.gempundit.com/media/catalog/product/g/p/gp124343-3-210723.jpg
150,https://imgcdn1.gempundit.com/media/catalog/product/g/p/gp134960-1-10224.jpg
151,https://imgcdn1.gempundit.com/media/catalog/product/g/p/gp134960-2-10224.jpg
152,https://imgcdn1.gempundit.com/media/catalog/product/g/p/gp134960-3-10224.jpg
153,https://imgcdn1.gempundit.com/media/catalog/product/g/p/gp134798-1-300124.jpg
154,https://imgcdn1.gempundit.com/media/catalog/product/g/p/gp134798-2-300124.jpg
155,https://imgcdn1.gempundit.com/media/catalog/product/g/p/gp134798-3-300124.jpg
156,https://imgcdn1.gempundit.com/media/catalog/product/g/p/gp134963-1-10224.jpg
157,https://imgcdn1.gempundit.com/media/catalog/product/g/p/gp134963-2-10224.jpg
158,https://imgcdn1.gempundit.com/media/catalog/product/g/p/gp134963-3-10224.jpg
159,https://imgcdn1.gempundit.com/media/catalog/product/g/p/gp134928-1-310124.jpg
160,https://imgcdn1.gempundit.com/media/catalog/product/g/p/gp134928-2-310124.jpg
161,https://imgcdn1.gempundit.com/media/catalog/product/g/p/gp134928-3-310124.jpg
162,https://imgcdn1.gempundit.com/media/catalog/product/g/p/gp124372-1-210723.jpg
163,https://imgcdn1.gempundit.com/media/catalog/product/g/p/gp124372-2-210723.jpg
164,https://imgcdn1.gempundit.com/media/catalog/product/g/p/gp124372-3-210723.jpg
165,https://imgcdn1.gempundit.com/media/catalog/product/g/p/gp134968-1-10224.jpg
166,https://imgcdn1.gempundit.com/media/catalog/product/g/p/gp134968-2-10224.jpg
167,https://imgcdn1.gempundit.com/media/catalog/product/g/p/gp134968-3-10224.jpg
168,https://imgcdn1.gempundit.com/media/catalog/product/g/p/gp134961-1-10224.jpg
169,https://imgcdn1.gempundit.com/media/catalog/product/g/p/gp134961-2-10224.jpg
170,https://imgcdn1.gempundit.com/media/catalog/product/g/p/gp134961-3-10224.jpg
171,https://imgcdn1.gempundit.com/media/catalog/product/g/p/gp134799-1-300124.jpg
172,https://imgcdn1.gempundit.com/media/catalog/product/g/p/gp134799-2-300124.jpg
173,https://imgcdn1.gempundit.com/media/catalog/product/g/p/gp134799-3-300124.jpg
174,https://imgcdn1.gempundit.com/media/catalog/product/g/p/gp134934-1-310124.jpg
175,https://imgcdn1.gempundit.com/media/catalog/product/g/p/gp134934-2-310124.jpg
176,https://imgcdn1.gempundit.com/media/catalog/product/g/p/gp134934-3-310124.jpg
177,https://imgcdn1.gempundit.com/media/catalog/product/g/p/gp124305-1-210723.jpg
178,https://imgcdn1.gempundit.com/media/catalog/product/g/p/gp124305-2-210723.jpg
179,https://imgcdn1.gempundit.com/media/catalog/product/g/p/gp124305-3-210723.jpg
180,https://imgcdn1.gempundit.com/media/catalog/product/g/p/gp134959-1-10224.jpg
181,https://imgcdn1.gempundit.com/media/catalog/product/g/p/gp134959-2-10224.jpg
182,https://imgcdn1.gempundit.com/media/catalog/product/g/p/gp134959-3-10224.jpg
183,https://imgcdn1.gempundit.com/media/catalog/product/g/p/gp134937-1-310124.jpg
184,https://imgcdn1.gempundit.com/media/catalog/product/g/p/gp134937-2-310124.jpg
185,https://imgcdn1.gempundit.com/media/catalog/product/g/p/gp134937-3-310124.jpg
186,https://imgcdn1.gempundit.com/media/catalog/product/g/p/gp124369-1-210723.jpg
187,https://imgcdn1.gempundit.com/media/catalog/product/g/p/gp124369-2-210723.jpg
188,https://imgcdn1.gempundit.com/media/catalog/product/g/p/gp124369-3-210723.jpg
189,https://imgcdn1.gempundit.com/media/catalog/product/g/p/gp124327-1-210723.jpg
190,https://imgcdn1.gempundit.com/media/catalog/product/g/p/gp124327-2-210723.jpg
191,https://imgcdn1.gempundit.com/media/catalog/product/g/p/gp124327-3-210723.jpg
192,https://imgcdn1.gempundit.com/media/catalog/product/g/p/gp124320-1-210723.jpg
193,https://imgcdn1.gempundit.com/media/catalog/product/g/p/gp124320-2-210723.jpg
194,https://imgcdn1.gempundit.com/media/catalog/product/g/p/gp124320-3-210723.jpg
195,https://imgcdn1.gempundit.com/media/catalog/product/g/p/gp124370-1-210723.jpg
196,https://imgcdn1.gempundit.com/media/catalog/product/g/p/gp124370-2-210723.jpg
197,https://imgcdn1.gempundit.com/media/catalog/product/g/p/gp124370-3-210723.jpg
198,https://imgcdn1.gempundit.com/media/catalog/product/g/p/gp134803-1-300124.jpg
199,https://imgcdn1.gempundit.com/media/catalog/product/g/p/gp134803-2-300124.jpg
200,https://imgcdn1.gempundit.com/media/catalog/product/g/p/gp134803-3-300124.jpg
201,https://imgcdn1.gempundit.com/media/catalog/product/g/p/gp124316-1-210723.jpg
202,https://imgcdn1.gempundit.com/media/catalog/product/g/p/gp124316-2-210723.jpg
203,https://imgcdn1.gempundit.com/media/catalog/product/g/p/gp124316-3-210723.jpg
204,https://imgcdn1.gempundit.com/media/catalog/product/g/p/gp124300-1-210723.jpg
205,https://imgcdn1.gempundit.com/media/catalog/product/g/p/gp124300-2-210723.jpg
206,https://imgcdn1.gempundit.com/media/catalog/product/g/p/gp124300-3-210723.jpg
207,https://imgcdn1.gempundit.com/media/catalog/product/g/p/gp134919-1-310124.jpg
208,https://imgcdn1.gempundit.com/media/catalog/product/g/p/gp134919-2-310124.jpg
209,https://imgcdn1.gempundit.com/media/catalog/product/g/p/gp134919-3-310124.jpg
210,https://imgcdn1.gempundit.com/media/catalog/product/g/p/gp134956-1-10224.jpg
211,https://imgcdn1.gempundit.com/media/catalog/product/g/p/gp134956-2-10224.jpg
212,https://imgcdn1.gempundit.com/media/catalog/product/g/p/gp134956-3-10224.jpg
213,https://imgcdn1.gempundit.com/media/catalog/product/g/p/gp74991-1-020221.jpg
214,https://imgcdn1.gempundit.com/media/catalog/product/g/p/gp74991-2-020221.jpg
215,https://imgcdn1.gempundit.com/media/catalog/product/g/p/gp134941-1-310124.jpg
216,https://imgcdn1.gempundit.com/media/catalog/product/g/p/gp134941-2-310124.jpg
217,https://imgcdn1.gempundit.com/media/catalog/product/g/p/gp134941-3-310124.jpg
218,https://imgcdn1.gempundit.com/media/catalog/product/g/p/gp134917-1-310124.jpg
219,https://imgcdn1.gempundit.com/media/catalog/product/g/p/gp134917-2-310124.jpg
220,https://imgcdn1.gempundit.com/media/catalog/product/g/p/gp134917-3-310124.jpg
221,https://imgcdn1.gempundit.com/media/catalog/product/g/p/gp124346-1-210723.jpg
222,https://imgcdn1.gempundit.com/media/catalog/product/g/p/gp124346-2-210723.jpg
223,https://imgcdn1.gempundit.com/media/catalog/product/g/p/gp124346-3-210723.jpg
224,https://imgcdn1.gempundit.com/media/catalog/product/g/p/gp135002-1-60224.jpg
225,https://imgcdn1.gempundit.com/media/catalog/product/g/p/gp135002-2-60224.jpg
226,https://imgcdn1.gempundit.com/media/catalog/product/g/p/gp135002-3-60224.jpg
227,https://imgcdn1.gempundit.com/media/catalog/product/g/p/gp124383-1-210723.jpg
228,https://imgcdn1.gempundit.com/media/catalog/product/g/p/gp124383-2-210723.jpg
229,https://imgcdn1.gempundit.com/media/catalog/product/g/p/gp124383-3-210723.jpg
230,https://imgcdn1.gempundit.com/media/catalog/product/g/p/gp134910-1-310124.jpg
231,https://imgcdn1.gempundit.com/media/catalog/product/g/p/gp134910-2-310124.jpg
232,https://imgcdn1.gempundit.com/media/catalog/product/g/p/gp134910-3-310124.jpg
233,https://imgcdn1.gempundit.com/media/catalog/product/g/p/gp134967-1-10224.jpg
234,https://imgcdn1.gempundit.com/media/catalog/product/g/p/gp134967-2-10224.jpg
235,https://imgcdn1.gempundit.com/media/catalog/product/g/p/gp134967-3-10224.jpg
236,https://imgcdn1.gempundit.com/media/catalog/product/g/p/gp134923-1-310124.jpg
237,https://imgcdn1.gempundit.com/media/catalog/product/g/p/gp134923-2-310124.jpg
238,https://imgcdn1.gempundit.com/media/catalog/product/g/p/gp134923-3-310124.jpg
239,https://imgcdn1.gempundit.com/media/catalog/product/g/p/gp134940-1-310124.jpg
240,https://imgcdn1.gempundit.com/media/catalog/product/g/p/gp134940-2-310124.jpg
241,https://imgcdn1.gempundit.com/media/catalog/product/g/p/gp134940-3-310124.jpg
242,https://imgcdn1.gempundit.com/media/catalog/product/g/p/gp124306-1-210723.jpg
243,https://imgcdn1.gempundit.com/media/catalog/product/g/p/gp124306-2-210723.jpg
244,https://imgcdn1.gempundit.com/media/catalog/product/g/p/gp124306-3-210723.jpg
245,https://imgcdn1.gempundit.com/media/catalog/product/g/p/gp124318-1-210723.jpg
246,https://imgcdn1.gempundit.com/media/catalog/product/g/p/gp124318-2-210723.jpg
247,https://imgcdn1.gempundit.com/media/catalog/product/g/p/gp124318-3-210723.jpg
248,https://imgcdn1.gempundit.com/media/catalog/product/g/p/gp135001-1-60224.jpg
249,https://imgcdn1.gempundit.com/media/catalog/product/g/p/gp135001-2-60224.jpg
250,https://imgcdn1.gempundit.com/media/catalog/product/g/p/gp135001-3-60224.jpg
251,https://imgcdn1.gempundit.com/media/catalog/product/g/p/gp124313-1-210723.jpg
252,https://imgcdn1.gempundit.com/media/catalog/product/g/p/gp124313-2-210723.jpg
253,https://imgcdn1.gempundit.com/media/catalog/product/g/p/gp124313-3-210723.jpg
254,https://imgcdn1.gempundit.com/media/catalog/product/g/p/gp134969-1-10224.jpg
255,https://imgcdn1.gempundit.com/media/catalog/product/g/p/gp134969-2-10224.jpg
256,https://imgcdn1.gempundit.com/media/catalog/product/g/p/gp134969-3-10224.jpg
257,https://imgcdn1.gempundit.com/media/catalog/product/g/p/gp124348-1-210723.jpg
258,https://imgcdn1.gempundit.com/media/catalog/product/g/p/gp124348-2-210723.jpg
259,https://imgcdn1.gempundit.com/media/catalog/product/g/p/gp124348-3-210723.jpg
260,https://imgcdn1.gempundit.com/media/catalog/product/g/p/gp134800-1-300124.jpg
261,https://imgcdn1.gempundit.com/media/catalog/product/g/p/gp134800-2-300124.jpg
262,https://imgcdn1.gempundit.com/media/catalog/product/g/p/gp134800-3-300124.jpg
263,https://imgcdn1.gempundit.com/media/catalog/product/g/p/gp134925-1-310124.jpg
264,https://imgcdn1.gempundit.com/media/catalog/product/g/p/gp134925-2-310124.jpg
265,https://imgcdn1.gempundit.com/media/catalog/product/g/p/gp134925-3-310124.jpg
266,https://imgcdn1.gempundit.com/media/catalog/product/g/p/gp124375-1-210723.jpg
267,https://imgcdn1.gempundit.com/media/catalog/product/g/p/gp124375-2-210723.jpg
268,https://imgcdn1.gempundit.com/media/catalog/product/g/p/gp124375-3-210723.jpg
269,https://imgcdn1.gempundit.com/media/catalog/product/g/p/gp124332-1-210723.jpg
270,https://imgcdn1.gempundit.com/media/catalog/product/g/p/gp124332-2-210723.jpg
271,https://imgcdn1.gempundit.com/media/catalog/product/g/p/gp124332-3-210723.jpg
272,https://imgcdn1.gempundit.com/media/catalog/product/g/p/gp134924-1-310124.jpg
273,https://imgcdn1.gempundit.com/media/catalog/product/g/p/gp134924-2-310124.jpg
274,https://imgcdn1.gempundit.com/media/catalog/product/g/p/gp134924-3-310124.jpg
275,https://imgcdn1.gempundit.com/media/catalog/product/g/p/gp134912-1-310124.jpg
276,https://imgcdn1.gempundit.com/media/catalog/product/g/p/gp134912-2-310124.jpg
277,https://imgcdn1.gempundit.com/media/catalog/product/g/p/gp134912-3-310124.jpg
278,https://imgcdn1.gempundit.com/media/catalog/product/g/p/gp134918-1-310124.jpg
279,https://imgcdn1.gempundit.com/media/catalog/product/g/p/gp134918-2-310124.jpg
280,https://imgcdn1.gempundit.com/media/catalog/product/g/p/gp134918-3-310124.jpg
281,https://imgcdn1.gempundit.com/media/catalog/product/g/p/gp134939-1-310124.jpg
282,https://imgcdn1.gempundit.com/media/catalog/product/g/p/gp134939-2-310124.jpg
283,https://imgcdn1.gempundit.com/media/catalog/product/g/p/gp134939-3-310124.jpg
284,https://imgcdn1.gempundit.com/media/catalog/product/g/p/gp124338-1-210723.jpg
285,https://imgcdn1.gempundit.com/media/catalog/product/g/p/gp124338-2-210723.jpg
286,https://imgcdn1.gempundit.com/media/catalog/product/g/p/gp124338-3-210723.jpg
287,https://imgcdn1.gempundit.com/media/catalog/product/g/p/gp124381-1-210723.jpg
288,https://imgcdn1.gempundit.com/media/catalog/product/g/p/gp124381-2-210723.jpg
289,https://imgcdn1.gempundit.com/media/catalog/product/g/p/gp124381-3-210723.jpg
290,https://imgcdn1.gempundit.com/media/catalog/product/g/p/gp124387-1-210723.jpg
291,https://imgcdn1.gempundit.com/media/catalog/product/g/p/gp124387-2-210723.jpg
292,https://imgcdn1.gempundit.com/media/catalog/product/g/p/gp124387-3-210723.jpg
293,https://imgcdn1.gempundit.com/media/catalog/product/g/p/gp134927-1-310124.jpg
294,https://imgcdn1.gempundit.com/media/catalog/product/g/p/gp134927-2-310124.jpg
295,https://imgcdn1.gempundit.com/media/catalog/product/g/p/gp134927-3-310124.jpg
296,https://imgcdn1.gempundit.com/media/catalog/product/g/p/gp124380-1-210723.jpg
297,https://imgcdn1.gempundit.com/media/catalog/product/g/p/gp124380-2-210723.jpg
298,https://imgcdn1.gempundit.com/media/catalog/product/g/p/gp124380-3-210723.jpg
299,https://imgcdn1.gempundit.com/media/catalog/product/g/p/gp124323-1-210723.jpg
300,https://imgcdn1.gempundit.com/media/catalog/product/g/p/gp124323-2-210723.jpg
301,https://imgcdn1.gempundit.com/media/catalog/product/g/p/gp124323-3-210723.jpg
302,https://imgcdn1.gempundit.com/media/catalog/product/g/p/gp134804-1-300124.jpg
303,https://imgcdn1.gempundit.com/media/catalog/product/g/p/gp134804-2-300124.jpg
304,https://imgcdn1.gempundit.com/media/catalog/product/g/p/gp134804-3-300124.jpg
305,https://imgcdn1.gempundit.com/media/catalog/product/g/p/gp134915-1-310124.jpg
306,https://imgcdn1.gempundit.com/media/catalog/product/g/p/gp134915-2-310124.jpg
307,https://imgcdn1.gempundit.com/media/catalog/product/g/p/gp134915-3-310124.jpg
308,https://imgcdn1.gempundit.com/media/catalog/product/g/p/gp134957-1-10224.jpg
309,https://imgcdn1.gempundit.com/media/catalog/product/g/p/gp134957-2-10224.jpg
310,https://imgcdn1.gempundit.com/media/catalog/product/g/p/gp134957-3-10224.jpg
311,https://imgcdn1.gempundit.com/media/catalog/product/g/p/gp134942-1-310124.jpg
312,https://imgcdn1.gempundit.com/media/catalog/product/g/p/gp134942-2-310124.jpg
313,https://imgcdn1.gempundit.com/media/catalog/product/g/p/gp134942-3-310124.jpg
314,https://imgcdn1.gempundit.com/media/catalog/product/g/p/gp124301-1-210723.jpg
315,https://imgcdn1.gempundit.com/media/catalog/product/g/p/gp124301-2-210723.jpg
316,https://imgcdn1.gempundit.com/media/catalog/product/g/p/gp124301-3-210723.jpg
317,https://imgcdn1.gempundit.com/media/catalog/product/g/p/gp134909-1-310124.jpg
318,https://imgcdn1.gempundit.com/media/catalog/product/g/p/gp134909-2-310124.jpg
319,https://imgcdn1.gempundit.com/media/catalog/product/g/p/gp134909-3-310124.jpg
320,https://imgcdn1.gempundit.com/media/catalog/product/g/p/gp124315-1-210723.jpg
321,https://imgcdn1.gempundit.com/media/catalog/product/g/p/gp124315-2-210723.jpg
322,https://imgcdn1.gempundit.com/media/catalog/product/g/p/gp124315-3-210723.jpg
323,https://imgcdn1.gempundit.com/media/catalog/product/g/p/gp134926-1-310124.jpg
324,https://imgcdn1.gempundit.com/media/catalog/product/g/p/gp134926-2-310124.jpg
325,https://imgcdn1.gempundit.com/media/catalog/product/g/p/gp134926-3-310124.jpg
326,https://imgcdn1.gempundit.com/media/catalog/product/g/p/gp134931-1-310124.jpg
327,https://imgcdn1.gempundit.com/media/catalog/product/g/p/gp134931-2-310124.jpg
328,https://imgcdn1.gempundit.com/media/catalog/product/g/p/gp134931-3-310124.jpg
329,https://imgcdn1.gempundit.com/media/catalog/product/g/p/gp124362-1-210723.jpg
330,https://imgcdn1.gempundit.com/media/catalog/product/g/p/gp124362-2-210723.jpg
331,https://imgcdn1.gempundit.com/media/catalog/product/g/p/gp124362-3-210723.jpg
332,https://imgcdn1.gempundit.com/media/catalog/product/g/p/gp134933-1-310124.jpg
333,https://imgcdn1.gempundit.com/media/catalog/product/g/p/gp134933-2-310124.jpg
334,https://imgcdn1.gempundit.com/media/catalog/product/g/p/gp134933-3-310124.jpg
335,https://imgcdn1.gempundit.com/media/catalog/product/g/p/gp124376-1-210723.jpg
336,https://imgcdn1.gempundit.com/media/catalog/product/g/p/gp124376-2-210723.jpg
337,https://imgcdn1.gempundit.com/media/catalog/product/g/p/gp124376-3-210723.jpg
338,https://imgcdn1.gempundit.com/media/catalog/product/g/p/gp134921-1-310124.jpg
339,https://imgcdn1.gempundit.com/media/catalog/product/g/p/gp134921-2-310124.jpg
340,https://imgcdn1.gempundit.com/media/catalog/product/g/p/gp134921-3-310124.jpg
341,https://imgcdn1.gempundit.com/media/catalog/product/g/p/gp124382-1-210723.jpg
342,https://imgcdn1.gempundit.com/media/catalog/product/g/p/gp124382-2-210723.jpg
343,https://imgcdn1.gempundit.com/media/catalog/product/g/p/gp124382-3-210723.jpg
344,https://imgcdn1.gempundit.com/media/catalog/product/g/p/gp124377-1-210723.jpg
345,https://imgcdn1.gempundit.com/media/catalog/product/g/p/gp124377-2-210723.jpg
346,https://imgcdn1.gempundit.com/media/catalog/product/g/p/gp124377-3-210723.jpg
347,https://imgcdn1.gempundit.com/media/catalog/product/g/p/gp124367-1-210723.jpg
348,https://imgcdn1.gempundit.com/media/catalog/product/g/p/gp124367-2-210723.jpg
349,https://imgcdn1.gempundit.com/media/catalog/product/g/p/gp124367-3-210723.jpg
350,https://imgcdn1.gempundit.com/media/catalog/product/g/p/gp124365-1-210723.jpg
351,https://imgcdn1.gempundit.com/media/catalog/product/g/p/gp124365-2-210723.jpg
352,https://imgcdn1.gempundit.com/media/catalog/product/g/p/gp124365-3-210723.jpg
353,https://imgcdn1.gempundit.com/media/catalog/product/g/p/gp124351-1-210723.jpg
354,https://imgcdn1.gempundit.com/media/catalog/product/g/p/gp124351-2-210723.jpg
355,https://imgcdn1.gempundit.com/media/catalog/product/g/p/gp124351-3-210723.jpg
