,Pink Sapphire
0,https://imgcdn1.gempundit.com/media/catalog/product/g/p/gp112720-1-170323.jpg
1,https://imgcdn1.gempundit.com/media/catalog/product/g/p/gp112720-2-170323.jpg
2,https://imgcdn1.gempundit.com/media/catalog/product/g/p/gp112720-3-170323.jpg
3,https://imgcdn1.gempundit.com/media/catalog/product/g/p/gp112295-1-160323.jpg
4,https://imgcdn1.gempundit.com/media/catalog/product/g/p/gp112295-2-160323.jpg
5,https://imgcdn1.gempundit.com/media/catalog/product/g/p/gp112295-3-160323.jpg
6,https://imgcdn1.gempundit.com/media/catalog/product/g/p/gp115170-1-300323.jpg
7,https://imgcdn1.gempundit.com/media/catalog/product/g/p/gp115170-2-300323.jpg
8,https://imgcdn1.gempundit.com/media/catalog/product/g/p/gp115170-3-300323.jpg
9,https://imgcdn1.gempundit.com/media/catalog/product/g/p/gp108489-1-161222.jpg
10,https://imgcdn1.gempundit.com/media/catalog/product/g/p/gp108489-2-161222.jpg
11,https://imgcdn1.gempundit.com/media/catalog/product/g/p/gp108489-3-161222.jpg
12,https://imgcdn1.gempundit.com/media/catalog/product/g/p/gp116491-1-180423.jpg
13,https://imgcdn1.gempundit.com/media/catalog/product/g/p/gp116491-2-180423.jpg
14,https://imgcdn1.gempundit.com/media/catalog/product/g/p/gp116491-3-180423.jpg
15,https://imgcdn1.gempundit.com/media/catalog/product/g/p/gp112293-1-140323.jpg
16,https://imgcdn1.gempundit.com/media/catalog/product/g/p/gp112293-2-140323.jpg
17,https://imgcdn1.gempundit.com/media/catalog/product/g/p/gp112293-3-140323.jpg
18,https://imgcdn1.gempundit.com/media/catalog/product/g/p/gp132578-1-61223.jpg
19,https://imgcdn1.gempundit.com/media/catalog/product/g/p/gp132578-2-61223.jpg
20,https://imgcdn1.gempundit.com/media/catalog/product/g/p/gp132578-3-61223.jpg
21,https://imgcdn1.gempundit.com/media/catalog/product/g/p/gp115172-1-300323.jpg
22,https://imgcdn1.gempundit.com/media/catalog/product/g/p/gp115172-2-300323.jpg
23,https://imgcdn1.gempundit.com/media/catalog/product/g/p/gp115172-3-300323.jpg
