,White Coral
0,https://imgcdn1.gempundit.com/media/catalog/product/g/p/gp48239-1.jpg
1,https://imgcdn1.gempundit.com/media/catalog/product/g/p/gp48239-2.jpg
2,https://imgcdn1.gempundit.com/media/catalog/product/g/p/gp118899-1-50623.jpg
3,https://imgcdn1.gempundit.com/media/catalog/product/g/p/gp118899-2-50623.jpg
4,https://imgcdn1.gempundit.com/media/catalog/product/g/p/gp118899-3-50623.jpg
5,https://imgcdn1.gempundit.com/media/catalog/product/g/p/gp124473-1-240723.jpg
6,https://imgcdn1.gempundit.com/media/catalog/product/g/p/gp124473-2-240723.jpg
7,https://imgcdn1.gempundit.com/media/catalog/product/g/p/gp124473-3-240723.jpg
8,https://imgcdn1.gempundit.com/media/catalog/product/g/p/gp132975-1-151223.jpg
9,https://imgcdn1.gempundit.com/media/catalog/product/g/p/gp132975-2-151223.jpg
10,https://imgcdn1.gempundit.com/media/catalog/product/g/p/gp132975-3-151223.jpg
11,https://imgcdn1.gempundit.com/media/catalog/product/g/p/gp124478-1-240723.jpg
12,https://imgcdn1.gempundit.com/media/catalog/product/g/p/gp124478-2-240723.jpg
13,https://imgcdn1.gempundit.com/media/catalog/product/g/p/gp124478-3-240723.jpg
14,https://imgcdn1.gempundit.com/media/catalog/product/g/p/gp89483-1-101021.jpg
15,https://imgcdn1.gempundit.com/media/catalog/product/g/p/gp89483-2-101021.jpg
16,https://imgcdn1.gempundit.com/media/catalog/product/g/p/gp89483-3-101021.jpg
17,https://imgcdn1.gempundit.com/media/catalog/product/g/p/gp124489-1-240723.jpg
18,https://imgcdn1.gempundit.com/media/catalog/product/g/p/gp124489-2-240723.jpg
19,https://imgcdn1.gempundit.com/media/catalog/product/g/p/gp124489-3-240723.jpg
20,https://imgcdn1.gempundit.com/media/catalog/product/g/p/gp118907-1-50623.jpg
21,https://imgcdn1.gempundit.com/media/catalog/product/g/p/gp118907-2-50623.jpg
22,https://imgcdn1.gempundit.com/media/catalog/product/g/p/gp118907-3-50623.jpg
23,https://imgcdn1.gempundit.com/media/catalog/product/g/p/gp115325-1-100323.jpg
24,https://imgcdn1.gempundit.com/media/catalog/product/g/p/gp115325-2-100323.jpg
25,https://imgcdn1.gempundit.com/media/catalog/product/g/p/gp115325-3-100323.jpg
26,https://imgcdn1.gempundit.com/media/catalog/product/g/p/gp115314-1-100323.jpg
27,https://imgcdn1.gempundit.com/media/catalog/product/g/p/gp115314-2-100323.jpg
28,https://imgcdn1.gempundit.com/media/catalog/product/g/p/gp115314-3-100323.jpg
29,https://imgcdn1.gempundit.com/media/catalog/product/g/p/gp58118-1-030220.jpg
30,https://imgcdn1.gempundit.com/media/catalog/product/g/p/gp58118-2-030220.jpg
31,https://imgcdn1.gempundit.com/media/catalog/product/g/p/gp58118-3-030220.jpg
32,https://imgcdn1.gempundit.com/media/catalog/product/g/p/gp124487-1-240723.jpg
33,https://imgcdn1.gempundit.com/media/catalog/product/g/p/gp124487-2-240723.jpg
34,https://imgcdn1.gempundit.com/media/catalog/product/g/p/gp124487-3-240723.jpg
35,https://imgcdn1.gempundit.com/media/catalog/product/g/p/gp124504-1-240723.jpg
36,https://imgcdn1.gempundit.com/media/catalog/product/g/p/gp124504-2-240723.jpg
37,https://imgcdn1.gempundit.com/media/catalog/product/g/p/gp124504-3-240723.jpg
38,https://imgcdn1.gempundit.com/media/catalog/product/g/p/gp126850-1-220823.jpg
39,https://imgcdn1.gempundit.com/media/catalog/product/g/p/gp126850-2-220823.jpg
40,https://imgcdn1.gempundit.com/media/catalog/product/g/p/gp126850-3-220823.jpg
41,https://imgcdn1.gempundit.com/media/catalog/product/g/p/gp89489-1-101021.jpg
42,https://imgcdn1.gempundit.com/media/catalog/product/g/p/gp89489-2-101021.jpg
43,https://imgcdn1.gempundit.com/media/catalog/product/g/p/gp89489-3-101021.jpg
44,https://imgcdn1.gempundit.com/media/catalog/product/g/p/gp89464-1-101021.jpg
45,https://imgcdn1.gempundit.com/media/catalog/product/g/p/gp89464-2-101021.jpg
46,https://imgcdn1.gempundit.com/media/catalog/product/g/p/gp89464-3-101021.jpg
47,https://imgcdn1.gempundit.com/media/catalog/product/g/p/gp115306-1-100323.jpg
48,https://imgcdn1.gempundit.com/media/catalog/product/g/p/gp115306-2-100323.jpg
49,https://imgcdn1.gempundit.com/media/catalog/product/g/p/gp115306-3-100323.jpg
50,https://imgcdn1.gempundit.com/media/catalog/product/g/p/gp132993-1-151223.jpg
51,https://imgcdn1.gempundit.com/media/catalog/product/g/p/gp132993-2-151223.jpg
52,https://imgcdn1.gempundit.com/media/catalog/product/g/p/gp132993-3-151223.jpg
53,https://imgcdn1.gempundit.com/media/catalog/product/g/p/gp124476-1-240723.jpg
54,https://imgcdn1.gempundit.com/media/catalog/product/g/p/gp124476-2-240723.jpg
55,https://imgcdn1.gempundit.com/media/catalog/product/g/p/gp124476-3-240723.jpg
56,https://imgcdn1.gempundit.com/media/catalog/product/g/p/gp89394-1-101021.jpg
57,https://imgcdn1.gempundit.com/media/catalog/product/g/p/gp89394-2-101021.jpg
58,https://imgcdn1.gempundit.com/media/catalog/product/g/p/gp89394-3-101021.jpg
59,https://imgcdn1.gempundit.com/media/catalog/product/g/p/gp89481-1-101021.jpg
60,https://imgcdn1.gempundit.com/media/catalog/product/g/p/gp89481-2-101021.jpg
61,https://imgcdn1.gempundit.com/media/catalog/product/g/p/gp89481-3-101021.jpg
62,https://imgcdn1.gempundit.com/media/catalog/product/g/p/gp124503-1-240723.jpg
63,https://imgcdn1.gempundit.com/media/catalog/product/g/p/gp124503-2-240723.jpg
64,https://imgcdn1.gempundit.com/media/catalog/product/g/p/gp124503-3-240723.jpg
65,https://imgcdn1.gempundit.com/media/catalog/product/g/p/gp89367-1-101021.jpg
66,https://imgcdn1.gempundit.com/media/catalog/product/g/p/gp89367-2-101021.jpg
67,https://imgcdn1.gempundit.com/media/catalog/product/g/p/gp89367-3-101021.jpg
68,https://imgcdn1.gempundit.com/media/catalog/product/g/p/gp124493-1-240723.jpg
69,https://imgcdn1.gempundit.com/media/catalog/product/g/p/gp124493-2-240723.jpg
70,https://imgcdn1.gempundit.com/media/catalog/product/g/p/gp124493-3-240723.jpg
71,https://imgcdn1.gempundit.com/media/catalog/product/g/p/gp124483-1-240723.jpg
72,https://imgcdn1.gempundit.com/media/catalog/product/g/p/gp124483-2-240723.jpg
73,https://imgcdn1.gempundit.com/media/catalog/product/g/p/gp124483-3-240723.jpg
74,https://imgcdn1.gempundit.com/media/catalog/product/g/p/gp89487-1-101021.jpg
75,https://imgcdn1.gempundit.com/media/catalog/product/g/p/gp89487-2-101021.jpg
76,https://imgcdn1.gempundit.com/media/catalog/product/g/p/gp89487-3-101021.jpg
77,https://imgcdn1.gempundit.com/media/catalog/product/g/p/gp135569-1-160224.jpg
78,https://imgcdn1.gempundit.com/media/catalog/product/g/p/gp135569-2-160224.jpg
79,https://imgcdn1.gempundit.com/media/catalog/product/g/p/gp135569-3-160224.jpg
80,https://imgcdn1.gempundit.com/media/catalog/product/g/p/gp132989-1-151223.jpg
81,https://imgcdn1.gempundit.com/media/catalog/product/g/p/gp132989-2-151223.jpg
82,https://imgcdn1.gempundit.com/media/catalog/product/g/p/gp132989-3-151223.jpg
83,https://imgcdn1.gempundit.com/media/catalog/product/g/p/gp124488-1-240723.jpg
84,https://imgcdn1.gempundit.com/media/catalog/product/g/p/gp124488-2-240723.jpg
85,https://imgcdn1.gempundit.com/media/catalog/product/g/p/gp124488-3-240723.jpg
86,https://imgcdn1.gempundit.com/media/catalog/product/g/p/gp115307-1-100323.jpg
87,https://imgcdn1.gempundit.com/media/catalog/product/g/p/gp115307-2-100323.jpg
88,https://imgcdn1.gempundit.com/media/catalog/product/g/p/gp115307-3-100323.jpg
89,https://imgcdn1.gempundit.com/media/catalog/product/g/p/gp132984-1-151223.jpg
90,https://imgcdn1.gempundit.com/media/catalog/product/g/p/gp132984-2-151223.jpg
91,https://imgcdn1.gempundit.com/media/catalog/product/g/p/gp132984-3-151223.jpg
92,https://imgcdn1.gempundit.com/media/catalog/product/g/p/gp132981-1-151223.jpg
93,https://imgcdn1.gempundit.com/media/catalog/product/g/p/gp132981-2-151223.jpg
94,https://imgcdn1.gempundit.com/media/catalog/product/g/p/gp132981-3-151223.jpg
95,https://imgcdn1.gempundit.com/media/catalog/product/g/p/gp89485-1-101021.jpg
96,https://imgcdn1.gempundit.com/media/catalog/product/g/p/gp89485-2-101021.jpg
97,https://imgcdn1.gempundit.com/media/catalog/product/g/p/gp89485-3-101021.jpg
98,https://imgcdn1.gempundit.com/media/catalog/product/g/p/gp118905-1-50623.jpg
99,https://imgcdn1.gempundit.com/media/catalog/product/g/p/gp118905-2-50623.jpg
100,https://imgcdn1.gempundit.com/media/catalog/product/g/p/gp118905-3-50623.jpg
101,https://imgcdn1.gempundit.com/media/catalog/product/g/p/gp132980-1-151223.jpg
102,https://imgcdn1.gempundit.com/media/catalog/product/g/p/gp132980-2-151223.jpg
103,https://imgcdn1.gempundit.com/media/catalog/product/g/p/gp132980-3-151223.jpg
104,https://imgcdn1.gempundit.com/media/catalog/product/g/p/gp124495-1-240723.jpg
105,https://imgcdn1.gempundit.com/media/catalog/product/g/p/gp124495-2-240723.jpg
106,https://imgcdn1.gempundit.com/media/catalog/product/g/p/gp124495-3-240723.jpg
107,https://imgcdn1.gempundit.com/media/catalog/product/g/p/gp124477-1-240723.jpg
108,https://imgcdn1.gempundit.com/media/catalog/product/g/p/gp124477-2-240723.jpg
109,https://imgcdn1.gempundit.com/media/catalog/product/g/p/gp124477-3-240723.jpg
110,https://imgcdn1.gempundit.com/media/catalog/product/g/p/gp126851-1-220823.jpg
111,https://imgcdn1.gempundit.com/media/catalog/product/g/p/gp126851-2-220823.jpg
112,https://imgcdn1.gempundit.com/media/catalog/product/g/p/gp126851-3-220823.jpg
113,https://imgcdn1.gempundit.com/media/catalog/product/g/p/gp132978-1-151223.jpg
114,https://imgcdn1.gempundit.com/media/catalog/product/g/p/gp132978-2-151223.jpg
115,https://imgcdn1.gempundit.com/media/catalog/product/g/p/gp132978-3-151223.jpg
116,https://imgcdn1.gempundit.com/media/catalog/product/g/p/gp118894-1-50623.jpg
117,https://imgcdn1.gempundit.com/media/catalog/product/g/p/gp124502-1-240723.jpg
118,https://imgcdn1.gempundit.com/media/catalog/product/g/p/gp124502-2-240723.jpg
119,https://imgcdn1.gempundit.com/media/catalog/product/g/p/gp124502-3-240723.jpg
120,https://imgcdn1.gempundit.com/media/catalog/product/g/p/gp115312-1-100323.jpg
121,https://imgcdn1.gempundit.com/media/catalog/product/g/p/gp115312-2-100323.jpg
122,https://imgcdn1.gempundit.com/media/catalog/product/g/p/gp115312-3-100323.jpg
123,https://imgcdn1.gempundit.com/media/catalog/product/g/p/gp132986-1-151223.jpg
124,https://imgcdn1.gempundit.com/media/catalog/product/g/p/gp132986-2-151223.jpg
125,https://imgcdn1.gempundit.com/media/catalog/product/g/p/gp132986-3-151223.jpg
126,https://imgcdn1.gempundit.com/media/catalog/product/g/p/gp80576-1-140421.jpg
127,https://imgcdn1.gempundit.com/media/catalog/product/g/p/gp80576-2-140421.jpg
128,https://imgcdn1.gempundit.com/media/catalog/product/g/p/gp80576-3-140421.jpg
129,https://imgcdn1.gempundit.com/media/catalog/product/g/p/gp124480-1-240723.jpg
130,https://imgcdn1.gempundit.com/media/catalog/product/g/p/gp124480-2-240723.jpg
131,https://imgcdn1.gempundit.com/media/catalog/product/g/p/gp124480-3-240723.jpg
132,https://imgcdn1.gempundit.com/media/catalog/product/g/p/gp135566-1-160224.jpg
133,https://imgcdn1.gempundit.com/media/catalog/product/g/p/gp135566-2-160224.jpg
134,https://imgcdn1.gempundit.com/media/catalog/product/g/p/gp135566-3-160224.jpg
135,https://imgcdn1.gempundit.com/media/catalog/product/g/p/gp115318-1-100323.jpg
136,https://imgcdn1.gempundit.com/media/catalog/product/g/p/gp115318-2-100323.jpg
137,https://imgcdn1.gempundit.com/media/catalog/product/g/p/gp115318-3-100323.jpg
138,https://imgcdn1.gempundit.com/media/catalog/product/g/p/gp132976-1-151223.jpg
139,https://imgcdn1.gempundit.com/media/catalog/product/g/p/gp132976-2-151223.jpg
140,https://imgcdn1.gempundit.com/media/catalog/product/g/p/gp132976-3-151223.jpg
141,https://imgcdn1.gempundit.com/media/catalog/product/g/p/gp95421-1-190222.jpg
142,https://imgcdn1.gempundit.com/media/catalog/product/g/p/gp95421-2-190222.jpg
143,https://imgcdn1.gempundit.com/media/catalog/product/g/p/gp95421-3-190222.jpg
144,https://imgcdn1.gempundit.com/media/catalog/product/g/p/gp115311-1-100323.jpg
145,https://imgcdn1.gempundit.com/media/catalog/product/g/p/gp115311-2-100323.jpg
146,https://imgcdn1.gempundit.com/media/catalog/product/g/p/gp115311-3-100323.jpg
147,https://imgcdn1.gempundit.com/media/catalog/product/g/p/gp124492-1-240723.jpg
148,https://imgcdn1.gempundit.com/media/catalog/product/g/p/gp124492-2-240723.jpg
149,https://imgcdn1.gempundit.com/media/catalog/product/g/p/gp124492-3-240723.jpg
150,https://imgcdn1.gempundit.com/media/catalog/product/g/p/gp132988-1-151223.jpg
151,https://imgcdn1.gempundit.com/media/catalog/product/g/p/gp132988-2-151223.jpg
152,https://imgcdn1.gempundit.com/media/catalog/product/g/p/gp132988-3-151223.jpg
153,https://imgcdn1.gempundit.com/media/catalog/product/g/p/gp124479-1-240723.jpg
154,https://imgcdn1.gempundit.com/media/catalog/product/g/p/gp124479-2-240723.jpg
155,https://imgcdn1.gempundit.com/media/catalog/product/g/p/gp124479-3-240723.jpg
156,https://imgcdn1.gempundit.com/media/catalog/product/g/p/gp135567-1-160224.jpg
157,https://imgcdn1.gempundit.com/media/catalog/product/g/p/gp135567-2-160224.jpg
158,https://imgcdn1.gempundit.com/media/catalog/product/g/p/gp135567-3-160224.jpg
159,https://imgcdn1.gempundit.com/media/catalog/product/g/p/gp115323-1-100323.jpg
160,https://imgcdn1.gempundit.com/media/catalog/product/g/p/gp115323-2-100323.jpg
161,https://imgcdn1.gempundit.com/media/catalog/product/g/p/gp115323-3-100323.jpg
162,https://imgcdn1.gempundit.com/media/catalog/product/g/p/gp124490-1-240723.jpg
163,https://imgcdn1.gempundit.com/media/catalog/product/g/p/gp124490-2-240723.jpg
164,https://imgcdn1.gempundit.com/media/catalog/product/g/p/gp124490-3-240723.jpg
165,https://imgcdn1.gempundit.com/media/catalog/product/g/p/gp124497-1-240723.jpg
166,https://imgcdn1.gempundit.com/media/catalog/product/g/p/gp124497-2-240723.jpg
167,https://imgcdn1.gempundit.com/media/catalog/product/g/p/gp124497-3-240723.jpg
168,https://imgcdn1.gempundit.com/media/catalog/product/g/p/gp118880-1-50623.jpg
169,https://imgcdn1.gempundit.com/media/catalog/product/g/p/gp118880-2-50623.jpg
170,https://imgcdn1.gempundit.com/media/catalog/product/g/p/gp118880-3-50623.jpg
171,https://imgcdn1.gempundit.com/media/catalog/product/g/p/gp132987-1-151223.jpg
172,https://imgcdn1.gempundit.com/media/catalog/product/g/p/gp132987-2-151223.jpg
173,https://imgcdn1.gempundit.com/media/catalog/product/g/p/gp132987-3-151223.jpg
174,https://imgcdn1.gempundit.com/media/catalog/product/g/p/gp124500-1-240723.jpg
175,https://imgcdn1.gempundit.com/media/catalog/product/g/p/gp124500-2-240723.jpg
176,https://imgcdn1.gempundit.com/media/catalog/product/g/p/gp124500-3-240723.jpg
177,https://imgcdn1.gempundit.com/media/catalog/product/g/p/gp118909-1-50623.jpg
178,https://imgcdn1.gempundit.com/media/catalog/product/g/p/gp118909-2-50623.jpg
179,https://imgcdn1.gempundit.com/media/catalog/product/g/p/gp118909-3-50623.jpg
180,https://imgcdn1.gempundit.com/media/catalog/product/g/p/gp89475-1-101021.jpg
181,https://imgcdn1.gempundit.com/media/catalog/product/g/p/gp89475-2-101021.jpg
182,https://imgcdn1.gempundit.com/media/catalog/product/g/p/gp89475-3-101021.jpg
183,https://imgcdn1.gempundit.com/media/catalog/product/g/p/gp115308-1-100323.jpg
184,https://imgcdn1.gempundit.com/media/catalog/product/g/p/gp115308-2-100323.jpg
185,https://imgcdn1.gempundit.com/media/catalog/product/g/p/gp115308-3-100323.jpg
186,https://imgcdn1.gempundit.com/media/catalog/product/g/p/gp64781-1-121120.jpg
187,https://imgcdn1.gempundit.com/media/catalog/product/g/p/gp64781-2-180920.jpg
188,https://imgcdn1.gempundit.com/media/catalog/product/g/p/gp64781-3-180920.jpg
189,https://imgcdn1.gempundit.com/media/catalog/product/g/p/gp115317-1-100323.jpg
190,https://imgcdn1.gempundit.com/media/catalog/product/g/p/gp115317-2-100323.jpg
191,https://imgcdn1.gempundit.com/media/catalog/product/g/p/gp115317-3-100323.jpg
192,https://imgcdn1.gempundit.com/media/catalog/product/g/p/gp115313-1-100323.jpg
193,https://imgcdn1.gempundit.com/media/catalog/product/g/p/gp115313-2-100323.jpg
194,https://imgcdn1.gempundit.com/media/catalog/product/g/p/gp115313-3-100323.jpg
195,https://imgcdn1.gempundit.com/media/catalog/product/g/p/gp89472-1-101021.jpg
196,https://imgcdn1.gempundit.com/media/catalog/product/g/p/gp89472-2-101021.jpg
197,https://imgcdn1.gempundit.com/media/catalog/product/g/p/gp89472-3-101021.jpg
198,https://imgcdn1.gempundit.com/media/catalog/product/g/p/gp124471-1-240723.jpg
199,https://imgcdn1.gempundit.com/media/catalog/product/g/p/gp124471-2-240723.jpg
200,https://imgcdn1.gempundit.com/media/catalog/product/g/p/gp124471-3-240723.jpg
201,https://imgcdn1.gempundit.com/media/catalog/product/g/p/gp135572-1-160224.jpg
202,https://imgcdn1.gempundit.com/media/catalog/product/g/p/gp135572-2-160224.jpg
203,https://imgcdn1.gempundit.com/media/catalog/product/g/p/gp135572-3-160224.jpg
204,https://imgcdn1.gempundit.com/media/catalog/product/g/p/gp135568-1-160224.jpg
205,https://imgcdn1.gempundit.com/media/catalog/product/g/p/gp135568-2-160224.jpg
206,https://imgcdn1.gempundit.com/media/catalog/product/g/p/gp135568-3-160224.jpg
207,https://imgcdn1.gempundit.com/media/catalog/product/g/p/gp135570-1-160224.jpg
208,https://imgcdn1.gempundit.com/media/catalog/product/g/p/gp135570-2-160224.jpg
209,https://imgcdn1.gempundit.com/media/catalog/product/g/p/gp135570-3-160224.jpg
210,https://imgcdn1.gempundit.com/media/catalog/product/g/p/gp132972-1-151223.jpg
211,https://imgcdn1.gempundit.com/media/catalog/product/g/p/gp132972-2-151223.jpg
212,https://imgcdn1.gempundit.com/media/catalog/product/g/p/gp132972-3-151223.jpg
213,https://imgcdn1.gempundit.com/media/catalog/product/g/p/gp118911-1-50623.jpg
214,https://imgcdn1.gempundit.com/media/catalog/product/g/p/gp118911-2-50623.jpg
215,https://imgcdn1.gempundit.com/media/catalog/product/g/p/gp118911-3-50623.jpg
216,https://imgcdn1.gempundit.com/media/catalog/product/g/p/gp124485-1-240723.jpg
217,https://imgcdn1.gempundit.com/media/catalog/product/g/p/gp124485-2-240723.jpg
218,https://imgcdn1.gempundit.com/media/catalog/product/g/p/gp124485-3-240723.jpg
219,https://imgcdn1.gempundit.com/media/catalog/product/g/p/gp64175-1-121120.jpg
220,https://imgcdn1.gempundit.com/media/catalog/product/g/p/gp64175-2-180920.jpg
221,https://imgcdn1.gempundit.com/media/catalog/product/g/p/gp64175-3-180920.jpg
222,https://imgcdn1.gempundit.com/media/catalog/product/g/p/gp102132-1-260822.jpg
223,https://imgcdn1.gempundit.com/media/catalog/product/g/p/gp102132-2-260822.jpg
224,https://imgcdn1.gempundit.com/media/catalog/product/g/p/gp102132-3-260822.jpg
225,https://imgcdn1.gempundit.com/media/catalog/product/g/p/gp89354-1-101021.jpg
226,https://imgcdn1.gempundit.com/media/catalog/product/g/p/gp89354-2-101021.jpg
227,https://imgcdn1.gempundit.com/media/catalog/product/g/p/gp89354-3-101021.jpg
228,https://imgcdn1.gempundit.com/media/catalog/product/g/p/gp124501-1-240723.jpg
229,https://imgcdn1.gempundit.com/media/catalog/product/g/p/gp124501-2-240723.jpg
230,https://imgcdn1.gempundit.com/media/catalog/product/g/p/gp124501-3-240723.jpg
231,https://imgcdn1.gempundit.com/media/catalog/product/g/p/gp126854-1-220823.jpg
232,https://imgcdn1.gempundit.com/media/catalog/product/g/p/gp126854-2-220823.jpg
233,https://imgcdn1.gempundit.com/media/catalog/product/g/p/gp126854-3-220823.jpg
234,https://imgcdn1.gempundit.com/media/catalog/product/g/p/gp132974-1-151223.jpg
235,https://imgcdn1.gempundit.com/media/catalog/product/g/p/gp132974-2-151223.jpg
236,https://imgcdn1.gempundit.com/media/catalog/product/g/p/gp132974-3-151223.jpg
237,https://imgcdn1.gempundit.com/media/catalog/product/g/p/gp115310-1-100323.jpg
238,https://imgcdn1.gempundit.com/media/catalog/product/g/p/gp115310-2-100323.jpg
239,https://imgcdn1.gempundit.com/media/catalog/product/g/p/gp115310-3-100323.jpg
240,https://imgcdn1.gempundit.com/media/catalog/product/g/p/gp80581-1-140421.jpg
241,https://imgcdn1.gempundit.com/media/catalog/product/g/p/gp80581-2-140421.jpg
242,https://imgcdn1.gempundit.com/media/catalog/product/g/p/gp80581-3-140421.jpg
243,https://imgcdn1.gempundit.com/media/catalog/product/g/p/gp95404-1-190222.jpg
244,https://imgcdn1.gempundit.com/media/catalog/product/g/p/gp95404-2-190222.jpg
245,https://imgcdn1.gempundit.com/media/catalog/product/g/p/gp95404-3-190222.jpg
246,https://imgcdn1.gempundit.com/media/catalog/product/g/p/gp132979-1-151223.jpg
247,https://imgcdn1.gempundit.com/media/catalog/product/g/p/gp132979-2-151223.jpg
248,https://imgcdn1.gempundit.com/media/catalog/product/g/p/gp132979-3-151223.jpg
249,https://imgcdn1.gempundit.com/media/catalog/product/g/p/gp118902-1-50623.jpg
250,https://imgcdn1.gempundit.com/media/catalog/product/g/p/gp118902-2-50623.jpg
251,https://imgcdn1.gempundit.com/media/catalog/product/g/p/gp118902-3-50623.jpg
252,https://imgcdn1.gempundit.com/media/catalog/product/g/p/gp118898-1-50623.jpg
253,https://imgcdn1.gempundit.com/media/catalog/product/g/p/gp118898-2-50623.jpg
254,https://imgcdn1.gempundit.com/media/catalog/product/g/p/gp118898-3-50623.jpg
255,https://imgcdn1.gempundit.com/media/catalog/product/g/p/gp132973-1-151223.jpg
256,https://imgcdn1.gempundit.com/media/catalog/product/g/p/gp132973-2-151223.jpg
257,https://imgcdn1.gempundit.com/media/catalog/product/g/p/gp132973-3-151223.jpg
258,https://imgcdn1.gempundit.com/media/catalog/product/g/p/gp124475-1-240723.jpg
259,https://imgcdn1.gempundit.com/media/catalog/product/g/p/gp124475-2-240723.jpg
260,https://imgcdn1.gempundit.com/media/catalog/product/g/p/gp124475-3-240723.jpg
261,https://imgcdn1.gempundit.com/media/catalog/product/g/p/gp132983-1-151223.jpg
262,https://imgcdn1.gempundit.com/media/catalog/product/g/p/gp132983-2-151223.jpg
263,https://imgcdn1.gempundit.com/media/catalog/product/g/p/gp132983-3-151223.jpg
264,https://imgcdn1.gempundit.com/media/catalog/product/g/p/gp126853-1-220823.jpg
265,https://imgcdn1.gempundit.com/media/catalog/product/g/p/gp126853-2-220823.jpg
266,https://imgcdn1.gempundit.com/media/catalog/product/g/p/gp126853-3-220823.jpg
267,https://imgcdn1.gempundit.com/media/catalog/product/g/p/gp89359-1-101021.jpg
268,https://imgcdn1.gempundit.com/media/catalog/product/g/p/gp89359-2-101021.jpg
269,https://imgcdn1.gempundit.com/media/catalog/product/g/p/gp89359-3-101021.jpg
270,https://imgcdn1.gempundit.com/media/catalog/product/g/p/gp80571-1-140421.jpg
271,https://imgcdn1.gempundit.com/media/catalog/product/g/p/gp80571-2-140421.jpg
272,https://imgcdn1.gempundit.com/media/catalog/product/g/p/gp80571-3-140421.jpg
273,https://imgcdn1.gempundit.com/media/catalog/product/g/p/gp64176-1-121120.jpg
274,https://imgcdn1.gempundit.com/media/catalog/product/g/p/gp64176-2-180920.jpg
275,https://imgcdn1.gempundit.com/media/catalog/product/g/p/gp64176-3-180920.jpg
276,https://imgcdn1.gempundit.com/media/catalog/product/g/p/gp115309-1-100323.jpg
277,https://imgcdn1.gempundit.com/media/catalog/product/g/p/gp115309-2-100323.jpg
278,https://imgcdn1.gempundit.com/media/catalog/product/g/p/gp115309-3-100323.jpg
279,https://imgcdn1.gempundit.com/media/catalog/product/g/p/gp132990-1-151223.jpg
280,https://imgcdn1.gempundit.com/media/catalog/product/g/p/gp132990-2-151223.jpg
281,https://imgcdn1.gempundit.com/media/catalog/product/g/p/gp132990-3-151223.jpg
282,https://imgcdn1.gempundit.com/media/catalog/product/g/p/gp48241-1.jpg
283,https://imgcdn1.gempundit.com/media/catalog/product/g/p/gp48241-2.jpg
284,https://imgcdn1.gempundit.com/media/catalog/product/g/p/gp115315-1-100323.jpg
285,https://imgcdn1.gempundit.com/media/catalog/product/g/p/gp115315-2-100323.jpg
286,https://imgcdn1.gempundit.com/media/catalog/product/g/p/gp115315-3-100323.jpg
287,https://imgcdn1.gempundit.com/media/catalog/product/g/p/gp89393-1-101021.jpg
288,https://imgcdn1.gempundit.com/media/catalog/product/g/p/gp89393-2-101021.jpg
289,https://imgcdn1.gempundit.com/media/catalog/product/g/p/gp89393-3-101021.jpg
290,https://imgcdn1.gempundit.com/media/catalog/product/g/p/gp124496-1-240723.jpg
291,https://imgcdn1.gempundit.com/media/catalog/product/g/p/gp124496-2-240723.jpg
292,https://imgcdn1.gempundit.com/media/catalog/product/g/p/gp124496-3-240723.jpg
293,https://imgcdn1.gempundit.com/media/catalog/product/g/p/gp95408-1-190222.jpg
294,https://imgcdn1.gempundit.com/media/catalog/product/g/p/gp95408-2-190222.jpg
295,https://imgcdn1.gempundit.com/media/catalog/product/g/p/gp95408-3-190222.jpg
296,https://imgcdn1.gempundit.com/media/catalog/product/g/p/gp89379-1-101021.jpg
297,https://imgcdn1.gempundit.com/media/catalog/product/g/p/gp89379-2-101021.jpg
298,https://imgcdn1.gempundit.com/media/catalog/product/g/p/gp89379-3-101021.jpg
299,https://imgcdn1.gempundit.com/media/catalog/product/g/p/gp95419-1-190222.jpg
300,https://imgcdn1.gempundit.com/media/catalog/product/g/p/gp95419-2-190222.jpg
301,https://imgcdn1.gempundit.com/media/catalog/product/g/p/gp95419-3-190222.jpg
302,https://imgcdn1.gempundit.com/media/catalog/product/g/p/gp126855-1-220823.jpg
303,https://imgcdn1.gempundit.com/media/catalog/product/g/p/gp126855-2-220823.jpg
304,https://imgcdn1.gempundit.com/media/catalog/product/g/p/gp126855-3-220823.jpg
305,https://imgcdn1.gempundit.com/media/catalog/product/g/p/gp132985-1-151223.jpg
306,https://imgcdn1.gempundit.com/media/catalog/product/g/p/gp132985-2-151223.jpg
307,https://imgcdn1.gempundit.com/media/catalog/product/g/p/gp132985-3-151223.jpg
308,https://imgcdn1.gempundit.com/media/catalog/product/g/p/gp95412-1-190222.jpg
309,https://imgcdn1.gempundit.com/media/catalog/product/g/p/gp95412-2-190222.jpg
310,https://imgcdn1.gempundit.com/media/catalog/product/g/p/gp95412-3-190222.jpg
311,https://imgcdn1.gempundit.com/media/catalog/product/g/p/gp126852-1-220823.jpg
312,https://imgcdn1.gempundit.com/media/catalog/product/g/p/gp126852-2-220823.jpg
313,https://imgcdn1.gempundit.com/media/catalog/product/g/p/gp126852-3-220823.jpg
314,https://imgcdn1.gempundit.com/media/catalog/product/g/p/gp124481-1-240723.jpg
315,https://imgcdn1.gempundit.com/media/catalog/product/g/p/gp124481-2-240723.jpg
316,https://imgcdn1.gempundit.com/media/catalog/product/g/p/gp124481-3-240723.jpg
317,https://imgcdn1.gempundit.com/media/catalog/product/g/p/gp95420-1-190222.jpg
318,https://imgcdn1.gempundit.com/media/catalog/product/g/p/gp95420-2-190222.jpg
319,https://imgcdn1.gempundit.com/media/catalog/product/g/p/gp95420-3-190222.jpg
320,https://imgcdn1.gempundit.com/media/catalog/product/g/p/gp115302-1-100323.jpg
321,https://imgcdn1.gempundit.com/media/catalog/product/g/p/gp115302-2-100323.jpg
322,https://imgcdn1.gempundit.com/media/catalog/product/g/p/gp115302-3-100323.jpg
323,https://imgcdn1.gempundit.com/media/catalog/product/g/p/gp132977-1-151223.jpg
324,https://imgcdn1.gempundit.com/media/catalog/product/g/p/gp132977-2-151223.jpg
325,https://imgcdn1.gempundit.com/media/catalog/product/g/p/gp132977-3-151223.jpg
326,https://imgcdn1.gempundit.com/media/catalog/product/g/p/gp115300-1-100323.jpg
327,https://imgcdn1.gempundit.com/media/catalog/product/g/p/gp115300-2-100323.jpg
328,https://imgcdn1.gempundit.com/media/catalog/product/g/p/gp115300-3-100323.jpg
329,https://imgcdn1.gempundit.com/media/catalog/product/g/p/gp89484-1-101021.jpg
330,https://imgcdn1.gempundit.com/media/catalog/product/g/p/gp89484-2-101021.jpg
331,https://imgcdn1.gempundit.com/media/catalog/product/g/p/gp89484-3-101021.jpg
332,https://imgcdn1.gempundit.com/media/catalog/product/g/p/gp135565-1-160224.jpg
333,https://imgcdn1.gempundit.com/media/catalog/product/g/p/gp135565-2-160224.jpg
334,https://imgcdn1.gempundit.com/media/catalog/product/g/p/gp135565-3-160224.jpg
335,https://imgcdn1.gempundit.com/media/catalog/product/g/p/gp115303-1-100323.jpg
336,https://imgcdn1.gempundit.com/media/catalog/product/g/p/gp115303-2-100323.jpg
337,https://imgcdn1.gempundit.com/media/catalog/product/g/p/gp115303-3-100323.jpg
338,https://imgcdn1.gempundit.com/media/catalog/product/g/p/gp89389-1-101021.jpg
339,https://imgcdn1.gempundit.com/media/catalog/product/g/p/gp89389-2-101021.jpg
340,https://imgcdn1.gempundit.com/media/catalog/product/g/p/gp89389-3-101021.jpg
341,https://imgcdn1.gempundit.com/media/catalog/product/g/p/gp124484-1-240723.jpg
342,https://imgcdn1.gempundit.com/media/catalog/product/g/p/gp124484-2-240723.jpg
343,https://imgcdn1.gempundit.com/media/catalog/product/g/p/gp124484-3-240723.jpg
344,https://imgcdn1.gempundit.com/media/catalog/product/g/p/gp95392-1-190222.jpg
345,https://imgcdn1.gempundit.com/media/catalog/product/g/p/gp95392-2-190222.jpg
346,https://imgcdn1.gempundit.com/media/catalog/product/g/p/gp95392-3-190222.jpg
347,https://imgcdn1.gempundit.com/media/catalog/product/g/p/gp124499-1-240723.jpg
348,https://imgcdn1.gempundit.com/media/catalog/product/g/p/gp124499-2-240723.jpg
349,https://imgcdn1.gempundit.com/media/catalog/product/g/p/gp124499-3-240723.jpg
350,https://imgcdn1.gempundit.com/media/catalog/product/g/p/gp58127-1-030220.jpg
351,https://imgcdn1.gempundit.com/media/catalog/product/g/p/gp58127-2-030220.jpg
352,https://imgcdn1.gempundit.com/media/catalog/product/g/p/gp58127-3-030220.jpg
353,https://imgcdn1.gempundit.com/media/catalog/product/g/p/gp58119-1-030220.jpg
354,https://imgcdn1.gempundit.com/media/catalog/product/g/p/gp58119-2-030220.jpg
355,https://imgcdn1.gempundit.com/media/catalog/product/g/p/gp58119-3-030220.jpg
356,https://imgcdn1.gempundit.com/media/catalog/product/g/p/gp124498-1-240723.jpg
357,https://imgcdn1.gempundit.com/media/catalog/product/g/p/gp124498-2-240723.jpg
358,https://imgcdn1.gempundit.com/media/catalog/product/g/p/gp124498-3-240723.jpg
359,https://imgcdn1.gempundit.com/media/catalog/product/g/p/gp80574-1-140421.jpg
360,https://imgcdn1.gempundit.com/media/catalog/product/g/p/gp80574-2-140421.jpg
361,https://imgcdn1.gempundit.com/media/catalog/product/g/p/gp80574-3-140421.jpg
362,https://imgcdn1.gempundit.com/media/catalog/product/g/p/gp89385-1-101021.jpg
363,https://imgcdn1.gempundit.com/media/catalog/product/g/p/gp89385-2-101021.jpg
364,https://imgcdn1.gempundit.com/media/catalog/product/g/p/gp89385-3-101021.jpg
365,https://imgcdn1.gempundit.com/media/catalog/product/g/p/gp118900-1-50623.jpg
366,https://imgcdn1.gempundit.com/media/catalog/product/g/p/gp118900-2-50623.jpg
367,https://imgcdn1.gempundit.com/media/catalog/product/g/p/gp118900-3-50623.jpg
368,https://imgcdn1.gempundit.com/media/catalog/product/g/p/gp95424-1-190222.jpg
369,https://imgcdn1.gempundit.com/media/catalog/product/g/p/gp118912-1-50623.jpg
370,https://imgcdn1.gempundit.com/media/catalog/product/g/p/gp118912-2-50623.jpg
371,https://imgcdn1.gempundit.com/media/catalog/product/g/p/gp118912-3-50623.jpg
372,https://imgcdn1.gempundit.com/media/catalog/product/g/p/gp132982-1-151223.jpg
373,https://imgcdn1.gempundit.com/media/catalog/product/g/p/gp132982-2-151223.jpg
374,https://imgcdn1.gempundit.com/media/catalog/product/g/p/gp132982-3-151223.jpg
375,https://imgcdn1.gempundit.com/media/catalog/product/g/p/gp89488-1-101021.jpg
376,https://imgcdn1.gempundit.com/media/catalog/product/g/p/gp89488-2-101021.jpg
377,https://imgcdn1.gempundit.com/media/catalog/product/g/p/gp89488-3-101021.jpg
378,https://imgcdn1.gempundit.com/media/catalog/product/g/p/gp118904-1-50623.jpg
379,https://imgcdn1.gempundit.com/media/catalog/product/g/p/gp118904-2-50623.jpg
380,https://imgcdn1.gempundit.com/media/catalog/product/g/p/gp118904-3-50623.jpg
381,https://imgcdn1.gempundit.com/media/catalog/product/g/p/gp124491-1-240723.jpg
382,https://imgcdn1.gempundit.com/media/catalog/product/g/p/gp124491-2-240723.jpg
383,https://imgcdn1.gempundit.com/media/catalog/product/g/p/gp124491-3-240723.jpg
384,https://imgcdn1.gempundit.com/media/catalog/product/g/p/gp135571-1-160224.jpg
385,https://imgcdn1.gempundit.com/media/catalog/product/g/p/gp135571-2-160224.jpg
386,https://imgcdn1.gempundit.com/media/catalog/product/g/p/gp135571-3-160224.jpg
387,https://imgcdn1.gempundit.com/media/catalog/product/g/p/gp132991-1-151223.jpg
388,https://imgcdn1.gempundit.com/media/catalog/product/g/p/gp132991-2-151223.jpg
389,https://imgcdn1.gempundit.com/media/catalog/product/g/p/gp132991-3-151223.jpg
390,https://imgcdn1.gempundit.com/media/catalog/product/g/p/gp132971-1-151223.jpg
391,https://imgcdn1.gempundit.com/media/catalog/product/g/p/gp132971-2-151223.jpg
392,https://imgcdn1.gempundit.com/media/catalog/product/g/p/gp132971-3-151223.jpg
393,https://imgcdn1.gempundit.com/media/catalog/product/g/p/gp124486-1-240723.jpg
394,https://imgcdn1.gempundit.com/media/catalog/product/g/p/gp124486-2-240723.jpg
395,https://imgcdn1.gempundit.com/media/catalog/product/g/p/gp124486-3-240723.jpg
396,https://imgcdn1.gempundit.com/media/catalog/product/g/p/gp124474-1-240723.jpg
397,https://imgcdn1.gempundit.com/media/catalog/product/g/p/gp124474-2-240723.jpg
398,https://imgcdn1.gempundit.com/media/catalog/product/g/p/gp124474-3-240723.jpg
399,https://imgcdn1.gempundit.com/media/catalog/product/g/p/gp118892-1-50623.jpg
400,https://imgcdn1.gempundit.com/media/catalog/product/g/p/gp118892-2-50623.jpg
401,https://imgcdn1.gempundit.com/media/catalog/product/g/p/gp118892-3-50623.jpg
402,https://imgcdn1.gempundit.com/media/catalog/product/g/p/gp126849-1-220823.jpg
403,https://imgcdn1.gempundit.com/media/catalog/product/g/p/gp126849-2-220823.jpg
404,https://imgcdn1.gempundit.com/media/catalog/product/g/p/gp126849-3-220823.jpg
405,https://imgcdn1.gempundit.com/media/catalog/product/g/p/gp89473-1-101021.jpg
406,https://imgcdn1.gempundit.com/media/catalog/product/g/p/gp89473-2-101021.jpg
407,https://imgcdn1.gempundit.com/media/catalog/product/g/p/gp89473-3-101021.jpg
408,https://imgcdn1.gempundit.com/media/catalog/product/g/p/gp132992-1-151223.jpg
409,https://imgcdn1.gempundit.com/media/catalog/product/g/p/gp132992-2-151223.jpg
410,https://imgcdn1.gempundit.com/media/catalog/product/g/p/gp132992-3-151223.jpg
411,https://imgcdn1.gempundit.com/media/catalog/product/g/p/gp89467-1-101021.jpg
412,https://imgcdn1.gempundit.com/media/catalog/product/g/p/gp89467-2-101021.jpg
413,https://imgcdn1.gempundit.com/media/catalog/product/g/p/gp89467-3-101021.jpg
414,https://imgcdn1.gempundit.com/media/catalog/product/g/p/gp89388-1-101021.jpg
415,https://imgcdn1.gempundit.com/media/catalog/product/g/p/gp89388-2-101021.jpg
416,https://imgcdn1.gempundit.com/media/catalog/product/g/p/gp89388-3-101021.jpg
417,https://imgcdn1.gempundit.com/media/catalog/product/g/p/gp89476-1-101021.jpg
418,https://imgcdn1.gempundit.com/media/catalog/product/g/p/gp89476-2-101021.jpg
419,https://imgcdn1.gempundit.com/media/catalog/product/g/p/gp89476-3-101021.jpg
420,https://imgcdn1.gempundit.com/media/catalog/product/g/p/gp115304-1-100323.jpg
421,https://imgcdn1.gempundit.com/media/catalog/product/g/p/gp115304-2-100323.jpg
422,https://imgcdn1.gempundit.com/media/catalog/product/g/p/gp115304-3-100323.jpg
423,https://imgcdn1.gempundit.com/media/catalog/product/g/p/gp80580-1-140421.jpg
424,https://imgcdn1.gempundit.com/media/catalog/product/g/p/gp80580-2-140421.jpg
425,https://imgcdn1.gempundit.com/media/catalog/product/g/p/gp80580-3-140421.jpg
426,https://imgcdn1.gempundit.com/media/catalog/product/g/p/gp89477-1-101021.jpg
427,https://imgcdn1.gempundit.com/media/catalog/product/g/p/gp89477-2-101021.jpg
428,https://imgcdn1.gempundit.com/media/catalog/product/g/p/gp89477-3-101021.jpg
429,https://imgcdn1.gempundit.com/media/catalog/product/g/p/gp89474-1-101021.jpg
430,https://imgcdn1.gempundit.com/media/catalog/product/g/p/gp89474-2-101021.jpg
431,https://imgcdn1.gempundit.com/media/catalog/product/g/p/gp89474-3-101021.jpg
432,https://imgcdn1.gempundit.com/media/catalog/product/g/p/gp124482-1-240723.jpg
433,https://imgcdn1.gempundit.com/media/catalog/product/g/p/gp124482-2-240723.jpg
434,https://imgcdn1.gempundit.com/media/catalog/product/g/p/gp124482-3-240723.jpg
435,https://imgcdn1.gempundit.com/media/catalog/product/g/p/gp124472-1-240723.jpg
436,https://imgcdn1.gempundit.com/media/catalog/product/g/p/gp124472-2-240723.jpg
437,https://imgcdn1.gempundit.com/media/catalog/product/g/p/gp124472-3-240723.jpg
