,Yellow Topaz
0,https://imgcdn1.gempundit.com/media/catalog/product/g/p/gp122067-1-260623_1.jpg
1,https://imgcdn1.gempundit.com/media/catalog/product/g/p/gp122067-2-260623.jpg
2,https://imgcdn1.gempundit.com/media/catalog/product/g/p/gp122067-3-260623.jpg
3,https://imgcdn1.gempundit.com/media/catalog/product/g/p/gp122069-1-260623_1.jpg
4,https://imgcdn1.gempundit.com/media/catalog/product/g/p/gp122069-2-260623.jpg
5,https://imgcdn1.gempundit.com/media/catalog/product/g/p/gp122069-3-260623.jpg
6,https://imgcdn1.gempundit.com/media/catalog/product/g/p/gp116749-1-110423.jpg
7,https://imgcdn1.gempundit.com/media/catalog/product/g/p/gp116749-2-110423.jpg
8,https://imgcdn1.gempundit.com/media/catalog/product/g/p/gp116749-3-110423.jpg
9,https://imgcdn1.gempundit.com/media/catalog/product/g/p/gp118676-1-010623.jpg
10,https://imgcdn1.gempundit.com/media/catalog/product/g/p/gp118676-2-010623.jpg
11,https://imgcdn1.gempundit.com/media/catalog/product/g/p/gp118676-3-010623.jpg
12,https://imgcdn1.gempundit.com/media/catalog/product/g/p/gp45313-1-41223.jpg
13,https://imgcdn1.gempundit.com/media/catalog/product/g/p/gp45313-2-41223.jpg
14,https://imgcdn1.gempundit.com/media/catalog/product/g/p/gp45313-3-41223.jpg
15,https://imgcdn1.gempundit.com/media/catalog/product/g/p/gp122068-1-260623_1.jpg
16,https://imgcdn1.gempundit.com/media/catalog/product/g/p/gp122068-2-260623.jpg
17,https://imgcdn1.gempundit.com/media/catalog/product/g/p/gp122068-3-260623.jpg
18,https://imgcdn1.gempundit.com/media/catalog/product/g/p/gp122054-1-260623_1.jpg
19,https://imgcdn1.gempundit.com/media/catalog/product/g/p/gp122054-2-260623.jpg
20,https://imgcdn1.gempundit.com/media/catalog/product/g/p/gp122054-3-260623.jpg
21,https://imgcdn1.gempundit.com/media/catalog/product/g/p/gp122065-1-260623_1.jpg
22,https://imgcdn1.gempundit.com/media/catalog/product/g/p/gp122065-2-260623.jpg
23,https://imgcdn1.gempundit.com/media/catalog/product/g/p/gp122065-3-260623.jpg
24,https://imgcdn1.gempundit.com/media/catalog/product/g/p/gp1238717-1-100723.jpg
25,https://imgcdn1.gempundit.com/media/catalog/product/g/p/gp1238717-2-100723.jpg
26,https://imgcdn1.gempundit.com/media/catalog/product/g/p/gp1238717-3-100723.jpg
27,https://imgcdn1.gempundit.com/media/catalog/product/g/p/gp118677-1-010623.jpg
28,https://imgcdn1.gempundit.com/media/catalog/product/g/p/gp118677-2-010623.jpg
29,https://imgcdn1.gempundit.com/media/catalog/product/g/p/gp118677-3-010623.jpg
30,https://imgcdn1.gempundit.com/media/catalog/product/g/p/gp118668-1-010623.jpg
31,https://imgcdn1.gempundit.com/media/catalog/product/g/p/gp118668-2-010623.jpg
32,https://imgcdn1.gempundit.com/media/catalog/product/g/p/gp118668-3-010623.jpg
33,https://imgcdn1.gempundit.com/media/catalog/product/g/p/gp118659-1-010623.jpg
34,https://imgcdn1.gempundit.com/media/catalog/product/g/p/gp118659-2-010623.jpg
35,https://imgcdn1.gempundit.com/media/catalog/product/g/p/gp118659-3-010623.jpg
36,https://imgcdn1.gempundit.com/media/catalog/product/g/p/gp1238727-1-100723.jpg
37,https://imgcdn1.gempundit.com/media/catalog/product/g/p/gp1238727-2-100723.jpg
38,https://imgcdn1.gempundit.com/media/catalog/product/g/p/gp1238727-3-100723.jpg
39,https://imgcdn1.gempundit.com/media/catalog/product/g/p/gp1238697-1-100723.jpg
40,https://imgcdn1.gempundit.com/media/catalog/product/g/p/gp1238697-2-100723.jpg
41,https://imgcdn1.gempundit.com/media/catalog/product/g/p/gp1238697-3-100723.jpg
42,https://imgcdn1.gempundit.com/media/catalog/product/g/p/gp1238699-1-100723.jpg
43,https://imgcdn1.gempundit.com/media/catalog/product/g/p/gp1238699-2-100723.jpg
44,https://imgcdn1.gempundit.com/media/catalog/product/g/p/gp1238699-3-100723.jpg
45,https://imgcdn1.gempundit.com/media/catalog/product/g/p/gp118666-1-010623.jpg
46,https://imgcdn1.gempundit.com/media/catalog/product/g/p/gp118666-2-010623.jpg
47,https://imgcdn1.gempundit.com/media/catalog/product/g/p/gp118666-3-010623.jpg
48,https://imgcdn1.gempundit.com/media/catalog/product/g/p/gp118658-1-010623.jpg
49,https://imgcdn1.gempundit.com/media/catalog/product/g/p/gp118658-2-010623.jpg
50,https://imgcdn1.gempundit.com/media/catalog/product/g/p/gp118658-3-010623.jpg
51,https://imgcdn1.gempundit.com/media/catalog/product/g/p/gp80646-1-290421.jpg
52,https://imgcdn1.gempundit.com/media/catalog/product/g/p/gp80646-2-290421.jpg
53,https://imgcdn1.gempundit.com/media/catalog/product/g/p/gp80646-3-290421.jpg
54,https://imgcdn1.gempundit.com/media/catalog/product/g/p/gp1238721-1-100723.jpg
55,https://imgcdn1.gempundit.com/media/catalog/product/g/p/gp1238721-2-100723.jpg
56,https://imgcdn1.gempundit.com/media/catalog/product/g/p/gp1238721-3-100723.jpg
57,https://imgcdn1.gempundit.com/media/catalog/product/4/1/41004-1-190430.jpg
58,https://imgcdn1.gempundit.com/media/catalog/product/4/1/41004-2-190430.jpg
59,https://imgcdn1.gempundit.com/media/catalog/product/g/p/gp1238725-1-100723.jpg
60,https://imgcdn1.gempundit.com/media/catalog/product/g/p/gp1238725-2-100723.jpg
61,https://imgcdn1.gempundit.com/media/catalog/product/g/p/gp1238725-3-100723.jpg
62,https://imgcdn1.gempundit.com/media/catalog/product/g/p/gp48199-1.jpg
63,https://imgcdn1.gempundit.com/media/catalog/product/g/p/gp48199-2.jpg
64,https://imgcdn1.gempundit.com/media/catalog/product/g/p/gp118681-1-010623.jpg
65,https://imgcdn1.gempundit.com/media/catalog/product/g/p/gp118681-2-010623.jpg
66,https://imgcdn1.gempundit.com/media/catalog/product/g/p/gp118681-3-010623.jpg
67,https://imgcdn1.gempundit.com/media/catalog/product/g/p/gp118156-1-240523.jpg
68,https://imgcdn1.gempundit.com/media/catalog/product/g/p/gp118156-2-240523.jpg
69,https://imgcdn1.gempundit.com/media/catalog/product/g/p/gp118156-3-240523.jpg
70,https://imgcdn1.gempundit.com/media/catalog/product/g/p/gp1238718-1-100723.jpg
71,https://imgcdn1.gempundit.com/media/catalog/product/g/p/gp1238718-2-100723.jpg
72,https://imgcdn1.gempundit.com/media/catalog/product/g/p/gp1238718-3-100723.jpg
73,https://imgcdn1.gempundit.com/media/catalog/product/g/p/gp118173-1-240523.jpg
74,https://imgcdn1.gempundit.com/media/catalog/product/g/p/gp118173-2-240523.jpg
75,https://imgcdn1.gempundit.com/media/catalog/product/g/p/gp118173-3-240523.jpg
76,https://imgcdn1.gempundit.com/media/catalog/product/g/p/gp118679-1-010623.jpg
77,https://imgcdn1.gempundit.com/media/catalog/product/g/p/gp118679-2-010623.jpg
78,https://imgcdn1.gempundit.com/media/catalog/product/g/p/gp118679-3-010623.jpg
79,https://imgcdn1.gempundit.com/media/catalog/product/g/p/gp80649-1-290421.jpg
80,https://imgcdn1.gempundit.com/media/catalog/product/g/p/gp80649-2-290421.jpg
81,https://imgcdn1.gempundit.com/media/catalog/product/g/p/gp80649-3-290421.jpg
82,https://imgcdn1.gempundit.com/media/catalog/product/g/p/gp118667-1-010623.jpg
83,https://imgcdn1.gempundit.com/media/catalog/product/g/p/gp118667-2-010623.jpg
84,https://imgcdn1.gempundit.com/media/catalog/product/g/p/gp118667-3-010623.jpg
85,https://imgcdn1.gempundit.com/media/catalog/product/g/p/gp80764-1-050521.jpg
86,https://imgcdn1.gempundit.com/media/catalog/product/g/p/gp80764-2-050521.jpg
87,https://imgcdn1.gempundit.com/media/catalog/product/g/p/gp80764-3-050521.jpg
88,https://imgcdn1.gempundit.com/media/catalog/product/g/p/gp118682-1-010623.jpg
89,https://imgcdn1.gempundit.com/media/catalog/product/g/p/gp118682-2-010623.jpg
90,https://imgcdn1.gempundit.com/media/catalog/product/g/p/gp118682-3-010623.jpg
91,https://imgcdn1.gempundit.com/media/catalog/product/g/p/gp80745-1-150621.jpg
92,https://imgcdn1.gempundit.com/media/catalog/product/g/p/gp80745-2-150621.jpg
93,https://imgcdn1.gempundit.com/media/catalog/product/g/p/gp80745-3-150621.jpg
94,https://imgcdn1.gempundit.com/media/catalog/product/g/p/gp80759-1-170521.jpg
95,https://imgcdn1.gempundit.com/media/catalog/product/g/p/gp80759-2-170521.jpg
96,https://imgcdn1.gempundit.com/media/catalog/product/g/p/gp80759-3-170521.jpg
97,https://imgcdn1.gempundit.com/media/catalog/product/g/p/gp118662-1-010623.jpg
98,https://imgcdn1.gempundit.com/media/catalog/product/g/p/gp118662-2-010623.jpg
99,https://imgcdn1.gempundit.com/media/catalog/product/g/p/gp118662-3-010623.jpg
100,https://imgcdn1.gempundit.com/media/catalog/product/g/p/gp118154-1-240523.jpg
101,https://imgcdn1.gempundit.com/media/catalog/product/g/p/gp118154-2-240523.jpg
102,https://imgcdn1.gempundit.com/media/catalog/product/g/p/gp118154-3-240523.jpg
103,https://imgcdn1.gempundit.com/media/catalog/product/g/p/gp1238692-1-100723.jpg
104,https://imgcdn1.gempundit.com/media/catalog/product/g/p/gp1238692-2-100723.jpg
105,https://imgcdn1.gempundit.com/media/catalog/product/g/p/gp1238692-3-100723.jpg
106,https://imgcdn1.gempundit.com/media/catalog/product/g/p/gp118176-1-240523.jpg
107,https://imgcdn1.gempundit.com/media/catalog/product/g/p/gp118176-2-240523.jpg
108,https://imgcdn1.gempundit.com/media/catalog/product/g/p/gp118176-3-240523.jpg
109,https://imgcdn1.gempundit.com/media/catalog/product/g/p/gp80709-1-290421.jpg
110,https://imgcdn1.gempundit.com/media/catalog/product/g/p/gp80709-2-290421.jpg
111,https://imgcdn1.gempundit.com/media/catalog/product/g/p/gp80709-3-290421.jpg
112,https://imgcdn1.gempundit.com/media/catalog/product/g/p/gp118162-1-240523.jpg
113,https://imgcdn1.gempundit.com/media/catalog/product/g/p/gp118162-2-240523.jpg
114,https://imgcdn1.gempundit.com/media/catalog/product/g/p/gp118162-3-240523.jpg
115,https://imgcdn1.gempundit.com/media/catalog/product/g/p/gp80714-1-290421.jpg
116,https://imgcdn1.gempundit.com/media/catalog/product/g/p/gp80714-2-290421.jpg
117,https://imgcdn1.gempundit.com/media/catalog/product/g/p/gp80714-3-290421.jpg
118,https://imgcdn1.gempundit.com/media/catalog/product/g/p/gp1238702-1-100723.jpg
119,https://imgcdn1.gempundit.com/media/catalog/product/g/p/gp1238702-2-100723.jpg
120,https://imgcdn1.gempundit.com/media/catalog/product/g/p/gp1238702-3-100723.jpg
121,https://imgcdn1.gempundit.com/media/catalog/product/g/p/gp118163-1-240523.jpg
122,https://imgcdn1.gempundit.com/media/catalog/product/g/p/gp118163-2-240523.jpg
123,https://imgcdn1.gempundit.com/media/catalog/product/g/p/gp118163-3-240523.jpg
124,https://imgcdn1.gempundit.com/media/catalog/product/g/p/gp1238719-1-100723.jpg
125,https://imgcdn1.gempundit.com/media/catalog/product/g/p/gp1238719-2-100723.jpg
126,https://imgcdn1.gempundit.com/media/catalog/product/g/p/gp1238719-3-100723.jpg
127,https://imgcdn1.gempundit.com/media/catalog/product/g/p/gp80722-1-290421.jpg
128,https://imgcdn1.gempundit.com/media/catalog/product/g/p/gp80722-2-290421.jpg
129,https://imgcdn1.gempundit.com/media/catalog/product/g/p/gp80722-3-290421.jpg
130,https://imgcdn1.gempundit.com/media/catalog/product/g/p/gp80763-1-170521.jpg
131,https://imgcdn1.gempundit.com/media/catalog/product/g/p/gp80763-2-170521.jpg
132,https://imgcdn1.gempundit.com/media/catalog/product/g/p/gp80763-3-170521.jpg
133,https://imgcdn1.gempundit.com/media/catalog/product/g/p/gp118166-1-240523.jpg
134,https://imgcdn1.gempundit.com/media/catalog/product/g/p/gp118166-2-240523.jpg
135,https://imgcdn1.gempundit.com/media/catalog/product/g/p/gp118166-3-240523.jpg
136,https://imgcdn1.gempundit.com/media/catalog/product/g/p/gp1238726-1-100723.jpg
137,https://imgcdn1.gempundit.com/media/catalog/product/g/p/gp1238726-2-100723.jpg
138,https://imgcdn1.gempundit.com/media/catalog/product/g/p/gp1238726-3-100723.jpg
139,https://imgcdn1.gempundit.com/media/catalog/product/g/p/gp122059-1-260623_1.jpg
140,https://imgcdn1.gempundit.com/media/catalog/product/g/p/gp122059-2-260623.jpg
141,https://imgcdn1.gempundit.com/media/catalog/product/g/p/gp122059-3-260623.jpg
142,https://imgcdn1.gempundit.com/media/catalog/product/g/p/gp80729-1-220421.jpg
143,https://imgcdn1.gempundit.com/media/catalog/product/g/p/gp80729-2-220421.jpg
144,https://imgcdn1.gempundit.com/media/catalog/product/g/p/gp80729-3-220421.jpg
145,https://imgcdn1.gempundit.com/media/catalog/product/g/p/gp1238707-1-100723.jpg
146,https://imgcdn1.gempundit.com/media/catalog/product/g/p/gp1238707-2-100723.jpg
147,https://imgcdn1.gempundit.com/media/catalog/product/g/p/gp1238707-3-100723.jpg
148,https://imgcdn1.gempundit.com/media/catalog/product/g/p/gp1238711-1-100723.jpg
149,https://imgcdn1.gempundit.com/media/catalog/product/g/p/gp1238711-2-100723.jpg
150,https://imgcdn1.gempundit.com/media/catalog/product/g/p/gp1238711-3-100723.jpg
151,https://imgcdn1.gempundit.com/media/catalog/product/g/p/gp80695-1-290421.jpg
152,https://imgcdn1.gempundit.com/media/catalog/product/g/p/gp80695-2-290421.jpg
153,https://imgcdn1.gempundit.com/media/catalog/product/g/p/gp80695-3-290421.jpg
154,https://imgcdn1.gempundit.com/media/catalog/product/g/p/gp1238705-1-100723.jpg
155,https://imgcdn1.gempundit.com/media/catalog/product/g/p/gp1238705-2-100723.jpg
156,https://imgcdn1.gempundit.com/media/catalog/product/g/p/gp1238705-3-100723.jpg
157,https://imgcdn1.gempundit.com/media/catalog/product/g/p/gp80737-1-220421.jpg
158,https://imgcdn1.gempundit.com/media/catalog/product/g/p/gp80737-2-220421.jpg
159,https://imgcdn1.gempundit.com/media/catalog/product/g/p/gp80737-3-220421.jpg
160,https://imgcdn1.gempundit.com/media/catalog/product/g/p/gp118174-1-240523.jpg
161,https://imgcdn1.gempundit.com/media/catalog/product/g/p/gp118174-2-240523.jpg
162,https://imgcdn1.gempundit.com/media/catalog/product/g/p/gp118174-3-240523.jpg
163,https://imgcdn1.gempundit.com/media/catalog/product/g/p/gp1238706-1-100723.jpg
164,https://imgcdn1.gempundit.com/media/catalog/product/g/p/gp1238706-2-100723.jpg
165,https://imgcdn1.gempundit.com/media/catalog/product/g/p/gp1238706-3-100723.jpg
166,https://imgcdn1.gempundit.com/media/catalog/product/g/p/gp118652-1-010623.jpg
167,https://imgcdn1.gempundit.com/media/catalog/product/g/p/gp118652-2-010623.jpg
168,https://imgcdn1.gempundit.com/media/catalog/product/g/p/gp118652-3-010623.jpg
169,https://imgcdn1.gempundit.com/media/catalog/product/g/p/gp1238688-1-100723.jpg
170,https://imgcdn1.gempundit.com/media/catalog/product/g/p/gp1238688-2-100723.jpg
171,https://imgcdn1.gempundit.com/media/catalog/product/g/p/gp1238688-3-100723.jpg
172,https://imgcdn1.gempundit.com/media/catalog/product/g/p/gp118170-1-240523.jpg
173,https://imgcdn1.gempundit.com/media/catalog/product/g/p/gp118170-2-240523.jpg
174,https://imgcdn1.gempundit.com/media/catalog/product/g/p/gp118170-3-240523.jpg
175,https://imgcdn1.gempundit.com/media/catalog/product/g/p/gp118650-1-010623.jpg
176,https://imgcdn1.gempundit.com/media/catalog/product/g/p/gp118650-2-010623.jpg
177,https://imgcdn1.gempundit.com/media/catalog/product/g/p/gp118650-3-010623.jpg
178,https://imgcdn1.gempundit.com/media/catalog/product/g/p/gp118159-1-240523.jpg
179,https://imgcdn1.gempundit.com/media/catalog/product/g/p/gp118159-2-240523.jpg
180,https://imgcdn1.gempundit.com/media/catalog/product/g/p/gp118159-3-240523.jpg
181,https://imgcdn1.gempundit.com/media/catalog/product/g/p/gp118648-1-010623.jpg
182,https://imgcdn1.gempundit.com/media/catalog/product/g/p/gp118648-2-010623.jpg
183,https://imgcdn1.gempundit.com/media/catalog/product/g/p/gp118648-3-010623.jpg
184,https://imgcdn1.gempundit.com/media/catalog/product/g/p/gp118647-1-010623.jpg
185,https://imgcdn1.gempundit.com/media/catalog/product/g/p/gp118647-2-010623.jpg
186,https://imgcdn1.gempundit.com/media/catalog/product/g/p/gp118647-3-010623.jpg
187,https://imgcdn1.gempundit.com/media/catalog/product/g/p/gp118160-1-240523.jpg
188,https://imgcdn1.gempundit.com/media/catalog/product/g/p/gp118160-2-240523.jpg
189,https://imgcdn1.gempundit.com/media/catalog/product/g/p/gp118160-3-240523.jpg
190,https://imgcdn1.gempundit.com/media/catalog/product/g/p/gp104538-1-260922.jpg
191,https://imgcdn1.gempundit.com/media/catalog/product/g/p/gp104538-2-260922.jpg
192,https://imgcdn1.gempundit.com/media/catalog/product/g/p/gp104538-3-260922.jpg
