,Zircon
0,https://imgcdn1.gempundit.com/media/catalog/product/g/e/gem-brwn-yel-zirc-sprem-1-190706.jpg
1,https://imgcdn1.gempundit.com/media/catalog/product/g/e/gem-brwn-yel-zirc-sprem-3-190706.jpg
2,https://imgcdn1.gempundit.com/media/catalog/product/g/e/gem-brwn-yel-zirc-sprem-4-190706.jpg
3,https://imgcdn1.gempundit.com/media/catalog/product/g/e/gem-brwn-yel-zirc-sprem-5-190706.jpg
4,https://imgcdn1.gempundit.com/media/catalog/product/g/e/gem-brwn-yel-zirc-sprem-2-190706.jpg
5,https://imgcdn1.gempundit.com/media/catalog/product/g/e/gem-zirc-eco-blue-1_1.jpg
6,https://imgcdn1.gempundit.com/media/catalog/product/g/e/gem-zirc-eco-blue-2_1.jpg
7,https://imgcdn1.gempundit.com/media/catalog/product/g/e/gem-zirc-eco-blue-3_1.jpg
8,https://imgcdn1.gempundit.com/media/catalog/product/g/e/gem-zirc-eco-blue-4_1.jpg
9,https://imgcdn1.gempundit.com/media/catalog/product/g/e/GEM-ZIRC-LUX-BLUE-1-190405.jpg
10,https://imgcdn1.gempundit.com/media/catalog/product/g/e/GEM-ZIRC-LUX-BLUE-2-190405.jpg
11,https://imgcdn1.gempundit.com/media/catalog/product/g/e/GEM-ZIRC-LUX-BLUE-3-190405.jpg
12,https://imgcdn1.gempundit.com/media/catalog/product/g/e/GEM-ZIRC-LUX-BLUE-4-190405.jpg
13,https://imgcdn1.gempundit.com/media/catalog/product/g/e/GEM-ZIRC-LUX-BLUE-5-190405.jpg
14,https://imgcdn1.gempundit.com/media/catalog/product/g/e/GEM-ZIRC-LUX-BLUE-6-190405.jpg
15,https://imgcdn1.gempundit.com/media/catalog/product/g/p/gp129504-1-200923.jpg
16,https://imgcdn1.gempundit.com/media/catalog/product/g/p/gp129504-2-200923.jpg
17,https://imgcdn1.gempundit.com/media/catalog/product/g/p/gp129504-3-200923.jpg
18,https://imgcdn1.gempundit.com/media/catalog/product/g/p/gp93189-1-160122.jpg
19,https://imgcdn1.gempundit.com/media/catalog/product/g/p/gp93189-2-160122.jpg
20,https://imgcdn1.gempundit.com/media/catalog/product/g/p/gp115899-1-170423.jpg
21,https://imgcdn1.gempundit.com/media/catalog/product/g/p/gp115899-2-170423.jpg
22,https://imgcdn1.gempundit.com/media/catalog/product/g/p/gp115899-2-170423_1.jpg
23,https://imgcdn1.gempundit.com/media/catalog/product/g/p/gp115903-1-170423.jpg
24,https://imgcdn1.gempundit.com/media/catalog/product/g/p/gp115903-2-170423.jpg
25,https://imgcdn1.gempundit.com/media/catalog/product/g/p/gp93190-1-160122.jpg
26,https://imgcdn1.gempundit.com/media/catalog/product/g/p/gp93190-2-160122.jpg
27,https://imgcdn1.gempundit.com/media/catalog/product/g/e/gem-zirc-lux-white-2_2.jpg
28,https://imgcdn1.gempundit.com/media/catalog/product/g/e/gem-zirc-lux-white-3_1.jpg
29,https://imgcdn1.gempundit.com/media/catalog/product/g/e/gem-zirc-lux-white-1_2.jpg
30,https://imgcdn1.gempundit.com/media/catalog/product/g/e/gem-zirc-lux-white-4_1.jpg
31,https://imgcdn1.gempundit.com/media/catalog/product/g/e/gem-zirc-lux-white-5_1.jpg
32,https://imgcdn1.gempundit.com/media/catalog/product/g/e/gem-zirc-lux-white-6_1.jpg
33,https://imgcdn1.gempundit.com/media/catalog/product/g/e/gem-zirc-lux-white-2_2.jpg
34,https://imgcdn1.gempundit.com/media/catalog/product/g/e/gem-zirc-lux-white-3_1.jpg
35,https://imgcdn1.gempundit.com/media/catalog/product/g/e/gem-zirc-lux-white-1_2.jpg
36,https://imgcdn1.gempundit.com/media/catalog/product/g/e/gem-zirc-lux-white-4_1.jpg
37,https://imgcdn1.gempundit.com/media/catalog/product/g/e/gem-zirc-lux-white-5_1.jpg
38,https://imgcdn1.gempundit.com/media/catalog/product/g/e/gem-zirc-lux-white-6_1.jpg
39,https://imgcdn1.gempundit.com/media/catalog/product/g/p/gp108840-1-291222.jpg
40,https://imgcdn1.gempundit.com/media/catalog/product/g/p/gp108840-2-291222.jpg
41,https://imgcdn1.gempundit.com/media/catalog/product/g/p/gp108840-3-291222.jpg
42,https://imgcdn1.gempundit.com/media/catalog/product/g/p/gp109446-1-090123.jpg
43,https://imgcdn1.gempundit.com/media/catalog/product/g/p/gp109446-2-090123.jpg
44,https://imgcdn1.gempundit.com/media/catalog/product/g/p/gp109446-3-090123.jpg
45,https://imgcdn1.gempundit.com/media/catalog/product/g/p/gp116191-1-310323.jpg
46,https://imgcdn1.gempundit.com/media/catalog/product/g/p/gp116191-2-310323.jpg
47,https://imgcdn1.gempundit.com/media/catalog/product/g/p/gp116191-3-310323.jpg
48,https://imgcdn1.gempundit.com/media/catalog/product/g/e/gem-brwn-yel-zirc-sprem-1-190706.jpg
49,https://imgcdn1.gempundit.com/media/catalog/product/g/e/gem-brwn-yel-zirc-sprem-3-190706.jpg
50,https://imgcdn1.gempundit.com/media/catalog/product/g/e/gem-brwn-yel-zirc-sprem-4-190706.jpg
51,https://imgcdn1.gempundit.com/media/catalog/product/g/e/gem-brwn-yel-zirc-sprem-5-190706.jpg
52,https://imgcdn1.gempundit.com/media/catalog/product/g/e/gem-brwn-yel-zirc-sprem-2-190706.jpg
53,https://imgcdn1.gempundit.com/media/catalog/product/g/e/gem-zirc-eco-blue-1_1.jpg
54,https://imgcdn1.gempundit.com/media/catalog/product/g/e/gem-zirc-eco-blue-2_1.jpg
55,https://imgcdn1.gempundit.com/media/catalog/product/g/e/gem-zirc-eco-blue-3_1.jpg
56,https://imgcdn1.gempundit.com/media/catalog/product/g/e/gem-zirc-eco-blue-4_1.jpg
57,https://imgcdn1.gempundit.com/media/catalog/product/g/p/gp93187-1-160122.jpg
58,https://imgcdn1.gempundit.com/media/catalog/product/g/p/gp93187-2-160122.jpg
59,https://imgcdn1.gempundit.com/media/catalog/product/g/p/gp93178-1-160122.jpg
60,https://imgcdn1.gempundit.com/media/catalog/product/g/p/gp93178-2-160122.jpg
61,https://imgcdn1.gempundit.com/media/catalog/product/g/p/gp109564-1-220223.jpg
62,https://imgcdn1.gempundit.com/media/catalog/product/g/p/gp109564-2-220223.jpg
63,https://imgcdn1.gempundit.com/media/catalog/product/g/p/gp109564-3-220223.jpg
64,https://imgcdn1.gempundit.com/media/catalog/product/g/p/gp93179-1-160122.jpg
65,https://imgcdn1.gempundit.com/media/catalog/product/g/p/gp93179-2-160122.jpg
66,https://imgcdn1.gempundit.com/media/catalog/product/g/p/gp93182-1-160122.jpg
67,https://imgcdn1.gempundit.com/media/catalog/product/g/p/gp93182-2-160122.jpg
68,https://imgcdn1.gempundit.com/media/catalog/product/g/p/gp68971-1-130224.jpg
69,https://imgcdn1.gempundit.com/media/catalog/product/g/p/gp68971-2-130224.jpg
70,https://imgcdn1.gempundit.com/media/catalog/product/g/p/gp68971-3-130224.jpg
71,https://imgcdn1.gempundit.com/media/catalog/product/g/p/gp68908-1-130224.jpg
72,https://imgcdn1.gempundit.com/media/catalog/product/g/p/gp68908-2-130224.jpg
73,https://imgcdn1.gempundit.com/media/catalog/product/g/p/gp68908-3-130224.jpg
74,https://imgcdn1.gempundit.com/media/catalog/product/g/p/gp93183-1-160122.jpg
75,https://imgcdn1.gempundit.com/media/catalog/product/g/p/gp93183-2-160122.jpg
76,https://imgcdn1.gempundit.com/media/catalog/product/g/e/gem-zirc-lux-white-2_2.jpg
77,https://imgcdn1.gempundit.com/media/catalog/product/g/e/gem-zirc-lux-white-3_1.jpg
78,https://imgcdn1.gempundit.com/media/catalog/product/g/e/gem-zirc-lux-white-1_2.jpg
79,https://imgcdn1.gempundit.com/media/catalog/product/g/e/gem-zirc-lux-white-4_1.jpg
80,https://imgcdn1.gempundit.com/media/catalog/product/g/e/gem-zirc-lux-white-5_1.jpg
81,https://imgcdn1.gempundit.com/media/catalog/product/g/e/gem-zirc-lux-white-6_1.jpg
82,https://imgcdn1.gempundit.com/media/catalog/product/g/p/gp68897-1-120224.jpg
83,https://imgcdn1.gempundit.com/media/catalog/product/g/p/gp68897-2-120224.jpg
84,https://imgcdn1.gempundit.com/media/catalog/product/g/p/gp68897-3-120224.jpg
85,https://imgcdn1.gempundit.com/media/catalog/product/g/p/gp93198-1-160122.jpg
86,https://imgcdn1.gempundit.com/media/catalog/product/g/p/gp93198-2-160122.jpg
87,https://imgcdn1.gempundit.com/media/catalog/product/g/p/gp135279-1-90224.jpg
88,https://imgcdn1.gempundit.com/media/catalog/product/g/p/gp135279-2-90224.jpg
89,https://imgcdn1.gempundit.com/media/catalog/product/g/p/gp135279-3-90224.jpg
90,https://imgcdn1.gempundit.com/media/catalog/product/g/p/gp51101-1-130224.jpg
91,https://imgcdn1.gempundit.com/media/catalog/product/g/p/gp51101-2-130224.jpg
92,https://imgcdn1.gempundit.com/media/catalog/product/g/p/gp51101-3-130224.jpg
93,https://imgcdn1.gempundit.com/media/catalog/product/g/p/gp109567-1-220223.jpg
94,https://imgcdn1.gempundit.com/media/catalog/product/g/p/gp109567-2-220223.jpg
95,https://imgcdn1.gempundit.com/media/catalog/product/g/p/gp109567-3-220223.jpg
96,https://imgcdn1.gempundit.com/media/catalog/product/g/p/gp106875-1-151122.jpg
97,https://imgcdn1.gempundit.com/media/catalog/product/g/p/gp106875-2-151122.jpg
98,https://imgcdn1.gempundit.com/media/catalog/product/g/p/gp106875-3-151122.jpg
99,https://imgcdn1.gempundit.com/media/catalog/product/g/e/gem-zirc-lux-white-2_2.jpg
100,https://imgcdn1.gempundit.com/media/catalog/product/g/e/gem-zirc-lux-white-3_1.jpg
101,https://imgcdn1.gempundit.com/media/catalog/product/g/e/gem-zirc-lux-white-1_2.jpg
102,https://imgcdn1.gempundit.com/media/catalog/product/g/e/gem-zirc-lux-white-4_1.jpg
103,https://imgcdn1.gempundit.com/media/catalog/product/g/e/gem-zirc-lux-white-5_1.jpg
104,https://imgcdn1.gempundit.com/media/catalog/product/g/e/gem-zirc-lux-white-6_1.jpg
105,https://imgcdn1.gempundit.com/media/catalog/product/g/p/gp109572-1-070123.jpg
106,https://imgcdn1.gempundit.com/media/catalog/product/g/p/gp109572-2-070123.jpg
107,https://imgcdn1.gempundit.com/media/catalog/product/g/p/gp109572-3-070123.jpg
108,https://imgcdn1.gempundit.com/media/catalog/product/g/p/gp57554-1-220224.jpg
109,https://imgcdn1.gempundit.com/media/catalog/product/g/p/gp57554-2-220224.jpg
110,https://imgcdn1.gempundit.com/media/catalog/product/g/p/gp57554-3-220224.jpg
111,https://imgcdn1.gempundit.com/media/catalog/product/g/e/gem-zirc-eco-white-1.jpg
112,https://imgcdn1.gempundit.com/media/catalog/product/g/e/gem-zirc-eco-white-2.jpg
113,https://imgcdn1.gempundit.com/media/catalog/product/g/p/gp109561-1-220223.jpg
114,https://imgcdn1.gempundit.com/media/catalog/product/g/p/gp109561-2-220223.jpg
115,https://imgcdn1.gempundit.com/media/catalog/product/g/p/gp109561-3-220223.jpg
116,https://imgcdn1.gempundit.com/media/catalog/product/g/e/gem-zirc-eco-white-1.jpg
117,https://imgcdn1.gempundit.com/media/catalog/product/g/e/gem-zirc-eco-white-2.jpg
118,https://imgcdn1.gempundit.com/media/catalog/product/g/e/gem-brwn-yel-zirc-sprem-1-190706.jpg
119,https://imgcdn1.gempundit.com/media/catalog/product/g/e/gem-brwn-yel-zirc-sprem-3-190706.jpg
120,https://imgcdn1.gempundit.com/media/catalog/product/g/e/gem-brwn-yel-zirc-sprem-4-190706.jpg
121,https://imgcdn1.gempundit.com/media/catalog/product/g/e/gem-brwn-yel-zirc-sprem-5-190706.jpg
122,https://imgcdn1.gempundit.com/media/catalog/product/g/e/gem-brwn-yel-zirc-sprem-2-190706.jpg
123,https://imgcdn1.gempundit.com/media/catalog/product/g/p/gp57562-1-210224.jpg
124,https://imgcdn1.gempundit.com/media/catalog/product/g/p/gp57562-2-210224.jpg
125,https://imgcdn1.gempundit.com/media/catalog/product/g/p/gp57562-3-210224.jpg
126,https://imgcdn1.gempundit.com/media/catalog/product/g/p/gp109565-1-220223.jpg
127,https://imgcdn1.gempundit.com/media/catalog/product/g/p/gp109565-2-220223.jpg
128,https://imgcdn1.gempundit.com/media/catalog/product/g/p/gp109565-3-220223.jpg
129,https://imgcdn1.gempundit.com/media/catalog/product/g/p/gp135277-1-90224.jpg
130,https://imgcdn1.gempundit.com/media/catalog/product/g/p/gp135277-2-90224.jpg
131,https://imgcdn1.gempundit.com/media/catalog/product/g/p/gp135277-3-90224.jpg
132,https://imgcdn1.gempundit.com/media/catalog/product/g/p/gp98615-1-200422.jpg
133,https://imgcdn1.gempundit.com/media/catalog/product/g/p/gp98615-2-200422.jpg
134,https://imgcdn1.gempundit.com/media/catalog/product/g/p/gp98615-3-200422.jpg
135,https://imgcdn1.gempundit.com/media/catalog/product/g/p/gp116632-1-050423.jpg
136,https://imgcdn1.gempundit.com/media/catalog/product/g/p/gp116632-2-050423.jpg
137,https://imgcdn1.gempundit.com/media/catalog/product/g/p/gp135501-1-150224.jpg
138,https://imgcdn1.gempundit.com/media/catalog/product/g/p/gp135501-2-150224.jpg
139,https://imgcdn1.gempundit.com/media/catalog/product/g/p/gp135501-3-150224.jpg
140,https://imgcdn1.gempundit.com/media/catalog/product/g/p/gp57557-1-210224.jpg
141,https://imgcdn1.gempundit.com/media/catalog/product/g/p/gp57557-2-210224.jpg
142,https://imgcdn1.gempundit.com/media/catalog/product/g/p/gp57557-3-210224.jpg
143,https://imgcdn1.gempundit.com/media/catalog/product/g/p/gp132266-1-11123.jpg
144,https://imgcdn1.gempundit.com/media/catalog/product/g/p/gp132266-2-11123.jpg
145,https://imgcdn1.gempundit.com/media/catalog/product/g/p/gp132266-3-11123.jpg
146,https://imgcdn1.gempundit.com/media/catalog/product/g/p/gp51094-1-140224.jpg
147,https://imgcdn1.gempundit.com/media/catalog/product/g/p/gp51094-2-140224.jpg
148,https://imgcdn1.gempundit.com/media/catalog/product/g/p/gp51094-3-140224.jpg
149,https://imgcdn1.gempundit.com/media/catalog/product/g/p/gp51066-1-210224.jpg
150,https://imgcdn1.gempundit.com/media/catalog/product/g/p/gp51066-2-210224.jpg
151,https://imgcdn1.gempundit.com/media/catalog/product/g/p/gp51066-3-210224.jpg
152,https://imgcdn1.gempundit.com/media/catalog/product/g/p/gp109541-1-170223.jpg
153,https://imgcdn1.gempundit.com/media/catalog/product/g/p/gp109541-2-170223.jpg
154,https://imgcdn1.gempundit.com/media/catalog/product/g/p/gp109541-3-170223.jpg
155,https://imgcdn1.gempundit.com/media/catalog/product/g/p/gp106862-1-141122.jpg
156,https://imgcdn1.gempundit.com/media/catalog/product/g/p/gp106862-2-141122.jpg
157,https://imgcdn1.gempundit.com/media/catalog/product/g/p/gp106862-3-141122.jpg
158,https://imgcdn1.gempundit.com/media/catalog/product/g/p/gp109574-1-110123.jpg
159,https://imgcdn1.gempundit.com/media/catalog/product/g/p/gp109574-2-110123.jpg
160,https://imgcdn1.gempundit.com/media/catalog/product/g/p/gp109574-3-110123.jpg
161,https://imgcdn1.gempundit.com/media/catalog/product/g/p/gp68968-1-120224.jpg
162,https://imgcdn1.gempundit.com/media/catalog/product/g/p/gp68968-2-120224.jpg
163,https://imgcdn1.gempundit.com/media/catalog/product/g/p/gp68968-3-120224.jpg
164,https://imgcdn1.gempundit.com/media/catalog/product/g/p/gp135520-1-150224.jpg
165,https://imgcdn1.gempundit.com/media/catalog/product/g/p/gp135520-2-150224.jpg
166,https://imgcdn1.gempundit.com/media/catalog/product/g/p/gp135520-3-150224.jpg
167,https://imgcdn1.gempundit.com/media/catalog/product/g/p/gp57585-1-240920.jpg
168,https://imgcdn1.gempundit.com/media/catalog/product/g/p/gp57585-1-140224.jpg
169,https://imgcdn1.gempundit.com/media/catalog/product/g/p/gp57585-2-140224.jpg
170,https://imgcdn1.gempundit.com/media/catalog/product/g/p/gp57585-3-140224.jpg
171,https://imgcdn1.gempundit.com/media/catalog/product/g/e/gem-zirc-lux-white-2_2.jpg
172,https://imgcdn1.gempundit.com/media/catalog/product/g/e/gem-zirc-lux-white-3_1.jpg
173,https://imgcdn1.gempundit.com/media/catalog/product/g/e/gem-zirc-lux-white-1_2.jpg
174,https://imgcdn1.gempundit.com/media/catalog/product/g/e/gem-zirc-lux-white-4_1.jpg
175,https://imgcdn1.gempundit.com/media/catalog/product/g/e/gem-zirc-lux-white-5_1.jpg
176,https://imgcdn1.gempundit.com/media/catalog/product/g/e/gem-zirc-lux-white-6_1.jpg
177,https://imgcdn1.gempundit.com/media/catalog/product/g/p/gp98145-1-150422.jpg
178,https://imgcdn1.gempundit.com/media/catalog/product/g/p/gp98145-2-150422.jpg
179,https://imgcdn1.gempundit.com/media/catalog/product/g/p/gp98145-3-150422.jpg
180,https://imgcdn1.gempundit.com/media/catalog/product/g/p/gp109562-1-140323.jpg
181,https://imgcdn1.gempundit.com/media/catalog/product/g/p/gp109562-2-140323.jpg
182,https://imgcdn1.gempundit.com/media/catalog/product/g/p/gp109562-3-140323.jpg
183,https://imgcdn1.gempundit.com/media/catalog/product/g/p/gp68861-1-90224.jpg
184,https://imgcdn1.gempundit.com/media/catalog/product/g/p/gp68861-2-90224.jpg
185,https://imgcdn1.gempundit.com/media/catalog/product/g/p/gp68861-3-90224.jpg
186,https://imgcdn1.gempundit.com/media/catalog/product/g/e/GEM-ZIRC-LUX-BLUE-1-190405.jpg
187,https://imgcdn1.gempundit.com/media/catalog/product/g/e/GEM-ZIRC-LUX-BLUE-2-190405.jpg
188,https://imgcdn1.gempundit.com/media/catalog/product/g/e/GEM-ZIRC-LUX-BLUE-3-190405.jpg
189,https://imgcdn1.gempundit.com/media/catalog/product/g/e/GEM-ZIRC-LUX-BLUE-4-190405.jpg
190,https://imgcdn1.gempundit.com/media/catalog/product/g/e/GEM-ZIRC-LUX-BLUE-5-190405.jpg
191,https://imgcdn1.gempundit.com/media/catalog/product/g/e/GEM-ZIRC-LUX-BLUE-6-190405.jpg
192,https://imgcdn1.gempundit.com/media/catalog/product/g/p/gp34956-1-120224.jpg
193,https://imgcdn1.gempundit.com/media/catalog/product/g/p/gp34956-2-120224.jpg
194,https://imgcdn1.gempundit.com/media/catalog/product/g/p/gp34956-3-120224.jpg
195,https://imgcdn1.gempundit.com/media/catalog/product/g/p/gp57537-1-130224.jpg
196,https://imgcdn1.gempundit.com/media/catalog/product/g/p/gp57537-2-130224.jpg
197,https://imgcdn1.gempundit.com/media/catalog/product/g/p/gp57537-3-130224.jpg
198,https://imgcdn1.gempundit.com/media/catalog/product/g/p/gp57584-1-140224.jpg
199,https://imgcdn1.gempundit.com/media/catalog/product/g/p/gp57584-2-140224.jpg
200,https://imgcdn1.gempundit.com/media/catalog/product/g/p/gp57584-3-140224.jpg
201,https://imgcdn1.gempundit.com/media/catalog/product/g/p/gp135551-1-160224.jpg
202,https://imgcdn1.gempundit.com/media/catalog/product/g/p/gp135551-2-160224.jpg
203,https://imgcdn1.gempundit.com/media/catalog/product/g/p/gp135551-3-160224.jpg
204,https://imgcdn1.gempundit.com/media/catalog/product/g/p/gp68799-1-120224.jpg
205,https://imgcdn1.gempundit.com/media/catalog/product/g/p/gp68799-2-120224.jpg
206,https://imgcdn1.gempundit.com/media/catalog/product/g/p/gp68799-3-120224.jpg
207,https://imgcdn1.gempundit.com/media/catalog/product/g/p/gp68957-1-120224.jpg
208,https://imgcdn1.gempundit.com/media/catalog/product/g/p/gp68957-2-120224.jpg
209,https://imgcdn1.gempundit.com/media/catalog/product/g/p/gp68957-3-120224.jpg
210,https://imgcdn1.gempundit.com/media/catalog/product/g/p/gp57534-1-130224.jpg
211,https://imgcdn1.gempundit.com/media/catalog/product/g/p/gp57534-2-130224.jpg
212,https://imgcdn1.gempundit.com/media/catalog/product/g/p/gp57534-3-130224.jpg
213,https://imgcdn1.gempundit.com/media/catalog/product/g/e/gem-zirc-eco-blue-1_1.jpg
214,https://imgcdn1.gempundit.com/media/catalog/product/g/e/gem-zirc-eco-blue-2_1.jpg
215,https://imgcdn1.gempundit.com/media/catalog/product/g/e/gem-zirc-eco-blue-3_1.jpg
216,https://imgcdn1.gempundit.com/media/catalog/product/g/e/gem-zirc-eco-blue-4_1.jpg
217,https://imgcdn1.gempundit.com/media/catalog/product/g/p/gp68869-1-90224.jpg
218,https://imgcdn1.gempundit.com/media/catalog/product/g/p/gp68869-2-90224.jpg
219,https://imgcdn1.gempundit.com/media/catalog/product/g/p/gp68869-3-90224.jpg
220,https://imgcdn1.gempundit.com/media/catalog/product/g/p/gp68860-1-90224.jpg
221,https://imgcdn1.gempundit.com/media/catalog/product/g/p/gp68860-2-90224.jpg
222,https://imgcdn1.gempundit.com/media/catalog/product/g/p/gp68860-3-90224.jpg
223,https://imgcdn1.gempundit.com/media/catalog/product/g/p/gp57535-1-130224.jpg
224,https://imgcdn1.gempundit.com/media/catalog/product/g/p/gp57535-2-130224.jpg
225,https://imgcdn1.gempundit.com/media/catalog/product/g/p/gp57535-3-130224.jpg
226,https://imgcdn1.gempundit.com/media/catalog/product/g/p/gp35516-1-120224.jpg
227,https://imgcdn1.gempundit.com/media/catalog/product/g/p/gp35516-2-120224.jpg
228,https://imgcdn1.gempundit.com/media/catalog/product/g/p/gp35516-3-120224.jpg
229,https://imgcdn1.gempundit.com/media/catalog/product/g/p/gp57567-1-140224.jpg
230,https://imgcdn1.gempundit.com/media/catalog/product/g/p/gp57567-2-140224.jpg
231,https://imgcdn1.gempundit.com/media/catalog/product/g/p/gp57567-3-140224.jpg
232,https://imgcdn1.gempundit.com/media/catalog/product/g/p/gp51138-1-210224.jpg
233,https://imgcdn1.gempundit.com/media/catalog/product/g/p/gp51138-2-210224.jpg
234,https://imgcdn1.gempundit.com/media/catalog/product/g/p/gp51138-3-210224.jpg
235,https://imgcdn1.gempundit.com/media/catalog/product/g/e/gem-brwn-yel-zirc-sprem-1-190706.jpg
236,https://imgcdn1.gempundit.com/media/catalog/product/g/e/gem-brwn-yel-zirc-sprem-3-190706.jpg
237,https://imgcdn1.gempundit.com/media/catalog/product/g/e/gem-brwn-yel-zirc-sprem-4-190706.jpg
238,https://imgcdn1.gempundit.com/media/catalog/product/g/e/gem-brwn-yel-zirc-sprem-5-190706.jpg
239,https://imgcdn1.gempundit.com/media/catalog/product/g/e/gem-brwn-yel-zirc-sprem-2-190706.jpg
240,https://imgcdn1.gempundit.com/media/catalog/product/g/e/GEM-ZIRC-LUX-BLUE-1-190405.jpg
241,https://imgcdn1.gempundit.com/media/catalog/product/g/e/GEM-ZIRC-LUX-BLUE-2-190405.jpg
242,https://imgcdn1.gempundit.com/media/catalog/product/g/e/GEM-ZIRC-LUX-BLUE-3-190405.jpg
243,https://imgcdn1.gempundit.com/media/catalog/product/g/e/GEM-ZIRC-LUX-BLUE-4-190405.jpg
244,https://imgcdn1.gempundit.com/media/catalog/product/g/e/GEM-ZIRC-LUX-BLUE-5-190405.jpg
245,https://imgcdn1.gempundit.com/media/catalog/product/g/e/GEM-ZIRC-LUX-BLUE-6-190405.jpg
246,https://imgcdn1.gempundit.com/media/catalog/product/g/p/gp132942-1-151223.jpg
247,https://imgcdn1.gempundit.com/media/catalog/product/g/p/gp132942-2-151223.jpg
248,https://imgcdn1.gempundit.com/media/catalog/product/g/p/gp132942-3-151223.jpg
249,https://imgcdn1.gempundit.com/media/catalog/product/g/p/gp98433-1-150422.jpg
250,https://imgcdn1.gempundit.com/media/catalog/product/g/p/gp98433-2-150422.jpg
251,https://imgcdn1.gempundit.com/media/catalog/product/g/p/gp98433-3-150422.jpg
252,https://imgcdn1.gempundit.com/media/catalog/product/g/p/gp106897-1-211122.jpg
253,https://imgcdn1.gempundit.com/media/catalog/product/g/p/gp106897-2-211122.jpg
254,https://imgcdn1.gempundit.com/media/catalog/product/g/p/gp106897-3-211122.jpg
255,https://imgcdn1.gempundit.com/media/catalog/product/g/p/gp106819-1-211122.jpg
256,https://imgcdn1.gempundit.com/media/catalog/product/g/p/gp106819-2-211122.jpg
257,https://imgcdn1.gempundit.com/media/catalog/product/g/p/gp106819-3-211122.jpg
258,https://imgcdn1.gempundit.com/media/catalog/product/g/p/gp122448-1-280623.jpg
259,https://imgcdn1.gempundit.com/media/catalog/product/g/p/gp122448-2-280623.jpg
260,https://imgcdn1.gempundit.com/media/catalog/product/g/p/gp122448-3-280623.jpg
261,https://imgcdn1.gempundit.com/media/catalog/product/g/p/gp116381-1-050423.jpg
262,https://imgcdn1.gempundit.com/media/catalog/product/g/p/gp116381-2-050423.jpg
263,https://imgcdn1.gempundit.com/media/catalog/product/g/p/gp60972-1-190224.jpg
264,https://imgcdn1.gempundit.com/media/catalog/product/g/p/gp60972-2-190224.jpg
265,https://imgcdn1.gempundit.com/media/catalog/product/g/p/gp60972-3-190224.jpg
266,https://imgcdn1.gempundit.com/media/catalog/product/g/p/gp109586-1-020123.jpg
267,https://imgcdn1.gempundit.com/media/catalog/product/g/p/gp109586-2-020123.jpg
268,https://imgcdn1.gempundit.com/media/catalog/product/g/p/gp109586-3-020123.jpg
269,https://imgcdn1.gempundit.com/media/catalog/product/g/p/gp106921-1-151122.jpg
270,https://imgcdn1.gempundit.com/media/catalog/product/g/p/gp106921-2-151122.jpg
271,https://imgcdn1.gempundit.com/media/catalog/product/g/p/gp106921-3-151122.jpg
272,https://imgcdn1.gempundit.com/media/catalog/product/g/p/gp94234-1-250122.jpg
273,https://imgcdn1.gempundit.com/media/catalog/product/g/p/gp94234-2-250122.jpg
274,https://imgcdn1.gempundit.com/media/catalog/product/g/p/gp94234-3-250122.jpg
275,https://imgcdn1.gempundit.com/media/catalog/product/g/e/gem-zirc-eco-white-1.jpg
276,https://imgcdn1.gempundit.com/media/catalog/product/g/e/gem-zirc-eco-white-2.jpg
277,https://imgcdn1.gempundit.com/media/catalog/product/g/p/gp98431-1-150422.jpg
278,https://imgcdn1.gempundit.com/media/catalog/product/g/p/gp98431-2-150422.jpg
279,https://imgcdn1.gempundit.com/media/catalog/product/g/p/gp98431-3-150422.jpg
280,https://imgcdn1.gempundit.com/media/catalog/product/g/p/gp135246-1-80224.jpg
281,https://imgcdn1.gempundit.com/media/catalog/product/g/p/gp135246-2-80224.jpg
282,https://imgcdn1.gempundit.com/media/catalog/product/g/p/gp135246-3-80224.jpg
283,https://imgcdn1.gempundit.com/media/catalog/product/g/p/gp107233-1-231122.jpg
284,https://imgcdn1.gempundit.com/media/catalog/product/g/p/gp107233-2-231122.jpg
285,https://imgcdn1.gempundit.com/media/catalog/product/g/p/gp107233-3-231122.jpg
286,https://imgcdn1.gempundit.com/media/catalog/product/g/p/gp135247-1-80224.jpg
287,https://imgcdn1.gempundit.com/media/catalog/product/g/p/gp135247-2-80224.jpg
288,https://imgcdn1.gempundit.com/media/catalog/product/g/p/gp135247-3-80224.jpg
289,https://imgcdn1.gempundit.com/media/catalog/product/g/p/gp43109-1-220224.jpg
290,https://imgcdn1.gempundit.com/media/catalog/product/g/p/gp43109-2-220224.jpg
291,https://imgcdn1.gempundit.com/media/catalog/product/g/p/gp43109-3-220224.jpg
292,https://imgcdn1.gempundit.com/media/catalog/product/g/e/gem-zirc-lux-white-2_2.jpg
293,https://imgcdn1.gempundit.com/media/catalog/product/g/e/gem-zirc-lux-white-3_1.jpg
294,https://imgcdn1.gempundit.com/media/catalog/product/g/e/gem-zirc-lux-white-1_2.jpg
295,https://imgcdn1.gempundit.com/media/catalog/product/g/e/gem-zirc-lux-white-4_1.jpg
296,https://imgcdn1.gempundit.com/media/catalog/product/g/e/gem-zirc-lux-white-5_1.jpg
297,https://imgcdn1.gempundit.com/media/catalog/product/g/e/gem-zirc-lux-white-6_1.jpg
298,https://imgcdn1.gempundit.com/media/catalog/product/g/p/gp124084-1-180723.jpg
299,https://imgcdn1.gempundit.com/media/catalog/product/g/p/gp124084-2-180723.jpg
300,https://imgcdn1.gempundit.com/media/catalog/product/g/p/gp124084-3-180723.jpg
301,https://imgcdn1.gempundit.com/media/catalog/product/g/e/gem-zirc-lux-white-2_2.jpg
302,https://imgcdn1.gempundit.com/media/catalog/product/g/e/gem-zirc-lux-white-3_1.jpg
303,https://imgcdn1.gempundit.com/media/catalog/product/g/e/gem-zirc-lux-white-1_2.jpg
304,https://imgcdn1.gempundit.com/media/catalog/product/g/e/gem-zirc-lux-white-4_1.jpg
305,https://imgcdn1.gempundit.com/media/catalog/product/g/e/gem-zirc-lux-white-5_1.jpg
306,https://imgcdn1.gempundit.com/media/catalog/product/g/e/gem-zirc-lux-white-6_1.jpg
307,https://imgcdn1.gempundit.com/media/catalog/product/g/p/gp116173-1-240423.jpg
308,https://imgcdn1.gempundit.com/media/catalog/product/g/p/gp116173-2-240423.jpg
309,https://imgcdn1.gempundit.com/media/catalog/product/g/p/gp116173-3-240423.jpg
310,https://imgcdn1.gempundit.com/media/catalog/product/g/p/gp110327-1-240123.jpg
311,https://imgcdn1.gempundit.com/media/catalog/product/g/p/gp110327-2-240123.jpg
312,https://imgcdn1.gempundit.com/media/catalog/product/g/p/gp110327-3-240123.jpg
313,https://imgcdn1.gempundit.com/media/catalog/product/g/p/gp94256-1-250122.jpg
314,https://imgcdn1.gempundit.com/media/catalog/product/g/p/gp94256-2-250122.jpg
315,https://imgcdn1.gempundit.com/media/catalog/product/g/p/gp94256-3-250122.jpg
316,https://imgcdn1.gempundit.com/media/catalog/product/g/p/gp116612-1-050423.jpg
317,https://imgcdn1.gempundit.com/media/catalog/product/g/p/gp116612-2-050423.jpg
318,https://imgcdn1.gempundit.com/media/catalog/product/g/p/gp116612-3-050423.jpg
319,https://imgcdn1.gempundit.com/media/catalog/product/g/e/gem-brwn-yel-zirc-sprem-1-190706.jpg
320,https://imgcdn1.gempundit.com/media/catalog/product/g/e/gem-brwn-yel-zirc-sprem-3-190706.jpg
321,https://imgcdn1.gempundit.com/media/catalog/product/g/e/gem-brwn-yel-zirc-sprem-4-190706.jpg
322,https://imgcdn1.gempundit.com/media/catalog/product/g/e/gem-brwn-yel-zirc-sprem-5-190706.jpg
323,https://imgcdn1.gempundit.com/media/catalog/product/g/e/gem-brwn-yel-zirc-sprem-2-190706.jpg
324,https://imgcdn1.gempundit.com/media/catalog/product/g/p/gp105696-1-061022.jpg
325,https://imgcdn1.gempundit.com/media/catalog/product/g/p/gp105696-2-061022.jpg
326,https://imgcdn1.gempundit.com/media/catalog/product/g/p/gp105696-3-061022.jpg
327,https://imgcdn1.gempundit.com/media/catalog/product/g/p/gp68877-1-120224.jpg
328,https://imgcdn1.gempundit.com/media/catalog/product/g/p/gp68877-2-120224.jpg
329,https://imgcdn1.gempundit.com/media/catalog/product/g/p/gp68877-3-120224.jpg
330,https://imgcdn1.gempundit.com/media/catalog/product/g/p/gp99712-1-110622.jpg
331,https://imgcdn1.gempundit.com/media/catalog/product/g/p/gp99712-2-110622.jpg
332,https://imgcdn1.gempundit.com/media/catalog/product/g/p/gp99712-3-110622.jpg
333,https://imgcdn1.gempundit.com/media/catalog/product/g/p/gp94284-1-210122.jpg
334,https://imgcdn1.gempundit.com/media/catalog/product/g/p/gp94284-2-210122.jpg
335,https://imgcdn1.gempundit.com/media/catalog/product/g/p/gp94284-3-210122.jpg
336,https://imgcdn1.gempundit.com/media/catalog/product/g/p/gp107230-1-231122.jpg
337,https://imgcdn1.gempundit.com/media/catalog/product/g/p/gp107230-2-231122.jpg
338,https://imgcdn1.gempundit.com/media/catalog/product/g/p/gp107230-3-231122.jpg
339,https://imgcdn1.gempundit.com/media/catalog/product/g/p/gp99695-1-110622.jpg
340,https://imgcdn1.gempundit.com/media/catalog/product/g/p/gp99695-2-110622.jpg
341,https://imgcdn1.gempundit.com/media/catalog/product/g/p/gp99695-3-110622.jpg
342,https://imgcdn1.gempundit.com/media/catalog/product/g/p/gp107206-1-231122.jpg
343,https://imgcdn1.gempundit.com/media/catalog/product/g/p/gp107206-2-231122.jpg
344,https://imgcdn1.gempundit.com/media/catalog/product/g/p/gp107206-3-231122.jpg
345,https://imgcdn1.gempundit.com/media/catalog/product/g/p/gp118354-1-290523.jpg
346,https://imgcdn1.gempundit.com/media/catalog/product/g/p/gp118354-2-290523.jpg
347,https://imgcdn1.gempundit.com/media/catalog/product/g/p/gp118354-3-290523.jpg
348,https://imgcdn1.gempundit.com/media/catalog/product/g/p/gp116355-1-050423.jpg
349,https://imgcdn1.gempundit.com/media/catalog/product/g/p/gp116355-2-050423.jpg
350,https://imgcdn1.gempundit.com/media/catalog/product/g/p/gp124082-1-180723.jpg
351,https://imgcdn1.gempundit.com/media/catalog/product/g/p/gp124082-2-180723.jpg
352,https://imgcdn1.gempundit.com/media/catalog/product/g/p/gp124082-3-180723.jpg
353,https://imgcdn1.gempundit.com/media/catalog/product/g/p/gp116379-1-050423.jpg
354,https://imgcdn1.gempundit.com/media/catalog/product/g/p/gp116379-2-050423.jpg
355,https://imgcdn1.gempundit.com/media/catalog/product/g/p/gp89769-1-211024.jpg
356,https://imgcdn1.gempundit.com/media/catalog/product/g/p/gp89769-2-211024.jpg
357,https://imgcdn1.gempundit.com/media/catalog/product/g/p/gp89769-3-211024.jpg
358,https://imgcdn1.gempundit.com/media/catalog/product/g/p/gp118088-1-220523.jpg
359,https://imgcdn1.gempundit.com/media/catalog/product/g/p/gp118088-2-220523.jpg
360,https://imgcdn1.gempundit.com/media/catalog/product/g/p/gp118088-3-220523.jpg
361,https://imgcdn1.gempundit.com/media/catalog/product/g/p/gp116154-1-240423.jpg
362,https://imgcdn1.gempundit.com/media/catalog/product/g/p/gp116154-2-240423.jpg
363,https://imgcdn1.gempundit.com/media/catalog/product/g/p/gp116154-3-240423.jpg
364,https://imgcdn1.gempundit.com/media/catalog/product/g/p/gp116623-1-050423.jpg
365,https://imgcdn1.gempundit.com/media/catalog/product/g/p/gp116623-2-050423.jpg
366,https://imgcdn1.gempundit.com/media/catalog/product/g/p/gp116623-3-050423.jpg
367,https://imgcdn1.gempundit.com/media/catalog/product/g/p/gp116625-1-050423.jpg
368,https://imgcdn1.gempundit.com/media/catalog/product/g/p/gp116625-2-050423.jpg
369,https://imgcdn1.gempundit.com/media/catalog/product/g/p/gp116625-3-050423.jpg
370,https://imgcdn1.gempundit.com/media/catalog/product/g/p/gp109591-1-180123.jpg
371,https://imgcdn1.gempundit.com/media/catalog/product/g/p/gp109591-2-180123.jpg
372,https://imgcdn1.gempundit.com/media/catalog/product/g/p/gp109591-3-180123.jpg
373,https://imgcdn1.gempundit.com/media/catalog/product/g/p/gp107223-1-231122.jpg
374,https://imgcdn1.gempundit.com/media/catalog/product/g/p/gp107223-2-231122.jpg
375,https://imgcdn1.gempundit.com/media/catalog/product/g/p/gp107223-3-231122.jpg
