,Alexandrite
0,https://www.gempundit.com/gemstones/alexandrite/green-alexandrite-super-luxury
1,https://www.gempundit.com/gemstones/alexandrite/alexandrite-luxury-quality
2,https://www.gempundit.com/gemstones/alexandrite/alexandrite-premium-quality
3,https://www.gempundit.com/gemstones/alexandrite/alexandrite-gp111439
4,https://www.gempundit.com/gemstones/alexandrite/alexandrite-gp111445
5,https://www.gempundit.com/gemstones/alexandrite/alexandrite-gp111434
6,https://www.gempundit.com/gemstones/alexandrite/alexandrite-gp115508
7,https://www.gempundit.com/gemstones/alexandrite/alexandrite-gp111345
8,https://www.gempundit.com/gemstones/alexandrite/alexandrite-gp115507
9,https://www.gempundit.com/gemstones/alexandrite/alexandrite-gp111430
10,https://www.gempundit.com/gemstones/alexandrite/cats-eye-gp112443
11,https://www.gempundit.com/gemstones/alexandrite/alexandrite-gp111446
12,https://www.gempundit.com/gemstones/alexandrite/alexandrite-gp112291
13,https://www.gempundit.com/gemstones/alexandrite/alexandrite-gp111406
14,https://www.gempundit.com/gemstones/alexandrite/alexandrite-gp111448
15,https://www.gempundit.com/gemstones/alexandrite/alexandrite-gp115506
16,https://www.gempundit.com/gemstones/alexandrite/alexandrite-gp111360
17,https://www.gempundit.com/gemstones/alexandrite/alexandrite-gp111362
18,https://www.gempundit.com/gemstones/alexandrite/cats-eye-gp112436
19,https://www.gempundit.com/gemstones/alexandrite/alexandrite-gp111409
20,https://www.gempundit.com/gemstones/alexandrite/alexandrite-gp111405
21,https://www.gempundit.com/gemstones/alexandrite/alexandrite-gp111367
22,https://www.gempundit.com/gemstones/alexandrite/alexandrite-gp111361
23,https://www.gempundit.com/gemstones/alexandrite/alexandrite-gp118140
24,https://www.gempundit.com/gemstones/alexandrite/alexandrite-gp111411
25,https://www.gempundit.com/gemstones/alexandrite/alexandrite-gp111371
26,https://www.gempundit.com/gemstones/alexandrite/alexandrite-gp111372
27,https://www.gempundit.com/gemstones/alexandrite/green-alexandrite-super-luxury
28,https://www.gempundit.com/gemstones/alexandrite/alexandrite-luxury-quality
29,https://www.gempundit.com/gemstones/alexandrite/alexandrite-premium-quality
30,https://www.gempundit.com/gemstones/alexandrite/cats-eye-gp112438
31,https://www.gempundit.com/gemstones/alexandrite/cats-eye-gp112440
32,https://www.gempundit.com/gemstones/alexandrite/cats-eye-gp112439
33,https://www.gempundit.com/gemstones/alexandrite/alexandrite-gp112280
34,https://www.gempundit.com/gemstones/alexandrite/alexandrite-gp111364
35,https://www.gempundit.com/gemstones/alexandrite/alexandrite-gp111397
36,https://www.gempundit.com/gemstones/alexandrite/alexandrite-gp111370
37,https://www.gempundit.com/gemstones/alexandrite/alexandrite-gp111467
38,https://www.gempundit.com/gemstones/alexandrite/alexandrite-gp111470
39,https://www.gempundit.com/gemstones/alexandrite/alexandrite-gp111469
40,https://www.gempundit.com/gemstones/alexandrite/alexandrite-gp118142
41,https://www.gempundit.com/gemstones/alexandrite/alexandrite-gp111466
42,https://www.gempundit.com/gemstones/alexandrite/alexandrite-gp120910
43,https://www.gempundit.com/gemstones/alexandrite/alexandrite-gp117568
44,https://www.gempundit.com/gemstones/alexandrite/alexandrite-gp112285
45,https://www.gempundit.com/gemstones/alexandrite/alexandrite-gp111404
46,https://www.gempundit.com/gemstones/alexandrite/alexandrite-gp112289
47,https://www.gempundit.com/gemstones/alexandrite/alexandrite-gp111383
48,https://www.gempundit.com/gemstones/alexandrite/alexandrite-gp131556
49,https://www.gempundit.com/gemstones/alexandrite/alexandrite-gp115505
50,https://www.gempundit.com/gemstones/alexandrite/alexandrite-gp111449
51,https://www.gempundit.com/gemstones/alexandrite/alexandrite-gp111476
52,https://www.gempundit.com/gemstones/alexandrite/alexandrite-gp111464
53,https://www.gempundit.com/gemstones/alexandrite/cats-eye-gp112435
54,https://www.gempundit.com/gemstones/alexandrite/green-alexandrite-super-luxury
55,https://www.gempundit.com/gemstones/alexandrite/alexandrite-luxury-quality
56,https://www.gempundit.com/gemstones/alexandrite/alexandrite-premium-quality
57,https://www.gempundit.com/gemstones/alexandrite/alexandrite-gp111457
58,https://www.gempundit.com/gemstones/alexandrite/alexandrite-gp118139
59,https://www.gempundit.com/gemstones/alexandrite/alexandrite-gp111408
60,https://www.gempundit.com/gemstones/alexandrite/alexandrite-gp111443
61,https://www.gempundit.com/gemstones/alexandrite/cats-eye-gp112441
62,https://www.gempundit.com/gemstones/alexandrite/alexandrite-gp115511
63,https://www.gempundit.com/gemstones/alexandrite/alexandrite-gp113997
64,https://www.gempundit.com/gemstones/alexandrite/alexandrite-gp115504
65,https://www.gempundit.com/gemstones/alexandrite/alexandrite-gp112818
66,https://www.gempundit.com/gemstones/alexandrite/cats-eye-gp112442
67,https://www.gempundit.com/gemstones/alexandrite/alexandrite-gp111468
68,https://www.gempundit.com/gemstones/alexandrite/alexandrite-gp111475
69,https://www.gempundit.com/gemstones/alexandrite/alexandrite-gp111453
70,https://www.gempundit.com/gemstones/alexandrite/alexandrite-gp114000
71,https://www.gempundit.com/gemstones/alexandrite/alexandrite-gp118141
72,https://www.gempundit.com/gemstones/alexandrite/alexandrite-gp113990
73,https://www.gempundit.com/gemstones/alexandrite/alexandrite-gp111462
74,https://www.gempundit.com/gemstones/alexandrite/alexandrite-gp112287
75,https://www.gempundit.com/gemstones/alexandrite/alexandrite-gp111450
76,https://www.gempundit.com/gemstones/alexandrite/alexandrite-gp112820
77,https://www.gempundit.com/gemstones/alexandrite/alexandrite-gp115503
78,https://www.gempundit.com/gemstones/alexandrite/alexandrite-gp118127
79,https://www.gempundit.com/gemstones/alexandrite/alexandrite-gp113982
80,https://www.gempundit.com/gemstones/alexandrite/alexandrite-gp122384
81,https://www.gempundit.com/gemstones/alexandrite/green-alexandrite-super-luxury
82,https://www.gempundit.com/gemstones/alexandrite/alexandrite-luxury-quality
83,https://www.gempundit.com/gemstones/alexandrite/alexandrite-premium-quality
84,https://www.gempundit.com/gemstones/alexandrite/cats-eye-gp112437
85,https://www.gempundit.com/gemstones/alexandrite/alexandrite-gp111412
86,https://www.gempundit.com/gemstones/alexandrite/alexandrite-gp111390
87,https://www.gempundit.com/gemstones/alexandrite/alexandrite-gp111456
88,https://www.gempundit.com/gemstones/alexandrite/alexandrite-gp111352
89,https://www.gempundit.com/gemstones/alexandrite/alexandrite-gp111451
90,https://www.gempundit.com/gemstones/alexandrite/alexandrite-gp111474
91,https://www.gempundit.com/gemstones/alexandrite/alexandrite-gp118130
92,https://www.gempundit.com/gemstones/alexandrite/alexandrite-gp112283
93,https://www.gempundit.com/gemstones/alexandrite/alexandrite-gp111363
94,https://www.gempundit.com/gemstones/alexandrite/alexandrite-gp111460
95,https://www.gempundit.com/gemstones/alexandrite/alexandrite-gp118122
96,https://www.gempundit.com/gemstones/alexandrite/alexandrite-gp131557
97,https://www.gempundit.com/gemstones/alexandrite/alexandrite-gp111355
98,https://www.gempundit.com/gemstones/alexandrite/alexandrite-gp111427
99,https://www.gempundit.com/gemstones/alexandrite/alexandrite-gp111455
100,https://www.gempundit.com/gemstones/alexandrite/alexandrite-gp113972
101,https://www.gempundit.com/gemstones/alexandrite/alexandrite-gp111381
102,https://www.gempundit.com/gemstones/alexandrite/alexandrite-gp122383
103,https://www.gempundit.com/gemstones/alexandrite/alexandrite-gp131555
104,https://www.gempundit.com/gemstones/alexandrite/alexandrite-gp118133
105,https://www.gempundit.com/gemstones/alexandrite/alexandrite-gp113995
106,https://www.gempundit.com/gemstones/alexandrite/alexandrite-gp111420
107,https://www.gempundit.com/gemstones/alexandrite/alexandrite-gp117569
108,https://www.gempundit.com/gemstones/alexandrite/green-alexandrite-super-luxury
109,https://www.gempundit.com/gemstones/alexandrite/alexandrite-luxury-quality
110,https://www.gempundit.com/gemstones/alexandrite/alexandrite-premium-quality
111,https://www.gempundit.com/gemstones/alexandrite/alexandrite-gp112279
112,https://www.gempundit.com/gemstones/alexandrite/alexandrite-gp122385
113,https://www.gempundit.com/gemstones/alexandrite/alexandrite-gp118129
114,https://www.gempundit.com/gemstones/alexandrite/alexandrite-gp111392
115,https://www.gempundit.com/gemstones/alexandrite/alexandrite-gp113999
116,https://www.gempundit.com/gemstones/alexandrite/alexandrite-gp111454
117,https://www.gempundit.com/gemstones/alexandrite/cats-eye-gp103512
118,https://www.gempundit.com/gemstones/alexandrite/alexandrite-gp111354
119,https://www.gempundit.com/gemstones/alexandrite/alexandrite-gp113973
120,https://www.gempundit.com/gemstones/alexandrite/alexandrite-gp122386
121,https://www.gempundit.com/gemstones/alexandrite/alexandrite-gp113996
122,https://www.gempundit.com/gemstones/alexandrite/alexandrite-gp113974
123,https://www.gempundit.com/gemstones/alexandrite/alexandrite-gp111349
124,https://www.gempundit.com/gemstones/alexandrite/alexandrite-gp111380
125,https://www.gempundit.com/gemstones/alexandrite/alexandrite-gp131554
126,https://www.gempundit.com/gemstones/alexandrite/alexandrite-gp113980
127,https://www.gempundit.com/gemstones/alexandrite/alexandrite-gp111366
128,https://www.gempundit.com/gemstones/alexandrite/alexandrite-gp113989
129,https://www.gempundit.com/gemstones/alexandrite/alexandrite-gp111465
130,https://www.gempundit.com/gemstones/alexandrite/alexandrite-gp118135
131,https://www.gempundit.com/gemstones/alexandrite/alexandrite-gp131559
132,https://www.gempundit.com/gemstones/alexandrite/alexandrite-gp113998
133,https://www.gempundit.com/gemstones/alexandrite/alexandrite-gp111391
134,https://www.gempundit.com/gemstones/alexandrite/alexandrite-gp111388
135,https://www.gempundit.com/gemstones/alexandrite/green-alexandrite-super-luxury
136,https://www.gempundit.com/gemstones/alexandrite/alexandrite-luxury-quality
137,https://www.gempundit.com/gemstones/alexandrite/alexandrite-premium-quality
138,https://www.gempundit.com/gemstones/alexandrite/alexandrite-gp83633
139,https://www.gempundit.com/gemstones/alexandrite/alexandrite-gp111485
140,https://www.gempundit.com/gemstones/alexandrite/alexandrite-gp118123
141,https://www.gempundit.com/gemstones/alexandrite/alexandrite-gp113981
142,https://www.gempundit.com/gemstones/alexandrite/alexandrite-gp118126
143,https://www.gempundit.com/gemstones/alexandrite/alexandrite-gp122387
144,https://www.gempundit.com/gemstones/alexandrite/alexandrite-gp111402
145,https://www.gempundit.com/gemstones/alexandrite/cats-eye-gp126008
146,https://www.gempundit.com/gemstones/alexandrite/alexandrite-gp118136
147,https://www.gempundit.com/gemstones/alexandrite/alexandrite-gp113979
148,https://www.gempundit.com/gemstones/alexandrite/alexandrite-gp113977
149,https://www.gempundit.com/gemstones/alexandrite/alexandrite-gp111357
150,https://www.gempundit.com/gemstones/alexandrite/alexandrite-gp113983
151,https://www.gempundit.com/gemstones/alexandrite/alexandrite-gp111491
152,https://www.gempundit.com/gemstones/alexandrite/alexandrite-gp111490
153,https://www.gempundit.com/gemstones/alexandrite/alexandrite-gp131558
154,https://www.gempundit.com/gemstones/alexandrite/alexandrite-gp117567
155,https://www.gempundit.com/gemstones/alexandrite/alexandrite-gp111472
156,https://www.gempundit.com/gemstones/alexandrite/alexandrite-gp112286
157,https://www.gempundit.com/gemstones/alexandrite/alexandrite-gp111377
158,https://www.gempundit.com/gemstones/alexandrite/alexandrite-gp111375
159,https://www.gempundit.com/gemstones/alexandrite/alexandrite-gp111386
160,https://www.gempundit.com/gemstones/alexandrite/alexandrite-gp83629
161,https://www.gempundit.com/gemstones/alexandrite/alexandrite-gp122644
162,https://www.gempundit.com/gemstones/alexandrite/green-alexandrite-super-luxury
163,https://www.gempundit.com/gemstones/alexandrite/alexandrite-luxury-quality
164,https://www.gempundit.com/gemstones/alexandrite/alexandrite-premium-quality
165,https://www.gempundit.com/gemstones/alexandrite/alexandrite-gp118134
166,https://www.gempundit.com/gemstones/alexandrite/alexandrite-gp113993
167,https://www.gempundit.com/gemstones/alexandrite/alexandrite-gp111399
168,https://www.gempundit.com/gemstones/alexandrite/cats-eye-gp126009
169,https://www.gempundit.com/gemstones/alexandrite/alexandrite-gp111493
170,https://www.gempundit.com/gemstones/alexandrite/alexandrite-gp111384
171,https://www.gempundit.com/gemstones/alexandrite/alexandrite-gp111347
172,https://www.gempundit.com/gemstones/alexandrite/alexandrite-gp97375
173,https://www.gempundit.com/gemstones/alexandrite/alexandrite-gp131322
174,https://www.gempundit.com/gemstones/alexandrite/alexandrite-gp111473
175,https://www.gempundit.com/gemstones/alexandrite/alexandrite-gp97525
176,https://www.gempundit.com/gemstones/alexandrite/alexandrite-gp122382
177,https://www.gempundit.com/gemstones/alexandrite/alexandrite-gp55944
178,https://www.gempundit.com/gemstones/alexandrite/alexandrite-gp113975
179,https://www.gempundit.com/gemstones/alexandrite/cats-eye-gp126010
180,https://www.gempundit.com/gemstones/alexandrite/alexandrite-gp111393
181,https://www.gempundit.com/gemstones/alexandrite/alexandrite-gp118132
182,https://www.gempundit.com/gemstones/alexandrite/alexandrite-gp111425
183,https://www.gempundit.com/gemstones/alexandrite/alexandrite-gp131560
184,https://www.gempundit.com/gemstones/alexandrite/alexandrite-gp113976
185,https://www.gempundit.com/gemstones/alexandrite/alexandrite-gp113978
186,https://www.gempundit.com/gemstones/alexandrite/alexandrite-gp112821
187,https://www.gempundit.com/gemstones/alexandrite/alexandrite-gp111359
188,https://www.gempundit.com/gemstones/alexandrite/alexandrite-gp111426
189,https://www.gempundit.com/gemstones/alexandrite/green-alexandrite-super-luxury
190,https://www.gempundit.com/gemstones/alexandrite/alexandrite-luxury-quality
191,https://www.gempundit.com/gemstones/alexandrite/alexandrite-premium-quality
192,https://www.gempundit.com/gemstones/alexandrite/alexandrite-gp111419
193,https://www.gempundit.com/gemstones/alexandrite/alexandrite-gp111416
194,https://www.gempundit.com/gemstones/alexandrite/alexandrite-gp131323
195,https://www.gempundit.com/gemstones/alexandrite/alexandrite-gp111401
196,https://www.gempundit.com/gemstones/alexandrite/alexandrite-gp113985
197,https://www.gempundit.com/gemstones/alexandrite/alexandrite-gp111400
198,https://www.gempundit.com/gemstones/alexandrite/alexandrite-gp111413
199,https://www.gempundit.com/gemstones/alexandrite/alexandrite-gp111487
200,https://www.gempundit.com/gemstones/alexandrite/alexandrite-gp113984
201,https://www.gempundit.com/gemstones/alexandrite/alexandrite-gp118128
202,https://www.gempundit.com/gemstones/alexandrite/alexandrite-gp111422
203,https://www.gempundit.com/gemstones/alexandrite/alexandrite-gp111499
204,https://www.gempundit.com/gemstones/alexandrite/alexandrite-gp118124
205,https://www.gempundit.com/gemstones/alexandrite/alexandrite-gp111415
206,https://www.gempundit.com/gemstones/alexandrite/alexandrite-gp97374
207,https://www.gempundit.com/gemstones/alexandrite/alexandrite-gp111373
208,https://www.gempundit.com/gemstones/alexandrite/alexandrite-gp113986
209,https://www.gempundit.com/gemstones/alexandrite/alexandrite-gp118131
210,https://www.gempundit.com/gemstones/alexandrite/alexandrite-gp130662
211,https://www.gempundit.com/gemstones/alexandrite/alexandrite-gp111492
212,https://www.gempundit.com/gemstones/alexandrite/alexandrite-gp111486
213,https://www.gempundit.com/gemstones/alexandrite/alexandrite-gp96804
214,https://www.gempundit.com/gemstones/alexandrite/alexandrite-gp111495
215,https://www.gempundit.com/gemstones/alexandrite/alexandrite-gp113806
216,https://www.gempundit.com/gemstones/alexandrite/green-alexandrite-super-luxury
217,https://www.gempundit.com/gemstones/alexandrite/alexandrite-luxury-quality
218,https://www.gempundit.com/gemstones/alexandrite/alexandrite-premium-quality
219,https://www.gempundit.com/gemstones/alexandrite/alexandrite-gp111387
220,https://www.gempundit.com/gemstones/alexandrite/alexandrite-gp111374
221,https://www.gempundit.com/gemstones/alexandrite/alexandrite-gp113991
222,https://www.gempundit.com/gemstones/alexandrite/alexandrite-gp97369
223,https://www.gempundit.com/gemstones/alexandrite/alexandrite-gp111463
224,https://www.gempundit.com/gemstones/alexandrite/alexandrite-gp113988
225,https://www.gempundit.com/gemstones/alexandrite/alexandrite-gp97364
226,https://www.gempundit.com/gemstones/alexandrite/alexandrite-gp126596
227,https://www.gempundit.com/gemstones/alexandrite/alexandrite-gp96803
228,https://www.gempundit.com/gemstones/alexandrite/alexandrite-gp113803
229,https://www.gempundit.com/gemstones/alexandrite/alexandrite-gp113987
230,https://www.gempundit.com/gemstones/alexandrite/alexandrite-gp97368
231,https://www.gempundit.com/gemstones/alexandrite/alexandrite-gp124765
232,https://www.gempundit.com/gemstones/alexandrite/alexandrite-gp111481
233,https://www.gempundit.com/gemstones/alexandrite/alexandrite-gp111428
234,https://www.gempundit.com/gemstones/alexandrite/alexandrite-gp96616
235,https://www.gempundit.com/gemstones/alexandrite/alexandrite-gp126598
236,https://www.gempundit.com/gemstones/alexandrite/alexandrite-gp111489
237,https://www.gempundit.com/gemstones/alexandrite/alexandrite-gp111478
238,https://www.gempundit.com/gemstones/alexandrite/alexandrite-gp111482
239,https://www.gempundit.com/gemstones/alexandrite/alexandrite-gp126594
240,https://www.gempundit.com/gemstones/alexandrite/alexandrite-gp97080
241,https://www.gempundit.com/gemstones/alexandrite/alexandrite-gp97074
242,https://www.gempundit.com/gemstones/alexandrite/alexandrite-gp96840
243,https://www.gempundit.com/gemstones/alexandrite/green-alexandrite-super-luxury
244,https://www.gempundit.com/gemstones/alexandrite/alexandrite-luxury-quality
245,https://www.gempundit.com/gemstones/alexandrite/alexandrite-premium-quality
246,https://www.gempundit.com/gemstones/alexandrite/alexandrite-gp97536
247,https://www.gempundit.com/gemstones/alexandrite/alexandrite-gp97372
248,https://www.gempundit.com/gemstones/alexandrite/alexandrite-gp97082
249,https://www.gempundit.com/gemstones/alexandrite/alexandrite-gp111494
250,https://www.gempundit.com/gemstones/alexandrite/alexandrite-gp114700
251,https://www.gempundit.com/gemstones/alexandrite/alexandrite-gp97084
252,https://www.gempundit.com/gemstones/alexandrite/alexandrite-gp118138
253,https://www.gempundit.com/gemstones/alexandrite/alexandrite-gp122362
254,https://www.gempundit.com/gemstones/alexandrite/alexandrite-gp126597
255,https://www.gempundit.com/gemstones/alexandrite/alexandrite-gp113992
256,https://www.gempundit.com/gemstones/alexandrite/alexandrite-gp111484
257,https://www.gempundit.com/gemstones/alexandrite/alexandrite-gp124952
258,https://www.gempundit.com/gemstones/alexandrite/alexandrite-gp124950
259,https://www.gempundit.com/gemstones/alexandrite/alexandrite-gp111461
260,https://www.gempundit.com/gemstones/alexandrite/alexandrite-gp111480
261,https://www.gempundit.com/gemstones/alexandrite/alexandrite-gp96627
262,https://www.gempundit.com/gemstones/alexandrite/alexandrite-gp112427
263,https://www.gempundit.com/gemstones/alexandrite/alexandrite-gp113655
264,https://www.gempundit.com/gemstones/alexandrite/alexandrite-gp118137
265,https://www.gempundit.com/gemstones/alexandrite/alexandrite-gp96611
266,https://www.gempundit.com/gemstones/alexandrite/alexandrite-gp114701
267,https://www.gempundit.com/gemstones/alexandrite/alexandrite-gp124766
268,https://www.gempundit.com/gemstones/alexandrite/alexandrite-gp111505
269,https://www.gempundit.com/gemstones/alexandrite/alexandrite-gp96842
270,https://www.gempundit.com/gemstones/alexandrite/green-alexandrite-super-luxury
271,https://www.gempundit.com/gemstones/alexandrite/alexandrite-luxury-quality
272,https://www.gempundit.com/gemstones/alexandrite/alexandrite-premium-quality
273,https://www.gempundit.com/gemstones/alexandrite/alexandrite-gp111503
274,https://www.gempundit.com/gemstones/alexandrite/alexandrite-gp97083
275,https://www.gempundit.com/gemstones/alexandrite/alexandrite-gp123048
276,https://www.gempundit.com/gemstones/alexandrite/alexandrite-gp97164
277,https://www.gempundit.com/gemstones/alexandrite/alexandrite-gp113802
278,https://www.gempundit.com/gemstones/alexandrite/alexandrite-gp114702
279,https://www.gempundit.com/gemstones/alexandrite/alexandrite-gp97540
280,https://www.gempundit.com/gemstones/alexandrite/alexandrite-gp97539
281,https://www.gempundit.com/gemstones/alexandrite/cats-eye-gp126011
282,https://www.gempundit.com/gemstones/alexandrite/alexandrite-gp111483
283,https://www.gempundit.com/gemstones/alexandrite/alexandrite-gp97541
284,https://www.gempundit.com/gemstones/alexandrite/alexandrite-gp111500
285,https://www.gempundit.com/gemstones/alexandrite/alexandrite-gp111488
286,https://www.gempundit.com/gemstones/alexandrite/alexandrite-gp111506
287,https://www.gempundit.com/gemstones/alexandrite/alexandrite-gp97526
288,https://www.gempundit.com/gemstones/alexandrite/alexandrite-gp97542
289,https://www.gempundit.com/gemstones/alexandrite/alexandrite-gp111504
290,https://www.gempundit.com/gemstones/alexandrite/alexandrite-gp111497
291,https://www.gempundit.com/gemstones/alexandrite/alexandrite-gp96288
292,https://www.gempundit.com/gemstones/alexandrite/alexandrite-gp133911
293,https://www.gempundit.com/gemstones/alexandrite/alexandrite-gp133910
294,https://www.gempundit.com/gemstones/alexandrite/alexandrite-gp133909
295,https://www.gempundit.com/gemstones/alexandrite/alexandrite-gp133908
296,https://www.gempundit.com/gemstones/alexandrite/alexandrite-gp132114
297,https://www.gempundit.com/gemstones/alexandrite/green-alexandrite-super-luxury
298,https://www.gempundit.com/gemstones/alexandrite/alexandrite-luxury-quality
299,https://www.gempundit.com/gemstones/alexandrite/alexandrite-premium-quality
300,https://www.gempundit.com/gemstones/alexandrite/alexandrite-gp132093
301,https://www.gempundit.com/gemstones/alexandrite/alexandrite-gp132092
302,https://www.gempundit.com/gemstones/alexandrite/alexandrite-gp129174
303,https://www.gempundit.com/gemstones/alexandrite/alexandrite-gp129173
304,https://www.gempundit.com/gemstones/alexandrite/alexandrite-gp126095
305,https://www.gempundit.com/gemstones/alexandrite/alexandrite-gp125780
306,https://www.gempundit.com/gemstones/alexandrite/alexandrite-gp124954
307,https://www.gempundit.com/gemstones/alexandrite/alexandrite-gp124953
308,https://www.gempundit.com/gemstones/alexandrite/alexandrite-gp124597
309,https://www.gempundit.com/gemstones/alexandrite/alexandrite-gp124550
310,https://www.gempundit.com/gemstones/alexandrite/alexandrite-gp124392
311,https://www.gempundit.com/gemstones/alexandrite/alexandrite-gp124262
312,https://www.gempundit.com/gemstones/alexandrite/alexandrite-gp124261
313,https://www.gempundit.com/gemstones/alexandrite/alexandrite-gp1238794
314,https://www.gempundit.com/gemstones/alexandrite/alexandrite-gp123360
315,https://www.gempundit.com/gemstones/alexandrite/alexandrite-gp123342
316,https://www.gempundit.com/gemstones/alexandrite/alexandrite-gp123341
317,https://www.gempundit.com/gemstones/alexandrite/alexandrite-gp123340
318,https://www.gempundit.com/gemstones/alexandrite/alexandrite-gp123339
319,https://www.gempundit.com/gemstones/alexandrite/alexandrite-gp123338
320,https://www.gempundit.com/gemstones/alexandrite/alexandrite-gp123337
321,https://www.gempundit.com/gemstones/alexandrite/alexandrite-gp123336
322,https://www.gempundit.com/gemstones/alexandrite/alexandrite-gp123335
323,https://www.gempundit.com/gemstones/alexandrite/alexandrite-gp123334
324,https://www.gempundit.com/gemstones/alexandrite/green-alexandrite-super-luxury
325,https://www.gempundit.com/gemstones/alexandrite/alexandrite-luxury-quality
326,https://www.gempundit.com/gemstones/alexandrite/alexandrite-premium-quality
327,https://www.gempundit.com/gemstones/alexandrite/alexandrite-gp123049
328,https://www.gempundit.com/gemstones/alexandrite/alexandrite-gp123047
329,https://www.gempundit.com/gemstones/alexandrite/alexandrite-gp123046
330,https://www.gempundit.com/gemstones/alexandrite/alexandrite-gp122649
331,https://www.gempundit.com/gemstones/alexandrite/alexandrite-gp122648
332,https://www.gempundit.com/gemstones/alexandrite/alexandrite-gp122647
333,https://www.gempundit.com/gemstones/alexandrite/alexandrite-gp122646
334,https://www.gempundit.com/gemstones/alexandrite/alexandrite-gp122643
335,https://www.gempundit.com/gemstones/alexandrite/alexandrite-gp122642
336,https://www.gempundit.com/gemstones/alexandrite/alexandrite-gp122641
337,https://www.gempundit.com/gemstones/alexandrite/alexandrite-gp122640
338,https://www.gempundit.com/gemstones/alexandrite/alexandrite-gp122639
339,https://www.gempundit.com/gemstones/alexandrite/alexandrite-gp122638
340,https://www.gempundit.com/gemstones/alexandrite/alexandrite-all-gp122004
341,https://www.gempundit.com/gemstones/alexandrite/alexandrite-all-gp121990
342,https://www.gempundit.com/gemstones/alexandrite/alexandrite-gp118837
343,https://www.gempundit.com/gemstones/alexandrite/alexandrite-gp118827
344,https://www.gempundit.com/gemstones/alexandrite/alexandrite-gp114024
345,https://www.gempundit.com/gemstones/alexandrite/alexandrite-gp114047
346,https://www.gempundit.com/gemstones/alexandrite/alexandrite-gp114046
347,https://www.gempundit.com/gemstones/alexandrite/alexandrite-gp114045
348,https://www.gempundit.com/gemstones/alexandrite/alexandrite-gp114044
349,https://www.gempundit.com/gemstones/alexandrite/alexandrite-gp113810
350,https://www.gempundit.com/gemstones/alexandrite/alexandrite-gp113805
351,https://www.gempundit.com/gemstones/alexandrite/green-alexandrite-super-luxury
352,https://www.gempundit.com/gemstones/alexandrite/alexandrite-luxury-quality
353,https://www.gempundit.com/gemstones/alexandrite/alexandrite-premium-quality
354,https://www.gempundit.com/gemstones/alexandrite/alexandrite-gp113804
355,https://www.gempundit.com/gemstones/alexandrite/alexandrite-gp113654
356,https://www.gempundit.com/gemstones/alexandrite/alexandrite-gp113406
357,https://www.gempundit.com/gemstones/alexandrite/alexandrite-gp113405
358,https://www.gempundit.com/gemstones/alexandrite/alexandrite-gp113404
359,https://www.gempundit.com/gemstones/alexandrite/alexandrite-gp113403
360,https://www.gempundit.com/gemstones/alexandrite/alexandrite-gp113402
361,https://www.gempundit.com/gemstones/alexandrite/alexandrite-gp113401
362,https://www.gempundit.com/gemstones/alexandrite/alexandrite-gp97528
363,https://www.gempundit.com/gemstones/alexandrite/alexandrite-gp97527
364,https://www.gempundit.com/gemstones/alexandrite/alexandrite-gp97370
365,https://www.gempundit.com/gemstones/alexandrite/alexandrite-gp97363
366,https://www.gempundit.com/gemstones/alexandrite/alexandrite-gp97361
367,https://www.gempundit.com/gemstones/alexandrite/alexandrite-gp97176
368,https://www.gempundit.com/gemstones/alexandrite/alexandrite-gp97174
369,https://www.gempundit.com/gemstones/alexandrite/alexandrite-gp97165
370,https://www.gempundit.com/gemstones/alexandrite/alexandrite-gp97177
371,https://www.gempundit.com/gemstones/alexandrite/alexandrite-gp97173
372,https://www.gempundit.com/gemstones/alexandrite/alexandrite-gp97172
373,https://www.gempundit.com/gemstones/alexandrite/alexandrite-gp97169
374,https://www.gempundit.com/gemstones/alexandrite/alexandrite-gp97078
375,https://www.gempundit.com/gemstones/alexandrite/alexandrite-gp97075
376,https://www.gempundit.com/gemstones/alexandrite/alexandrite-gp97039
377,https://www.gempundit.com/gemstones/alexandrite/alexandrite-gp97037
378,https://www.gempundit.com/gemstones/alexandrite/green-alexandrite-super-luxury
379,https://www.gempundit.com/gemstones/alexandrite/alexandrite-luxury-quality
380,https://www.gempundit.com/gemstones/alexandrite/alexandrite-premium-quality
381,https://www.gempundit.com/gemstones/alexandrite/alexandrite-gp97035
382,https://www.gempundit.com/gemstones/alexandrite/alexandrite-gp96913
383,https://www.gempundit.com/gemstones/alexandrite/alexandrite-gp96909
384,https://www.gempundit.com/gemstones/alexandrite/alexandrite-gp96844
385,https://www.gempundit.com/gemstones/alexandrite/alexandrite-gp96843
386,https://www.gempundit.com/gemstones/alexandrite/alexandrite-gp96839
387,https://www.gempundit.com/gemstones/alexandrite/alexandrite-gp96732
388,https://www.gempundit.com/gemstones/alexandrite/alexandrite-gp96730
389,https://www.gempundit.com/gemstones/alexandrite/alexandrite-gp96367
390,https://www.gempundit.com/gemstones/alexandrite/alexandrite-gp96287
391,https://www.gempundit.com/gemstones/alexandrite/alexandrite-gp96284
392,https://www.gempundit.com/gemstones/alexandrite/alexandrite-gp95857
393,https://www.gempundit.com/gemstones/alexandrite/alexandrite-gp90950
394,https://www.gempundit.com/gemstones/alexandrite/alexandrite-gp90948
395,https://www.gempundit.com/gemstones/alexandrite/alexandrite-gp85543
396,https://www.gempundit.com/gemstones/alexandrite/alexandrite-gp85542
397,https://www.gempundit.com/gemstones/alexandrite/alexandrite-gp72302
398,https://www.gempundit.com/gemstones/alexandrite/alexandrite-gp72301
399,https://www.gempundit.com/gemstones/alexandrite/alexandrite-gp72300
400,https://www.gempundit.com/gemstones/alexandrite/alexandrite-gp72299
401,https://www.gempundit.com/gemstones/alexandrite/alexandrite-gp62969
402,https://www.gempundit.com/gemstones/alexandrite/alexandrite-gp62937
403,https://www.gempundit.com/gemstones/alexandrite/alexandrite-gp62936
404,https://www.gempundit.com/gemstones/alexandrite/alexandrite-gp62935
405,https://www.gempundit.com/gemstones/alexandrite/green-alexandrite-super-luxury
406,https://www.gempundit.com/gemstones/alexandrite/alexandrite-luxury-quality
407,https://www.gempundit.com/gemstones/alexandrite/alexandrite-premium-quality
408,https://www.gempundit.com/gemstones/alexandrite/alexandrite-gp62384
409,https://www.gempundit.com/gemstones/alexandrite/alexandrite-gp55324
410,https://www.gempundit.com/gemstones/alexandrite/alexandrite-gp47616
411,https://www.gempundit.com/gemstones/alexandrite/alexandrite-gp47203
412,https://www.gempundit.com/gemstones/alexandrite/alexandrite-gp47196
413,https://www.gempundit.com/gemstones/alexandrite/alexandrite-gp47197
414,https://www.gempundit.com/gemstones/alexandrite/alexandrite-gp36722
415,https://www.gempundit.com/gemstones/alexandrite/alexandrite-gp31035
