,Black Onyx
0,https://www.gempundit.com/gemstones/black-onyx/onyx-chalcedony-gp73801
1,https://www.gempundit.com/gemstones/black-onyx/onyx-chalcedony-gp73789
2,https://www.gempundit.com/gemstones/black-onyx/onyx-chalcedony-gp80873
3,https://www.gempundit.com/gemstones/black-onyx/onyx-chalcedony-gp73790
4,https://www.gempundit.com/gemstones/black-onyx/onyx-chalcedony-gp73788
5,https://www.gempundit.com/gemstones/black-onyx/onyx-chalcedony-gp70673
6,https://www.gempundit.com/gemstones/black-onyx/onyx-chalcedony-gp70670
7,https://www.gempundit.com/gemstones/black-onyx/onyx-chalcedony-gp70667
8,https://www.gempundit.com/gemstones/black-onyx/onyx-chalcedony-gp70558
9,https://www.gempundit.com/gemstones/black-onyx/onyx-chalcedony-gp73792
10,https://www.gempundit.com/gemstones/black-onyx/onyx-chalcedony-gp70553
11,https://www.gempundit.com/gemstones/black-onyx/onyx-chalcedony-gp70679
12,https://www.gempundit.com/gemstones/black-onyx/onyx-chalcedony-gp70674
13,https://www.gempundit.com/gemstones/black-onyx/onyx-chalcedony-gp70668
14,https://www.gempundit.com/gemstones/black-onyx/onyx-chalcedony-gp70551
15,https://www.gempundit.com/gemstones/black-onyx/onyx-chalcedony-gp70678
16,https://www.gempundit.com/gemstones/black-onyx/onyx-chalcedony-gp70554
17,https://www.gempundit.com/gemstones/black-onyx/onyx-chalcedony-gp70680
18,https://www.gempundit.com/gemstones/black-onyx/onyx-chalcedony-gp70669
19,https://www.gempundit.com/gemstones/black-onyx/onyx-chalcedony-gp73765
20,https://www.gempundit.com/gemstones/black-onyx/onyx-chalcedony-gp70550
21,https://www.gempundit.com/gemstones/black-onyx/onyx-chalcedony-gp70556
22,https://www.gempundit.com/gemstones/black-onyx/onyx-chalcedony-gp73758
23,https://www.gempundit.com/gemstones/black-onyx/onyx-chalcedony-gp70548
24,https://www.gempundit.com/gemstones/black-onyx/onyx-chalcedony-gp73793
25,https://www.gempundit.com/gemstones/black-onyx/onyx-chalcedony-gp70666
26,https://www.gempundit.com/gemstones/black-onyx/onyx-chalcedony-gp70534
27,https://www.gempundit.com/gemstones/black-onyx/onyx-chalcedony-gp73759
28,https://www.gempundit.com/gemstones/black-onyx/onyx-chalcedony-gp70677
29,https://www.gempundit.com/gemstones/black-onyx/onyx-chalcedony-gp70652
30,https://www.gempundit.com/gemstones/black-onyx/onyx-chalcedony-gp80865
31,https://www.gempundit.com/gemstones/black-onyx/onyx-chalcedony-gp70541
32,https://www.gempundit.com/gemstones/black-onyx/onyx-chalcedony-gp70654
33,https://www.gempundit.com/gemstones/black-onyx/onyx-chalcedony-gp70532
34,https://www.gempundit.com/gemstones/black-onyx/onyx-chalcedony-gp70662
35,https://www.gempundit.com/gemstones/black-onyx/onyx-chalcedony-gp73794
36,https://www.gempundit.com/gemstones/black-onyx/onyx-chalcedony-gp70540
37,https://www.gempundit.com/gemstones/black-onyx/onyx-chalcedony-gp73768
38,https://www.gempundit.com/gemstones/black-onyx/onyx-chalcedony-gp70663
39,https://www.gempundit.com/gemstones/black-onyx/onyx-chalcedony-gp70533
40,https://www.gempundit.com/gemstones/black-onyx/onyx-chalcedony-gp80868
41,https://www.gempundit.com/gemstones/black-onyx/onyx-chalcedony-gp70542
42,https://www.gempundit.com/gemstones/black-onyx/onyx-chalcedony-gp70545
43,https://www.gempundit.com/gemstones/black-onyx/onyx-chalcedony-gp73798
44,https://www.gempundit.com/gemstones/black-onyx/onyx-chalcedony-gp70538
45,https://www.gempundit.com/gemstones/black-onyx/onyx-chalcedony-gp73769
46,https://www.gempundit.com/gemstones/black-onyx/onyx-chalcedony-gp73762
47,https://www.gempundit.com/gemstones/black-onyx/onyx-chalcedony-gp70537
48,https://www.gempundit.com/gemstones/black-onyx/onyx-chalcedony-gp70659
49,https://www.gempundit.com/gemstones/black-onyx/onyx-chalcedony-gp80857
50,https://www.gempundit.com/gemstones/black-onyx/onyx-chalcedony-gp70536
51,https://www.gempundit.com/gemstones/black-onyx/onyx-chalcedony-gp70657
52,https://www.gempundit.com/gemstones/black-onyx/onyx-chalcedony-gp70664
53,https://www.gempundit.com/gemstones/black-onyx/onyx-chalcedony-gp73770
54,https://www.gempundit.com/gemstones/black-onyx/onyx-chalcedony-gp73761
55,https://www.gempundit.com/gemstones/black-onyx/onyx-chalcedony-gp70546
56,https://www.gempundit.com/gemstones/black-onyx/onyx-chalcedony-gp70653
57,https://www.gempundit.com/gemstones/black-onyx/onyx-chalcedony-gp73760
58,https://www.gempundit.com/gemstones/black-onyx/onyx-chalcedony-gp70539
59,https://www.gempundit.com/gemstones/black-onyx/onyx-chalcedony-gp70645
60,https://www.gempundit.com/gemstones/black-onyx/onyx-chalcedony-gp70543
61,https://www.gempundit.com/gemstones/black-onyx/onyx-chalcedony-gp70535
62,https://www.gempundit.com/gemstones/black-onyx/onyx-chalcedony-gp70517
63,https://www.gempundit.com/gemstones/black-onyx/onyx-chalcedony-gp73763
64,https://www.gempundit.com/gemstones/black-onyx/onyx-chalcedony-gp80853
65,https://www.gempundit.com/gemstones/black-onyx/onyx-chalcedony-gp80859
66,https://www.gempundit.com/gemstones/black-onyx/onyx-chalcedony-gp70525
67,https://www.gempundit.com/gemstones/black-onyx/onyx-chalcedony-gp73787
68,https://www.gempundit.com/gemstones/black-onyx/onyx-chalcedony-gp70529
69,https://www.gempundit.com/gemstones/black-onyx/onyx-chalcedony-gp70531
70,https://www.gempundit.com/gemstones/black-onyx/onyx-chalcedony-gp70530
71,https://www.gempundit.com/gemstones/black-onyx/onyx-chalcedony-gp70523
72,https://www.gempundit.com/gemstones/black-onyx/onyx-chalcedony-gp73767
73,https://www.gempundit.com/gemstones/black-onyx/onyx-chalcedony-gp70524
74,https://www.gempundit.com/gemstones/black-onyx/onyx-chalcedony-gp73799
75,https://www.gempundit.com/gemstones/black-onyx/onyx-chalcedony-gp70527
76,https://www.gempundit.com/gemstones/black-onyx/onyx-chalcedony-gp70526
77,https://www.gempundit.com/gemstones/black-onyx/onyx-chalcedony-gp70372
78,https://www.gempundit.com/gemstones/black-onyx/onyx-chalcedony-gp70380
79,https://www.gempundit.com/gemstones/black-onyx/onyx-chalcedony-gp70367
80,https://www.gempundit.com/gemstones/black-onyx/onyx-chalcedony-gp70519
81,https://www.gempundit.com/gemstones/black-onyx/onyx-chalcedony-gp70381
82,https://www.gempundit.com/gemstones/black-onyx/onyx-chalcedony-gp70736
83,https://www.gempundit.com/gemstones/black-onyx/onyx-chalcedony-gp70369
84,https://www.gempundit.com/gemstones/black-onyx/onyx-chalcedony-gp73862
85,https://www.gempundit.com/gemstones/black-onyx/onyx-chalcedony-gp70375
86,https://www.gempundit.com/gemstones/black-onyx/onyx-chalcedony-gp70520
87,https://www.gempundit.com/gemstones/black-onyx/onyx-chalcedony-gp73850
88,https://www.gempundit.com/gemstones/black-onyx/onyx-chalcedony-gp70650
89,https://www.gempundit.com/gemstones/black-onyx/onyx-chalcedony-gp70651
90,https://www.gempundit.com/gemstones/black-onyx/onyx-chalcedony-gp70368
91,https://www.gempundit.com/gemstones/black-onyx/onyx-chalcedony-gp73861
92,https://www.gempundit.com/gemstones/black-onyx/onyx-chalcedony-gp73783
93,https://www.gempundit.com/gemstones/black-onyx/onyx-chalcedony-gp70644
94,https://www.gempundit.com/gemstones/black-onyx/onyx-chalcedony-gp70646
95,https://www.gempundit.com/gemstones/black-onyx/onyx-chalcedony-gp70466
96,https://www.gempundit.com/gemstones/black-onyx/onyx-chalcedony-gp70469
97,https://www.gempundit.com/gemstones/black-onyx/onyx-chalcedony-gp73852
98,https://www.gempundit.com/gemstones/black-onyx/onyx-chalcedony-gp73756
99,https://www.gempundit.com/gemstones/black-onyx/onyx-chalcedony-gp70376
100,https://www.gempundit.com/gemstones/black-onyx/onyx-chalcedony-gp73748
101,https://www.gempundit.com/gemstones/black-onyx/onyx-chalcedony-gp70470
102,https://www.gempundit.com/gemstones/black-onyx/onyx-chalcedony-gp73855
103,https://www.gempundit.com/gemstones/black-onyx/onyx-chalcedony-gp73851
104,https://www.gempundit.com/gemstones/black-onyx/onyx-chalcedony-gp73746
105,https://www.gempundit.com/gemstones/black-onyx/onyx-chalcedony-gp70639
106,https://www.gempundit.com/gemstones/black-onyx/onyx-chalcedony-gp70459
107,https://www.gempundit.com/gemstones/black-onyx/onyx-chalcedony-gp70642
108,https://www.gempundit.com/gemstones/black-onyx/onyx-chalcedony-gp73858
109,https://www.gempundit.com/gemstones/black-onyx/onyx-chalcedony-gp73840
110,https://www.gempundit.com/gemstones/black-onyx/onyx-chalcedony-gp73751
111,https://www.gempundit.com/gemstones/black-onyx/onyx-chalcedony-gp70641
112,https://www.gempundit.com/gemstones/black-onyx/onyx-chalcedony-gp70463
113,https://www.gempundit.com/gemstones/black-onyx/onyx-chalcedony-gp73776
114,https://www.gempundit.com/gemstones/black-onyx/onyx-chalcedony-gp70647
115,https://www.gempundit.com/gemstones/black-onyx/onyx-chalcedony-gp70737
116,https://www.gempundit.com/gemstones/black-onyx/onyx-chalcedony-gp73780
117,https://www.gempundit.com/gemstones/black-onyx/onyx-chalcedony-gp73744
118,https://www.gempundit.com/gemstones/black-onyx/onyx-chalcedony-gp70457
119,https://www.gempundit.com/gemstones/black-onyx/onyx-chalcedony-gp73749
120,https://www.gempundit.com/gemstones/black-onyx/onyx-chalcedony-gp70638
121,https://www.gempundit.com/gemstones/black-onyx/onyx-chalcedony-gp73635
122,https://www.gempundit.com/gemstones/black-onyx/onyx-chalcedony-gp73752
123,https://www.gempundit.com/gemstones/black-onyx/onyx-chalcedony-gp73782
124,https://www.gempundit.com/gemstones/black-onyx/onyx-chalcedony-gp70729
125,https://www.gempundit.com/gemstones/black-onyx/onyx-chalcedony-gp70640
126,https://www.gempundit.com/gemstones/black-onyx/onyx-chalcedony-gp73773
127,https://www.gempundit.com/gemstones/black-onyx/onyx-chalcedony-gp73775
128,https://www.gempundit.com/gemstones/black-onyx/onyx-chalcedony-gp73754
129,https://www.gempundit.com/gemstones/black-onyx/onyx-chalcedony-gp73781
130,https://www.gempundit.com/gemstones/black-onyx/onyx-chalcedony-gp73778
131,https://www.gempundit.com/gemstones/black-onyx/onyx-chalcedony-gp73784
132,https://www.gempundit.com/gemstones/black-onyx/onyx-chalcedony-gp73829
133,https://www.gempundit.com/gemstones/black-onyx/onyx-chalcedony-gp73837
134,https://www.gempundit.com/gemstones/black-onyx/onyx-chalcedony-gp73835
135,https://www.gempundit.com/gemstones/black-onyx/onyx-chalcedony-gp73747
136,https://www.gempundit.com/gemstones/black-onyx/onyx-chalcedony-gp70732
137,https://www.gempundit.com/gemstones/black-onyx/onyx-chalcedony-gp73841
138,https://www.gempundit.com/gemstones/black-onyx/onyx-chalcedony-gp70627
139,https://www.gempundit.com/gemstones/black-onyx/onyx-chalcedony-gp73779
140,https://www.gempundit.com/gemstones/black-onyx/onyx-chalcedony-gp73854
141,https://www.gempundit.com/gemstones/black-onyx/onyx-chalcedony-gp73777
142,https://www.gempundit.com/gemstones/black-onyx/onyx-chalcedony-gp73845
143,https://www.gempundit.com/gemstones/black-onyx/onyx-chalcedony-gp70727
144,https://www.gempundit.com/gemstones/black-onyx/onyx-chalcedony-gp73846
145,https://www.gempundit.com/gemstones/black-onyx/onyx-chalcedony-gp73785
146,https://www.gempundit.com/gemstones/black-onyx/onyx-chalcedony-gp73842
147,https://www.gempundit.com/gemstones/black-onyx/onyx-chalcedony-gp73639
148,https://www.gempundit.com/gemstones/black-onyx/onyx-chalcedony-gp70624
149,https://www.gempundit.com/gemstones/black-onyx/onyx-chalcedony-gp80851
150,https://www.gempundit.com/gemstones/black-onyx/onyx-chalcedony-gp70509
151,https://www.gempundit.com/gemstones/black-onyx/onyx-chalcedony-gp73634
152,https://www.gempundit.com/gemstones/black-onyx/onyx-chalcedony-gp80850
153,https://www.gempundit.com/gemstones/black-onyx/onyx-chalcedony-gp73838
154,https://www.gempundit.com/gemstones/black-onyx/onyx-chalcedony-gp73722
155,https://www.gempundit.com/gemstones/black-onyx/onyx-chalcedony-gp70634
156,https://www.gempundit.com/gemstones/black-onyx/onyx-chalcedony-gp70635
157,https://www.gempundit.com/gemstones/black-onyx/onyx-chalcedony-gp73819
158,https://www.gempundit.com/gemstones/black-onyx/onyx-chalcedony-gp73836
159,https://www.gempundit.com/gemstones/black-onyx/onyx-chalcedony-gp73642
160,https://www.gempundit.com/gemstones/black-onyx/onyx-chalcedony-gp70510
161,https://www.gempundit.com/gemstones/black-onyx/onyx-chalcedony-gp73774
162,https://www.gempundit.com/gemstones/black-onyx/onyx-chalcedony-gp70636
163,https://www.gempundit.com/gemstones/black-onyx/onyx-chalcedony-gp73839
164,https://www.gempundit.com/gemstones/black-onyx/onyx-chalcedony-gp70730
165,https://www.gempundit.com/gemstones/black-onyx/onyx-chalcedony-gp70513
166,https://www.gempundit.com/gemstones/black-onyx/onyx-chalcedony-gp70628
167,https://www.gempundit.com/gemstones/black-onyx/onyx-chalcedony-gp73164
168,https://www.gempundit.com/gemstones/black-onyx/onyx-chalcedony-gp70506
169,https://www.gempundit.com/gemstones/black-onyx/onyx-chalcedony-gp73821
170,https://www.gempundit.com/gemstones/black-onyx/onyx-chalcedony-gp70359
171,https://www.gempundit.com/gemstones/black-onyx/onyx-chalcedony-gp70595
172,https://www.gempundit.com/gemstones/black-onyx/onyx-chalcedony-gp73717
173,https://www.gempundit.com/gemstones/black-onyx/onyx-chalcedony-gp70630
174,https://www.gempundit.com/gemstones/black-onyx/onyx-chalcedony-gp70361
175,https://www.gempundit.com/gemstones/black-onyx/onyx-chalcedony-gp73847
176,https://www.gempundit.com/gemstones/black-onyx/onyx-chalcedony-gp70622
177,https://www.gempundit.com/gemstones/black-onyx/onyx-chalcedony-gp70360
178,https://www.gempundit.com/gemstones/black-onyx/onyx-chalcedony-gp70354
179,https://www.gempundit.com/gemstones/black-onyx/onyx-chalcedony-gp70626
180,https://www.gempundit.com/gemstones/black-onyx/onyx-chalcedony-gp73167
181,https://www.gempundit.com/gemstones/black-onyx/onyx-chalcedony-gp70503
182,https://www.gempundit.com/gemstones/black-onyx/onyx-chalcedony-gp70366
183,https://www.gempundit.com/gemstones/black-onyx/onyx-chalcedony-gp73844
184,https://www.gempundit.com/gemstones/black-onyx/onyx-chalcedony-gp73723
185,https://www.gempundit.com/gemstones/black-onyx/onyx-chalcedony-gp80847
186,https://www.gempundit.com/gemstones/black-onyx/onyx-chalcedony-gp70504
187,https://www.gempundit.com/gemstones/black-onyx/onyx-chalcedony-gp70516
188,https://www.gempundit.com/gemstones/black-onyx/onyx-chalcedony-gp73715
189,https://www.gempundit.com/gemstones/black-onyx/onyx-chalcedony-gp70687
190,https://www.gempundit.com/gemstones/black-onyx/onyx-chalcedony-gp73725
191,https://www.gempundit.com/gemstones/black-onyx/onyx-chalcedony-gp73721
192,https://www.gempundit.com/gemstones/black-onyx/onyx-chalcedony-gp70625
193,https://www.gempundit.com/gemstones/black-onyx/onyx-chalcedony-gp70515
194,https://www.gempundit.com/gemstones/black-onyx/onyx-chalcedony-gp73640
195,https://www.gempundit.com/gemstones/black-onyx/onyx-chalcedony-gp73834
196,https://www.gempundit.com/gemstones/black-onyx/onyx-chalcedony-gp73823
197,https://www.gempundit.com/gemstones/black-onyx/onyx-chalcedony-gp73638
198,https://www.gempundit.com/gemstones/black-onyx/onyx-chalcedony-gp73824
199,https://www.gempundit.com/gemstones/black-onyx/onyx-chalcedony-gp80931
200,https://www.gempundit.com/gemstones/black-onyx/onyx-chalcedony-gp73645
201,https://www.gempundit.com/gemstones/black-onyx/onyx-chalcedony-gp70731
202,https://www.gempundit.com/gemstones/black-onyx/onyx-chalcedony-gp70502
203,https://www.gempundit.com/gemstones/black-onyx/onyx-chalcedony-gp73786
204,https://www.gempundit.com/gemstones/black-onyx/onyx-chalcedony-gp70362
205,https://www.gempundit.com/gemstones/black-onyx/onyx-chalcedony-gp70355
206,https://www.gempundit.com/gemstones/black-onyx/onyx-chalcedony-gp70629
207,https://www.gempundit.com/gemstones/black-onyx/onyx-chalcedony-gp73843
208,https://www.gempundit.com/gemstones/black-onyx/onyx-chalcedony-gp70734
209,https://www.gempundit.com/gemstones/black-onyx/onyx-chalcedony-gp73643
210,https://www.gempundit.com/gemstones/black-onyx/onyx-chalcedony-gp73636
211,https://www.gempundit.com/gemstones/black-onyx/onyx-chalcedony-gp80940
212,https://www.gempundit.com/gemstones/black-onyx/onyx-chalcedony-gp70631
213,https://www.gempundit.com/gemstones/black-onyx/onyx-chalcedony-gp70600
214,https://www.gempundit.com/gemstones/black-onyx/onyx-chalcedony-gp70623
215,https://www.gempundit.com/gemstones/black-onyx/onyx-chalcedony-gp70508
216,https://www.gempundit.com/gemstones/black-onyx/onyx-chalcedony-gp73647
217,https://www.gempundit.com/gemstones/black-onyx/onyx-chalcedony-gp70353
218,https://www.gempundit.com/gemstones/black-onyx/onyx-chalcedony-gp70364
219,https://www.gempundit.com/gemstones/black-onyx/onyx-chalcedony-gp70511
220,https://www.gempundit.com/gemstones/black-onyx/onyx-chalcedony-gp70365
221,https://www.gempundit.com/gemstones/black-onyx/onyx-chalcedony-gp80849
222,https://www.gempundit.com/gemstones/black-onyx/onyx-chalcedony-gp80842
223,https://www.gempundit.com/gemstones/black-onyx/onyx-chalcedony-gp70441
224,https://www.gempundit.com/gemstones/black-onyx/onyx-chalcedony-gp70357
225,https://www.gempundit.com/gemstones/black-onyx/onyx-chalcedony-gp73724
226,https://www.gempundit.com/gemstones/black-onyx/onyx-chalcedony-gp70592
227,https://www.gempundit.com/gemstones/black-onyx/onyx-chalcedony-gp70594
228,https://www.gempundit.com/gemstones/black-onyx/onyx-chalcedony-gp80939
229,https://www.gempundit.com/gemstones/black-onyx/onyx-chalcedony-gp73716
230,https://www.gempundit.com/gemstones/black-onyx/onyx-chalcedony-gp70485
231,https://www.gempundit.com/gemstones/black-onyx/onyx-chalcedony-gp70483
232,https://www.gempundit.com/gemstones/black-onyx/onyx-chalcedony-gp73738
233,https://www.gempundit.com/gemstones/black-onyx/onyx-chalcedony-gp73720
234,https://www.gempundit.com/gemstones/black-onyx/onyx-chalcedony-gp70606
235,https://www.gempundit.com/gemstones/black-onyx/onyx-chalcedony-gp73833
236,https://www.gempundit.com/gemstones/black-onyx/onyx-chalcedony-gp73832
237,https://www.gempundit.com/gemstones/black-onyx/onyx-chalcedony-gp73820
238,https://www.gempundit.com/gemstones/black-onyx/onyx-chalcedony-gp70603
239,https://www.gempundit.com/gemstones/black-onyx/onyx-chalcedony-gp73714
240,https://www.gempundit.com/gemstones/black-onyx/onyx-chalcedony-gp70593
241,https://www.gempundit.com/gemstones/black-onyx/onyx-chalcedony-gp70598
242,https://www.gempundit.com/gemstones/black-onyx/onyx-chalcedony-gp73830
243,https://www.gempundit.com/gemstones/black-onyx/onyx-chalcedony-gp80834
244,https://www.gempundit.com/gemstones/black-onyx/onyx-chalcedony-gp70474
245,https://www.gempundit.com/gemstones/black-onyx/onyx-chalcedony-gp70599
246,https://www.gempundit.com/gemstones/black-onyx/onyx-chalcedony-gp70597
247,https://www.gempundit.com/gemstones/black-onyx/onyx-chalcedony-gp70602
248,https://www.gempundit.com/gemstones/black-onyx/onyx-chalcedony-gp70479
249,https://www.gempundit.com/gemstones/black-onyx/onyx-chalcedony-gp70728
250,https://www.gempundit.com/gemstones/black-onyx/onyx-chalcedony-gp70596
251,https://www.gempundit.com/gemstones/black-onyx/onyx-chalcedony-gp73827
252,https://www.gempundit.com/gemstones/black-onyx/onyx-chalcedony-gp73692
253,https://www.gempundit.com/gemstones/black-onyx/onyx-chalcedony-gp70723
254,https://www.gempundit.com/gemstones/black-onyx/onyx-chalcedony-gp70434
255,https://www.gempundit.com/gemstones/black-onyx/onyx-chalcedony-gp73822
256,https://www.gempundit.com/gemstones/black-onyx/onyx-chalcedony-gp73826
257,https://www.gempundit.com/gemstones/black-onyx/onyx-chalcedony-gp70430
258,https://www.gempundit.com/gemstones/black-onyx/onyx-chalcedony-gp70472
259,https://www.gempundit.com/gemstones/black-onyx/onyx-chalcedony-gp80926
260,https://www.gempundit.com/gemstones/black-onyx/onyx-chalcedony-gp70611
261,https://www.gempundit.com/gemstones/black-onyx/onyx-chalcedony-gp70431
262,https://www.gempundit.com/gemstones/black-onyx/onyx-chalcedony-gp80942
263,https://www.gempundit.com/gemstones/black-onyx/onyx-chalcedony-gp70605
264,https://www.gempundit.com/gemstones/black-onyx/onyx-chalcedony-gp73687
265,https://www.gempundit.com/gemstones/black-onyx/onyx-chalcedony-gp80941
266,https://www.gempundit.com/gemstones/black-onyx/onyx-chalcedony-gp73729
267,https://www.gempundit.com/gemstones/black-onyx/onyx-chalcedony-gp70475
268,https://www.gempundit.com/gemstones/black-onyx/onyx-chalcedony-gp70619
269,https://www.gempundit.com/gemstones/black-onyx/onyx-gp70481
270,https://www.gempundit.com/gemstones/black-onyx/onyx-chalcedony-gp73825
271,https://www.gempundit.com/gemstones/black-onyx/onyx-chalcedony-gp73831
272,https://www.gempundit.com/gemstones/black-onyx/onyx-chalcedony-gp73607
273,https://www.gempundit.com/gemstones/black-onyx/onyx-chalcedony-gp70476
274,https://www.gempundit.com/gemstones/black-onyx/onyx-chalcedony-gp73689
275,https://www.gempundit.com/gemstones/black-onyx/onyx-chalcedony-gp73684
276,https://www.gempundit.com/gemstones/black-onyx/onyx-chalcedony-gp73612
277,https://www.gempundit.com/gemstones/black-onyx/onyx-chalcedony-gp70344
278,https://www.gempundit.com/gemstones/black-onyx/onyx-chalcedony-gp70484
279,https://www.gempundit.com/gemstones/black-onyx/onyx-chalcedony-gp73682
280,https://www.gempundit.com/gemstones/black-onyx/onyx-chalcedony-gp70621
281,https://www.gempundit.com/gemstones/black-onyx/onyx-chalcedony-gp70726
282,https://www.gempundit.com/gemstones/black-onyx/onyx-chalcedony-gp70438
283,https://www.gempundit.com/gemstones/black-onyx/onyx-chalcedony-gp70607
284,https://www.gempundit.com/gemstones/black-onyx/onyx-chalcedony-gp70427
285,https://www.gempundit.com/gemstones/black-onyx/onyx-chalcedony-gp70433
286,https://www.gempundit.com/gemstones/black-onyx/onyx-chalcedony-gp73557
287,https://www.gempundit.com/gemstones/black-onyx/onyx-chalcedony-gp73726
288,https://www.gempundit.com/gemstones/black-onyx/onyx-chalcedony-gp70601
289,https://www.gempundit.com/gemstones/black-onyx/onyx-chalcedony-gp73615
290,https://www.gempundit.com/gemstones/black-onyx/onyx-chalcedony-gp73611
291,https://www.gempundit.com/gemstones/black-onyx/onyx-chalcedony-gp70609
292,https://www.gempundit.com/gemstones/black-onyx/onyx-chalcedony-gp70620
293,https://www.gempundit.com/gemstones/black-onyx/onyx-chalcedony-gp70617
294,https://www.gempundit.com/gemstones/black-onyx/onyx-chalcedony-gp70343
295,https://www.gempundit.com/gemstones/black-onyx/onyx-chalcedony-gp80932
296,https://www.gempundit.com/gemstones/black-onyx/onyx-chalcedony-gp80830
297,https://www.gempundit.com/gemstones/black-onyx/onyx-chalcedony-gp73742
298,https://www.gempundit.com/gemstones/black-onyx/onyx-chalcedony-gp73740
299,https://www.gempundit.com/gemstones/black-onyx/onyx-chalcedony-gp73733
300,https://www.gempundit.com/gemstones/black-onyx/onyx-chalcedony-gp73719
301,https://www.gempundit.com/gemstones/black-onyx/onyx-chalcedony-gp73731
302,https://www.gempundit.com/gemstones/black-onyx/onyx-chalcedony-gp73610
303,https://www.gempundit.com/gemstones/black-onyx/onyx-chalcedony-gp70608
304,https://www.gempundit.com/gemstones/black-onyx/onyx-chalcedony-gp70347
305,https://www.gempundit.com/gemstones/black-onyx/onyx-chalcedony-gp70616
306,https://www.gempundit.com/gemstones/black-onyx/onyx-chalcedony-gp73547
307,https://www.gempundit.com/gemstones/black-onyx/onyx-chalcedony-gp73691
308,https://www.gempundit.com/gemstones/black-onyx/onyx-chalcedony-gp73713
309,https://www.gempundit.com/gemstones/black-onyx/onyx-chalcedony-gp70613
310,https://www.gempundit.com/gemstones/black-onyx/onyx-chalcedony-gp73556
311,https://www.gempundit.com/gemstones/black-onyx/onyx-chalcedony-gp70486
312,https://www.gempundit.com/gemstones/black-onyx/onyx-chalcedony-gp70615
313,https://www.gempundit.com/gemstones/black-onyx/onyx-chalcedony-gp70345
314,https://www.gempundit.com/gemstones/black-onyx/onyx-chalcedony-gp73604
315,https://www.gempundit.com/gemstones/black-onyx/onyx-chalcedony-gp73718
316,https://www.gempundit.com/gemstones/black-onyx/onyx-chalcedony-gp70452
317,https://www.gempundit.com/gemstones/black-onyx/onyx-chalcedony-gp80928
318,https://www.gempundit.com/gemstones/black-onyx/onyx-chalcedony-gp80832
319,https://www.gempundit.com/gemstones/black-onyx/onyx-chalcedony-gp73681
320,https://www.gempundit.com/gemstones/black-onyx/onyx-chalcedony-gp73678
321,https://www.gempundit.com/gemstones/black-onyx/onyx-chalcedony-gp70614
322,https://www.gempundit.com/gemstones/black-onyx/onyx-chalcedony-gp70451
323,https://www.gempundit.com/gemstones/black-onyx/onyx-chalcedony-gp73828
324,https://www.gempundit.com/gemstones/black-onyx/onyx-chalcedony-gp70612
325,https://www.gempundit.com/gemstones/black-onyx/onyx-chalcedony-gp73688
326,https://www.gempundit.com/gemstones/black-onyx/onyx-chalcedony-gp73734
327,https://www.gempundit.com/gemstones/black-onyx/onyx-chalcedony-gp80917
328,https://www.gempundit.com/gemstones/black-onyx/onyx-chalcedony-gp73690
329,https://www.gempundit.com/gemstones/black-onyx/onyx-chalcedony-gp73815
330,https://www.gempundit.com/gemstones/black-onyx/onyx-chalcedony-gp73548
331,https://www.gempundit.com/gemstones/black-onyx/onyx-chalcedony-gp73736
332,https://www.gempundit.com/gemstones/black-onyx/onyx-chalcedony-gp70337
333,https://www.gempundit.com/gemstones/black-onyx/onyx-chalcedony-gp73737
334,https://www.gempundit.com/gemstones/black-onyx/onyx-chalcedony-gp70351
335,https://www.gempundit.com/gemstones/black-onyx/onyx-chalcedony-gp73809
336,https://www.gempundit.com/gemstones/black-onyx/onyx-chalcedony-gp73686
337,https://www.gempundit.com/gemstones/black-onyx/onyx-chalcedony-gp80944
338,https://www.gempundit.com/gemstones/black-onyx/onyx-chalcedony-gp70338
339,https://www.gempundit.com/gemstones/black-onyx/onyx-chalcedony-gp73553
340,https://www.gempundit.com/gemstones/black-onyx/onyx-chalcedony-gp73683
341,https://www.gempundit.com/gemstones/black-onyx/onyx-chalcedony-gp73732
342,https://www.gempundit.com/gemstones/black-onyx/onyx-chalcedony-gp73817
343,https://www.gempundit.com/gemstones/black-onyx/onyx-chalcedony-gp73679
344,https://www.gempundit.com/gemstones/black-onyx/onyx-chalcedony-gp73605
345,https://www.gempundit.com/gemstones/black-onyx/onyx-chalcedony-gp70349
346,https://www.gempundit.com/gemstones/black-onyx/onyx-chalcedony-gp73554
347,https://www.gempundit.com/gemstones/black-onyx/onyx-chalcedony-gp70725
348,https://www.gempundit.com/gemstones/black-onyx/onyx-chalcedony-gp80923
349,https://www.gempundit.com/gemstones/black-onyx/onyx-chalcedony-gp73552
350,https://www.gempundit.com/gemstones/black-onyx/onyx-chalcedony-gp73550
351,https://www.gempundit.com/gemstones/black-onyx/onyx-chalcedony-gp73685
352,https://www.gempundit.com/gemstones/black-onyx/onyx-chalcedony-gp73544
353,https://www.gempundit.com/gemstones/black-onyx/onyx-chalcedony-gp73609
354,https://www.gempundit.com/gemstones/black-onyx/onyx-chalcedony-gp70346
355,https://www.gempundit.com/gemstones/black-onyx/onyx-chalcedony-gp70341
356,https://www.gempundit.com/gemstones/black-onyx/onyx-chalcedony-gp73606
357,https://www.gempundit.com/gemstones/black-onyx/onyx-chalcedony-gp80933
358,https://www.gempundit.com/gemstones/black-onyx/onyx-chalcedony-gp70586
359,https://www.gempundit.com/gemstones/black-onyx/onyx-chalcedony-gp73804
360,https://www.gempundit.com/gemstones/black-onyx/onyx-chalcedony-gp73680
361,https://www.gempundit.com/gemstones/black-onyx/onyx-chalcedony-gp73573
362,https://www.gempundit.com/gemstones/black-onyx/onyx-chalcedony-gp73810
363,https://www.gempundit.com/gemstones/black-onyx/onyx-chalcedony-gp73735
364,https://www.gempundit.com/gemstones/black-onyx/onyx-chalcedony-gp70350
365,https://www.gempundit.com/gemstones/black-onyx/onyx-chalcedony-gp70583
366,https://www.gempundit.com/gemstones/black-onyx/onyx-chalcedony-gp73813
367,https://www.gempundit.com/gemstones/black-onyx/onyx-chalcedony-gp80929
368,https://www.gempundit.com/gemstones/black-onyx/onyx-chalcedony-gp73535
369,https://www.gempundit.com/gemstones/black-onyx/onyx-chalcedony-gp73580
370,https://www.gempundit.com/gemstones/black-onyx/onyx-chalcedony-gp73528
371,https://www.gempundit.com/gemstones/black-onyx/onyx-chalcedony-gp73616
372,https://www.gempundit.com/gemstones/black-onyx/onyx-chalcedony-gp73582
373,https://www.gempundit.com/gemstones/black-onyx/onyx-chalcedony-gp73814
374,https://www.gempundit.com/gemstones/black-onyx/onyx-chalcedony-gp73739
375,https://www.gempundit.com/gemstones/black-onyx/onyx-chalcedony-gp73583
376,https://www.gempundit.com/gemstones/black-onyx/onyx-chalcedony-gp70450
377,https://www.gempundit.com/gemstones/black-onyx/onyx-chalcedony-gp73806
378,https://www.gempundit.com/gemstones/black-onyx/onyx-chalcedony-gp70578
379,https://www.gempundit.com/gemstones/black-onyx/onyx-chalcedony-gp73808
380,https://www.gempundit.com/gemstones/black-onyx/onyx-chalcedony-gp70591
381,https://www.gempundit.com/gemstones/black-onyx/onyx-chalcedony-gp70446
382,https://www.gempundit.com/gemstones/black-onyx/onyx-chalcedony-gp73803
383,https://www.gempundit.com/gemstones/black-onyx/onyx-chalcedony-gp73587
384,https://www.gempundit.com/gemstones/black-onyx/onyx-chalcedony-gp70585
385,https://www.gempundit.com/gemstones/black-onyx/onyx-chalcedony-gp73608
386,https://www.gempundit.com/gemstones/black-onyx/onyx-chalcedony-gp73574
387,https://www.gempundit.com/gemstones/black-onyx/onyx-chalcedony-gp73543
388,https://www.gempundit.com/gemstones/black-onyx/onyx-chalcedony-gp73811
389,https://www.gempundit.com/gemstones/black-onyx/onyx-chalcedony-gp73805
390,https://www.gempundit.com/gemstones/black-onyx/onyx-chalcedony-gp70577
391,https://www.gempundit.com/gemstones/black-onyx/onyx-chalcedony-gp73730
392,https://www.gempundit.com/gemstones/black-onyx/onyx-chalcedony-gp73816
393,https://www.gempundit.com/gemstones/black-onyx/onyx-chalcedony-gp70579
394,https://www.gempundit.com/gemstones/black-onyx/onyx-chalcedony-gp70724
395,https://www.gempundit.com/gemstones/black-onyx/onyx-chalcedony-gp73677
396,https://www.gempundit.com/gemstones/black-onyx/onyx-chalcedony-gp80934
397,https://www.gempundit.com/gemstones/black-onyx/onyx-chalcedony-gp70580
398,https://www.gempundit.com/gemstones/black-onyx/onyx-chalcedony-gp73529
399,https://www.gempundit.com/gemstones/black-onyx/onyx-chalcedony-gp70589
400,https://www.gempundit.com/gemstones/black-onyx/onyx-chalcedony-gp70716
401,https://www.gempundit.com/gemstones/black-onyx/onyx-chalcedony-gp70748
402,https://www.gempundit.com/gemstones/black-onyx/onyx-chalcedony-gp70489
403,https://www.gempundit.com/gemstones/black-onyx/onyx-chalcedony-gp73542
404,https://www.gempundit.com/gemstones/black-onyx/onyx-chalcedony-gp73728
405,https://www.gempundit.com/gemstones/black-onyx/onyx-chalcedony-gp73665
406,https://www.gempundit.com/gemstones/black-onyx/onyx-chalcedony-gp70499
407,https://www.gempundit.com/gemstones/black-onyx/onyx-chalcedony-gp73539
408,https://www.gempundit.com/gemstones/black-onyx/onyx-chalcedony-gp73541
409,https://www.gempundit.com/gemstones/black-onyx/onyx-chalcedony-gp73669
410,https://www.gempundit.com/gemstones/black-onyx/onyx-chalcedony-gp70584
411,https://www.gempundit.com/gemstones/black-onyx/onyx-chalcedony-gp73537
412,https://www.gempundit.com/gemstones/black-onyx/onyx-chalcedony-gp73663
413,https://www.gempundit.com/gemstones/black-onyx/onyx-chalcedony-gp70498
414,https://www.gempundit.com/gemstones/black-onyx/onyx-chalcedony-gp22085
415,https://www.gempundit.com/gemstones/black-onyx/onyx-chalcedony-gp70588
416,https://www.gempundit.com/gemstones/black-onyx/onyx-chalcedony-gp70326
417,https://www.gempundit.com/gemstones/black-onyx/onyx-chalcedony-gp73534
418,https://www.gempundit.com/gemstones/black-onyx/onyx-chalcedony-gp73666
419,https://www.gempundit.com/gemstones/black-onyx/onyx-chalcedony-gp70581
420,https://www.gempundit.com/gemstones/black-onyx/onyx-chalcedony-gp73664
421,https://www.gempundit.com/gemstones/black-onyx/onyx-chalcedony-gp73575
422,https://www.gempundit.com/gemstones/black-onyx/onyx-chalcedony-gp73533
423,https://www.gempundit.com/gemstones/black-onyx/onyx-chalcedony-gp70582
424,https://www.gempundit.com/gemstones/black-onyx/onyx-chalcedony-gp70492
425,https://www.gempundit.com/gemstones/black-onyx/onyx-chalcedony-gp70488
426,https://www.gempundit.com/gemstones/black-onyx/onyx-chalcedony-gp70698
427,https://www.gempundit.com/gemstones/black-onyx/onyx-chalcedony-gp70690
428,https://www.gempundit.com/gemstones/black-onyx/onyx-chalcedony-gp73675
429,https://www.gempundit.com/gemstones/black-onyx/onyx-chalcedony-gp70573
430,https://www.gempundit.com/gemstones/black-onyx/onyx-chalcedony-gp70707
431,https://www.gempundit.com/gemstones/black-onyx/onyx-chalcedony-gp70574
432,https://www.gempundit.com/gemstones/black-onyx/onyx-chalcedony-gp73673
433,https://www.gempundit.com/gemstones/black-onyx/onyx-chalcedony-gp80826
434,https://www.gempundit.com/gemstones/black-onyx/onyx-chalcedony-gp70685
435,https://www.gempundit.com/gemstones/black-onyx/onyx-chalcedony-gp73531
436,https://www.gempundit.com/gemstones/black-onyx/onyx-chalcedony-gp73536
437,https://www.gempundit.com/gemstones/black-onyx/onyx-chalcedony-gp73671
438,https://www.gempundit.com/gemstones/black-onyx/onyx-chalcedony-gp21957
439,https://www.gempundit.com/gemstones/black-onyx/onyx-chalcedony-gp70322
440,https://www.gempundit.com/gemstones/black-onyx/onyx-chalcedony-gp73538
441,https://www.gempundit.com/gemstones/black-onyx/onyx-chalcedony-gp73667
442,https://www.gempundit.com/gemstones/black-onyx/onyx-chalcedony-gp73710
443,https://www.gempundit.com/gemstones/black-onyx/onyx-chalcedony-gp80820
444,https://www.gempundit.com/gemstones/black-onyx/onyx-chalcedony-gp22074
445,https://www.gempundit.com/gemstones/black-onyx/onyx-chalcedony-gp70323
446,https://www.gempundit.com/gemstones/black-onyx/onyx-chalcedony-gp73599
447,https://www.gempundit.com/gemstones/black-onyx/onyx-chalcedony-gp70684
448,https://www.gempundit.com/gemstones/black-onyx/onyx-chalcedony-gp70331
449,https://www.gempundit.com/gemstones/black-onyx/onyx-chalcedony-gp73668
450,https://www.gempundit.com/gemstones/black-onyx/onyx-chalcedony-gp70501
451,https://www.gempundit.com/gemstones/black-onyx/onyx-chalcedony-gp70496
452,https://www.gempundit.com/gemstones/black-onyx/onyx-chalcedony-gp70500
453,https://www.gempundit.com/gemstones/black-onyx/onyx-chalcedony-gp80887
454,https://www.gempundit.com/gemstones/black-onyx/onyx-chalcedony-gp80808
455,https://www.gempundit.com/gemstones/black-onyx/onyx-chalcedony-gp22067
456,https://www.gempundit.com/gemstones/black-onyx/onyx-chalcedony-gp70682
457,https://www.gempundit.com/gemstones/black-onyx/onyx-chalcedony-gp70490
458,https://www.gempundit.com/gemstones/black-onyx/onyx-chalcedony-gp70703
459,https://www.gempundit.com/gemstones/black-onyx/onyx-chalcedony-gp70495
460,https://www.gempundit.com/gemstones/black-onyx/onyx-chalcedony-gp70497
461,https://www.gempundit.com/gemstones/black-onyx/onyx-chalcedony-gp73540
462,https://www.gempundit.com/gemstones/black-onyx/onyx-chalcedony-gp73670
463,https://www.gempundit.com/gemstones/black-onyx/onyx-chalcedony-gp70494
464,https://www.gempundit.com/gemstones/black-onyx/onyx-chalcedony-gp70335
465,https://www.gempundit.com/gemstones/black-onyx/onyx-chalcedony-gp70693
466,https://www.gempundit.com/gemstones/black-onyx/onyx-chalcedony-gp70407
467,https://www.gempundit.com/gemstones/black-onyx/onyx-chalcedony-gp70332
468,https://www.gempundit.com/gemstones/black-onyx/onyx-chalcedony-gp70568
469,https://www.gempundit.com/gemstones/black-onyx/onyx-chalcedony-gp80907
470,https://www.gempundit.com/gemstones/black-onyx/onyx-chalcedony-gp70712
471,https://www.gempundit.com/gemstones/black-onyx/onyx-chalcedony-gp80814
472,https://www.gempundit.com/gemstones/black-onyx/onyx-chalcedony-gp73521
473,https://www.gempundit.com/gemstones/black-onyx/onyx-chalcedony-gp22066
474,https://www.gempundit.com/gemstones/black-onyx/onyx-chalcedony-gp70576
475,https://www.gempundit.com/gemstones/black-onyx/onyx-chalcedony-gp70705
476,https://www.gempundit.com/gemstones/black-onyx/onyx-chalcedony-gp80911
477,https://www.gempundit.com/gemstones/black-onyx/onyx-chalcedony-gp70564
478,https://www.gempundit.com/gemstones/black-onyx/onyx-chalcedony-gp73674
479,https://www.gempundit.com/gemstones/black-onyx/onyx-chalcedony-gp80813
480,https://www.gempundit.com/gemstones/black-onyx/onyx-chalcedony-gp70746
481,https://www.gempundit.com/gemstones/black-onyx/onyx-chalcedony-gp73676
482,https://www.gempundit.com/gemstones/black-onyx/onyx-chalcedony-gp73662
483,https://www.gempundit.com/gemstones/black-onyx/onyx-chalcedony-gp80925
484,https://www.gempundit.com/gemstones/black-onyx/onyx-chalcedony-gp70704
485,https://www.gempundit.com/gemstones/black-onyx/onyx-chalcedony-gp70410
486,https://www.gempundit.com/gemstones/black-onyx/onyx-chalcedony-gp22084
487,https://www.gempundit.com/gemstones/black-onyx/onyx-chalcedony-gp70696
488,https://www.gempundit.com/gemstones/black-onyx/onyx-chalcedony-gp70722
489,https://www.gempundit.com/gemstones/black-onyx/onyx-chalcedony-gp70328
490,https://www.gempundit.com/gemstones/black-onyx/onyx-chalcedony-gp70333
491,https://www.gempundit.com/gemstones/black-onyx/onyx-chalcedony-gp70411
492,https://www.gempundit.com/gemstones/black-onyx/onyx-chalcedony-gp73659
493,https://www.gempundit.com/gemstones/black-onyx/onyx-chalcedony-gp73708
494,https://www.gempundit.com/gemstones/black-onyx/onyx-chalcedony-gp80825
495,https://www.gempundit.com/gemstones/black-onyx/onyx-chalcedony-gp70569
496,https://www.gempundit.com/gemstones/black-onyx/onyx-chalcedony-gp73658
497,https://www.gempundit.com/gemstones/black-onyx/onyx-chalcedony-gp70697
498,https://www.gempundit.com/gemstones/black-onyx/onyx-chalcedony-gp21990
499,https://www.gempundit.com/gemstones/black-onyx/onyx-chalcedony-gp70562
500,https://www.gempundit.com/gemstones/black-onyx/onyx-chalcedony-gp70715
501,https://www.gempundit.com/gemstones/black-onyx/onyx-chalcedony-gp73672
502,https://www.gempundit.com/gemstones/black-onyx/onyx-chalcedony-gp73651
503,https://www.gempundit.com/gemstones/black-onyx/onyx-chalcedony-gp70566
504,https://www.gempundit.com/gemstones/black-onyx/onyx-chalcedony-gp70747
505,https://www.gempundit.com/gemstones/black-onyx/onyx-chalcedony-gp70714
506,https://www.gempundit.com/gemstones/black-onyx/onyx-chalcedony-gp70694
507,https://www.gempundit.com/gemstones/black-onyx/onyx-chalcedony-gp22027
508,https://www.gempundit.com/gemstones/black-onyx/onyx-chalcedony-gp70570
509,https://www.gempundit.com/gemstones/black-onyx/onyx-chalcedony-gp70571
510,https://www.gempundit.com/gemstones/black-onyx/onyx-chalcedony-gp70709
511,https://www.gempundit.com/gemstones/black-onyx/onyx-chalcedony-gp21855
512,https://www.gempundit.com/gemstones/black-onyx/onyx-chalcedony-gp73709
513,https://www.gempundit.com/gemstones/black-onyx/onyx-chalcedony-gp70691
514,https://www.gempundit.com/gemstones/black-onyx/onyx-chalcedony-gp73601
515,https://www.gempundit.com/gemstones/black-onyx/onyx-chalcedony-gp70404
516,https://www.gempundit.com/gemstones/black-onyx/onyx-chalcedony-gp70324
517,https://www.gempundit.com/gemstones/black-onyx/onyx-chalcedony-gp70575
518,https://www.gempundit.com/gemstones/black-onyx/onyx-chalcedony-gp70683
519,https://www.gempundit.com/gemstones/black-onyx/onyx-chalcedony-gp73589
520,https://www.gempundit.com/gemstones/black-onyx/onyx-chalcedony-gp70710
521,https://www.gempundit.com/gemstones/black-onyx/onyx-chalcedony-gp70563
522,https://www.gempundit.com/gemstones/black-onyx/onyx-chalcedony-gp70719
523,https://www.gempundit.com/gemstones/black-onyx/onyx-chalcedony-gp73712
524,https://www.gempundit.com/gemstones/black-onyx/onyx-chalcedony-gp73602
525,https://www.gempundit.com/gemstones/black-onyx/onyx-chalcedony-gp70717
526,https://www.gempundit.com/gemstones/black-onyx/onyx-chalcedony-gp80809
527,https://www.gempundit.com/gemstones/black-onyx/onyx-chalcedony-gp70713
528,https://www.gempundit.com/gemstones/black-onyx/onyx-chalcedony-gp70699
529,https://www.gempundit.com/gemstones/black-onyx/onyx-chalcedony-gp70692
530,https://www.gempundit.com/gemstones/black-onyx/onyx-chalcedony-gp70720
531,https://www.gempundit.com/gemstones/black-onyx/onyx-chalcedony-gp73652
532,https://www.gempundit.com/gemstones/black-onyx/onyx-chalcedony-gp73524
533,https://www.gempundit.com/gemstones/black-onyx/onyx-chalcedony-gp70382
534,https://www.gempundit.com/gemstones/black-onyx/onyx-chalcedony-gp70398
535,https://www.gempundit.com/gemstones/black-onyx/onyx-chalcedony-gp40358
536,https://www.gempundit.com/gemstones/black-onyx/onyx-chalcedony-gp73588
537,https://www.gempundit.com/gemstones/black-onyx/onyx-chalcedony-gp73593
538,https://www.gempundit.com/gemstones/black-onyx/onyx-chalcedony-gp70396
539,https://www.gempundit.com/gemstones/black-onyx/onyx-chalcedony-gp73597
540,https://www.gempundit.com/gemstones/black-onyx/onyx-chalcedony-gp70706
541,https://www.gempundit.com/gemstones/black-onyx/onyx-chalcedony-gp70395
542,https://www.gempundit.com/gemstones/black-onyx/onyx-chalcedony-gp70688
543,https://www.gempundit.com/gemstones/black-onyx/onyx-chalcedony-gp70686
544,https://www.gempundit.com/gemstones/black-onyx/onyx-chalcedony-gp80895
545,https://www.gempundit.com/gemstones/black-onyx/onyx-chalcedony-gp70393
546,https://www.gempundit.com/gemstones/black-onyx/onyx-chalcedony-gp70402
547,https://www.gempundit.com/gemstones/black-onyx/onyx-chalcedony-gp70695
548,https://www.gempundit.com/gemstones/black-onyx/onyx-chalcedony-gp73523
549,https://www.gempundit.com/gemstones/black-onyx/onyx-chalcedony-gp73650
550,https://www.gempundit.com/gemstones/black-onyx/onyx-chalcedony-gp70708
551,https://www.gempundit.com/gemstones/black-onyx/onyx-chalcedony-gp73590
552,https://www.gempundit.com/gemstones/black-onyx/onyx-chalcedony-gp73711
553,https://www.gempundit.com/gemstones/black-onyx/onyx-chalcedony-gp80908
554,https://www.gempundit.com/gemstones/black-onyx/onyx-chalcedony-gp80819
555,https://www.gempundit.com/gemstones/black-onyx/onyx-chalcedony-gp21955
556,https://www.gempundit.com/gemstones/black-onyx/onyx-chalcedony-gp21997
557,https://www.gempundit.com/gemstones/black-onyx/onyx-chalcedony-gp70572
558,https://www.gempundit.com/gemstones/black-onyx/onyx-chalcedony-gp73527
559,https://www.gempundit.com/gemstones/black-onyx/onyx-chalcedony-gp70316
560,https://www.gempundit.com/gemstones/black-onyx/onyx-chalcedony-gp73517
561,https://www.gempundit.com/gemstones/black-onyx/onyx-chalcedony-gp73598
562,https://www.gempundit.com/gemstones/black-onyx/onyx-chalcedony-gp70565
563,https://www.gempundit.com/gemstones/black-onyx/onyx-chalcedony-gp70385
564,https://www.gempundit.com/gemstones/black-onyx/onyx-chalcedony-gp40359
565,https://www.gempundit.com/gemstones/black-onyx/onyx-chalcedony-gp70701
566,https://www.gempundit.com/gemstones/black-onyx/onyx-chalcedony-gp21876
567,https://www.gempundit.com/gemstones/black-onyx/onyx-chalcedony-gp73649
568,https://www.gempundit.com/gemstones/black-onyx/onyx-chalcedony-gp70384
569,https://www.gempundit.com/gemstones/black-onyx/onyx-chalcedony-gp73591
570,https://www.gempundit.com/gemstones/black-onyx/onyx-chalcedony-gp73657
571,https://www.gempundit.com/gemstones/black-onyx/onyx-chalcedony-gp73600
572,https://www.gempundit.com/gemstones/black-onyx/onyx-chalcedony-gp73656
573,https://www.gempundit.com/gemstones/black-onyx/onyx-chalcedony-gp70702
574,https://www.gempundit.com/gemstones/black-onyx/onyx-chalcedony-gp70392
575,https://www.gempundit.com/gemstones/black-onyx/onyx-chalcedony-gp73626
576,https://www.gempundit.com/gemstones/black-onyx/onyx-chalcedony-gp73655
577,https://www.gempundit.com/gemstones/black-onyx/onyx-chalcedony-gp70718
578,https://www.gempundit.com/gemstones/black-onyx/onyx-chalcedony-gp80807
579,https://www.gempundit.com/gemstones/black-onyx/onyx-chalcedony-gp73707
580,https://www.gempundit.com/gemstones/black-onyx/onyx-chalcedony-gp80812
581,https://www.gempundit.com/gemstones/black-onyx/onyx-chalcedony-gp70711
582,https://www.gempundit.com/gemstones/black-onyx/onyx-chalcedony-gp73514
583,https://www.gempundit.com/gemstones/black-onyx/onyx-chalcedony-gp73592
584,https://www.gempundit.com/gemstones/black-onyx/onyx-chalcedony-gp70390
585,https://www.gempundit.com/gemstones/black-onyx/onyx-chalcedony-gp73700
586,https://www.gempundit.com/gemstones/black-onyx/onyx-chalcedony-gp70321
587,https://www.gempundit.com/gemstones/black-onyx/onyx-chalcedony-gp70317
588,https://www.gempundit.com/gemstones/black-onyx/onyx-chalcedony-gp70313
589,https://www.gempundit.com/gemstones/black-onyx/onyx-chalcedony-gp73515
590,https://www.gempundit.com/gemstones/black-onyx/onyx-chalcedony-gp73648
591,https://www.gempundit.com/gemstones/black-onyx/onyx-chalcedony-gp73654
592,https://www.gempundit.com/gemstones/black-onyx/onyx-chalcedony-gp70389
593,https://www.gempundit.com/gemstones/black-onyx/onyx-chalcedony-gp70308
594,https://www.gempundit.com/gemstones/black-onyx/onyx-chalcedony-gp73630
595,https://www.gempundit.com/gemstones/black-onyx/onyx-chalcedony-gp70721
596,https://www.gempundit.com/gemstones/black-onyx/onyx-chalcedony-gp70310
597,https://www.gempundit.com/gemstones/black-onyx/onyx-chalcedony-gp70315
598,https://www.gempundit.com/gemstones/black-onyx/onyx-chalcedony-gp80910
599,https://www.gempundit.com/gemstones/black-onyx/onyx-chalcedony-gp73594
600,https://www.gempundit.com/gemstones/black-onyx/onyx-chalcedony-gp73653
601,https://www.gempundit.com/gemstones/black-onyx/onyx-chalcedony-gp73525
602,https://www.gempundit.com/gemstones/black-onyx/onyx-chalcedony-gp80886
603,https://www.gempundit.com/gemstones/black-onyx/onyx-chalcedony-gp73660
604,https://www.gempundit.com/gemstones/black-onyx/onyx-chalcedony-gp73621
605,https://www.gempundit.com/gemstones/black-onyx/onyx-chalcedony-gp70388
606,https://www.gempundit.com/gemstones/black-onyx/onyx-chalcedony-gp73516
607,https://www.gempundit.com/gemstones/black-onyx/onyx-chalcedony-gp80818
608,https://www.gempundit.com/gemstones/black-onyx/onyx-chalcedony-gp80810
609,https://www.gempundit.com/gemstones/black-onyx/onyx-chalcedony-gp70387
610,https://www.gempundit.com/gemstones/black-onyx/onyx-chalcedony-gp70413
611,https://www.gempundit.com/gemstones/black-onyx/onyx-chalcedony-gp73526
612,https://www.gempundit.com/gemstones/black-onyx/onyx-chalcedony-gp80817
613,https://www.gempundit.com/gemstones/black-onyx/onyx-chalcedony-gp80805
614,https://www.gempundit.com/gemstones/black-onyx/onyx-chalcedony-gp73522
615,https://www.gempundit.com/gemstones/black-onyx/onyx-chalcedony-gp70314
616,https://www.gempundit.com/gemstones/black-onyx/onyx-chalcedony-gp73698
617,https://www.gempundit.com/gemstones/black-onyx/onyx-chalcedony-gp21885
618,https://www.gempundit.com/gemstones/black-onyx/onyx-chalcedony-gp73694
619,https://www.gempundit.com/gemstones/black-onyx/onyx-chalcedony-gp73695
620,https://www.gempundit.com/gemstones/black-onyx/onyx-chalcedony-gp21882
621,https://www.gempundit.com/gemstones/black-onyx/onyx-chalcedony-gp70418
622,https://www.gempundit.com/gemstones/black-onyx/onyx-chalcedony-gp73702
623,https://www.gempundit.com/gemstones/black-onyx/onyx-chalcedony-gp73696
624,https://www.gempundit.com/gemstones/black-onyx/onyx-chalcedony-gp73701
625,https://www.gempundit.com/gemstones/black-onyx/onyx-chalcedony-gp73632
626,https://www.gempundit.com/gemstones/black-onyx/onyx-chalcedony-gp73703
627,https://www.gempundit.com/gemstones/black-onyx/onyx-chalcedony-gp80816
628,https://www.gempundit.com/gemstones/black-onyx/onyx-chalcedony-gp70415
629,https://www.gempundit.com/gemstones/black-onyx/onyx-chalcedony-gp73513
630,https://www.gempundit.com/gemstones/black-onyx/onyx-chalcedony-gp73620
631,https://www.gempundit.com/gemstones/black-onyx/onyx-chalcedony-gp73706
632,https://www.gempundit.com/gemstones/black-onyx/onyx-chalcedony-gp70424
633,https://www.gempundit.com/gemstones/black-onyx/onyx-chalcedony-gp73623
634,https://www.gempundit.com/gemstones/black-onyx/onyx-chalcedony-gp80891
635,https://www.gempundit.com/gemstones/black-onyx/onyx-chalcedony-gp73518
636,https://www.gempundit.com/gemstones/black-onyx/onyx-chalcedony-gp80904
637,https://www.gempundit.com/gemstones/black-onyx/onyx-chalcedony-gp70417
638,https://www.gempundit.com/gemstones/black-onyx/onyx-chalcedony-gp80899
639,https://www.gempundit.com/gemstones/black-onyx/onyx-chalcedony-gp73697
640,https://www.gempundit.com/gemstones/black-onyx/onyx-chalcedony-gp73567
641,https://www.gempundit.com/gemstones/black-onyx/onyx-chalcedony-gp80888
642,https://www.gempundit.com/gemstones/black-onyx/onyx-chalcedony-gp73631
643,https://www.gempundit.com/gemstones/black-onyx/onyx-chalcedony-gp73619
644,https://www.gempundit.com/gemstones/black-onyx/onyx-chalcedony-gp80900
645,https://www.gempundit.com/gemstones/black-onyx/onyx-chalcedony-gp73565
646,https://www.gempundit.com/gemstones/black-onyx/onyx-chalcedony-gp22035
647,https://www.gempundit.com/gemstones/black-onyx/onyx-chalcedony-gp73571
648,https://www.gempundit.com/gemstones/black-onyx/onyx-chalcedony-gp73560
649,https://www.gempundit.com/gemstones/black-onyx/onyx-chalcedony-gp73628
650,https://www.gempundit.com/gemstones/black-onyx/onyx-chalcedony-gp73622
651,https://www.gempundit.com/gemstones/black-onyx/onyx-chalcedony-gp73569
652,https://www.gempundit.com/gemstones/black-onyx/onyx-chalcedony-gp73564
653,https://www.gempundit.com/gemstones/black-onyx/onyx-chalcedony-gp73572
654,https://www.gempundit.com/gemstones/black-onyx/onyx-chalcedony-gp73568
655,https://www.gempundit.com/gemstones/black-onyx/onyx-chalcedony-gp73562
656,https://www.gempundit.com/gemstones/black-onyx/onyx-chalcedony-gp81290
657,https://www.gempundit.com/gemstones/black-onyx/onyx-chalcedony-gp81274
658,https://www.gempundit.com/gemstones/black-onyx/onyx-chalcedony-gp82313
659,https://www.gempundit.com/gemstones/black-onyx/onyx-chalcedony-gp81281
660,https://www.gempundit.com/gemstones/black-onyx/onyx-chalcedony-gp81287
661,https://www.gempundit.com/gemstones/black-onyx/onyx-chalcedony-gp81280
