,Brown Moonstone
0,https://www.gempundit.com/gemstones/brown-moonstone/moonstone-gp73395
1,https://www.gempundit.com/gemstones/brown-moonstone/moonstone-gp73392
2,https://www.gempundit.com/gemstones/brown-moonstone/moonstone-gp73389
3,https://www.gempundit.com/gemstones/brown-moonstone/moonstone-gp73393
4,https://www.gempundit.com/gemstones/brown-moonstone/moonstone-gp73391
5,https://www.gempundit.com/gemstones/brown-moonstone/moonstone-gp73390
6,https://www.gempundit.com/gemstones/brown-moonstone/moonstone-gp73374
7,https://www.gempundit.com/gemstones/brown-moonstone/moonstone-gp73370
8,https://www.gempundit.com/gemstones/brown-moonstone/moonstone-gp73377
9,https://www.gempundit.com/gemstones/brown-moonstone/moonstone-gp73371
10,https://www.gempundit.com/gemstones/brown-moonstone/moonstone-gp73368
11,https://www.gempundit.com/gemstones/brown-moonstone/moonstone-gp73373
12,https://www.gempundit.com/gemstones/brown-moonstone/moonstone-gp73364
13,https://www.gempundit.com/gemstones/brown-moonstone/moonstone-gp73367
14,https://www.gempundit.com/gemstones/brown-moonstone/moonstone-gp73376
15,https://www.gempundit.com/gemstones/brown-moonstone/moonstone-gp73360
16,https://www.gempundit.com/gemstones/brown-moonstone/moonstone-gp73378
17,https://www.gempundit.com/gemstones/brown-moonstone/moonstone-gp73356
18,https://www.gempundit.com/gemstones/brown-moonstone/moonstone-gp73353
19,https://www.gempundit.com/gemstones/brown-moonstone/moonstone-gp73349
20,https://www.gempundit.com/gemstones/brown-moonstone/moonstone-gp73375
21,https://www.gempundit.com/gemstones/brown-moonstone/moonstone-gp73357
22,https://www.gempundit.com/gemstones/brown-moonstone/moonstone-gp73362
23,https://www.gempundit.com/gemstones/brown-moonstone/moonstone-gp73352
24,https://www.gempundit.com/gemstones/brown-moonstone/moonstone-gp73369
25,https://www.gempundit.com/gemstones/brown-moonstone/moonstone-gp73372
26,https://www.gempundit.com/gemstones/brown-moonstone/moonstone-gp73363
27,https://www.gempundit.com/gemstones/brown-moonstone/moonstone-gp73358
28,https://www.gempundit.com/gemstones/brown-moonstone/moonstone-gp73366
29,https://www.gempundit.com/gemstones/brown-moonstone/moonstone-gp73365
30,https://www.gempundit.com/gemstones/brown-moonstone/moonstone-gp73354
31,https://www.gempundit.com/gemstones/brown-moonstone/moonstone-gp73361
32,https://www.gempundit.com/gemstones/brown-moonstone/moonstone-gp73351
33,https://www.gempundit.com/gemstones/brown-moonstone/moonstone-gp73355
34,https://www.gempundit.com/gemstones/brown-moonstone/moonstone-gp73350
35,https://www.gempundit.com/gemstones/brown-moonstone/moonstone-gp73344
36,https://www.gempundit.com/gemstones/brown-moonstone/moonstone-gp73331
37,https://www.gempundit.com/gemstones/brown-moonstone/moonstone-gp73341
38,https://www.gempundit.com/gemstones/brown-moonstone/moonstone-gp73347
39,https://www.gempundit.com/gemstones/brown-moonstone/moonstone-gp73382
40,https://www.gempundit.com/gemstones/brown-moonstone/moonstone-gp73339
41,https://www.gempundit.com/gemstones/brown-moonstone/moonstone-gp73334
42,https://www.gempundit.com/gemstones/brown-moonstone/moonstone-gp73342
43,https://www.gempundit.com/gemstones/brown-moonstone/moonstone-gp73338
44,https://www.gempundit.com/gemstones/brown-moonstone/moonstone-gp73343
45,https://www.gempundit.com/gemstones/brown-moonstone/moonstone-gp73388
46,https://www.gempundit.com/gemstones/brown-moonstone/moonstone-gp73380
47,https://www.gempundit.com/gemstones/brown-moonstone/moonstone-gp73337
48,https://www.gempundit.com/gemstones/brown-moonstone/moonstone-gp73330
49,https://www.gempundit.com/gemstones/brown-moonstone/moonstone-gp73386
50,https://www.gempundit.com/gemstones/brown-moonstone/moonstone-gp73340
51,https://www.gempundit.com/gemstones/brown-moonstone/moonstone-gp73336
52,https://www.gempundit.com/gemstones/brown-moonstone/moonstone-gp73379
53,https://www.gempundit.com/gemstones/brown-moonstone/moonstone-gp73329
54,https://www.gempundit.com/gemstones/brown-moonstone/moonstone-gp73383
55,https://www.gempundit.com/gemstones/brown-moonstone/moonstone-gp73381
56,https://www.gempundit.com/gemstones/brown-moonstone/moonstone-gp73346
57,https://www.gempundit.com/gemstones/brown-moonstone/moonstone-gp73332
58,https://www.gempundit.com/gemstones/brown-moonstone/moonstone-gp73335
59,https://www.gempundit.com/gemstones/brown-moonstone/moonstone-gp73387
60,https://www.gempundit.com/gemstones/brown-moonstone/moonstone-gp73384
61,https://www.gempundit.com/gemstones/brown-moonstone/moonstone-gp73313
62,https://www.gempundit.com/gemstones/brown-moonstone/moonstone-gp73333
63,https://www.gempundit.com/gemstones/brown-moonstone/moonstone-gp73326
64,https://www.gempundit.com/gemstones/brown-moonstone/moonstone-gp73345
65,https://www.gempundit.com/gemstones/brown-moonstone/moonstone-gp73312
66,https://www.gempundit.com/gemstones/brown-moonstone/moonstone-gp73269
67,https://www.gempundit.com/gemstones/brown-moonstone/moonstone-gp73272
68,https://www.gempundit.com/gemstones/brown-moonstone/moonstone-gp73273
69,https://www.gempundit.com/gemstones/brown-moonstone/moonstone-gp73323
70,https://www.gempundit.com/gemstones/brown-moonstone/moonstone-gp73308
71,https://www.gempundit.com/gemstones/brown-moonstone/moonstone-gp73314
72,https://www.gempundit.com/gemstones/brown-moonstone/moonstone-gp73325
73,https://www.gempundit.com/gemstones/brown-moonstone/moonstone-gp73271
74,https://www.gempundit.com/gemstones/brown-moonstone/moonstone-gp73321
75,https://www.gempundit.com/gemstones/brown-moonstone/moonstone-gp73315
76,https://www.gempundit.com/gemstones/brown-moonstone/moonstone-gp73311
77,https://www.gempundit.com/gemstones/brown-moonstone/moonstone-gp73301
78,https://www.gempundit.com/gemstones/brown-moonstone/moonstone-gp73328
79,https://www.gempundit.com/gemstones/brown-moonstone/moonstone-gp73319
80,https://www.gempundit.com/gemstones/brown-moonstone/moonstone-gp73275
81,https://www.gempundit.com/gemstones/brown-moonstone/moonstone-gp73309
82,https://www.gempundit.com/gemstones/brown-moonstone/moonstone-gp73324
83,https://www.gempundit.com/gemstones/brown-moonstone/moonstone-gp73310
84,https://www.gempundit.com/gemstones/brown-moonstone/moonstone-gp73294
85,https://www.gempundit.com/gemstones/brown-moonstone/moonstone-gp73316
86,https://www.gempundit.com/gemstones/brown-moonstone/moonstone-gp73277
87,https://www.gempundit.com/gemstones/brown-moonstone/moonstone-gp73268
88,https://www.gempundit.com/gemstones/brown-moonstone/moonstone-gp73317
89,https://www.gempundit.com/gemstones/brown-moonstone/moonstone-gp73270
90,https://www.gempundit.com/gemstones/brown-moonstone/moonstone-gp73320
91,https://www.gempundit.com/gemstones/brown-moonstone/moonstone-gp73276
92,https://www.gempundit.com/gemstones/brown-moonstone/moonstone-gp73274
93,https://www.gempundit.com/gemstones/brown-moonstone/moonstone-gp73287
94,https://www.gempundit.com/gemstones/brown-moonstone/moonstone-gp73283
95,https://www.gempundit.com/gemstones/brown-moonstone/moonstone-gp73327
96,https://www.gempundit.com/gemstones/brown-moonstone/moonstone-gp73286
97,https://www.gempundit.com/gemstones/brown-moonstone/moonstone-gp73298
98,https://www.gempundit.com/gemstones/brown-moonstone/moonstone-gp73304
99,https://www.gempundit.com/gemstones/brown-moonstone/moonstone-gp73292
100,https://www.gempundit.com/gemstones/brown-moonstone/moonstone-gp73285
101,https://www.gempundit.com/gemstones/brown-moonstone/moonstone-gp73302
102,https://www.gempundit.com/gemstones/brown-moonstone/moonstone-gp73322
103,https://www.gempundit.com/gemstones/brown-moonstone/moonstone-gp73297
104,https://www.gempundit.com/gemstones/brown-moonstone/moonstone-gp73296
105,https://www.gempundit.com/gemstones/brown-moonstone/moonstone-gp73293
106,https://www.gempundit.com/gemstones/brown-moonstone/moonstone-gp73305
107,https://www.gempundit.com/gemstones/brown-moonstone/moonstone-gp73281
108,https://www.gempundit.com/gemstones/brown-moonstone/moonstone-gp73307
109,https://www.gempundit.com/gemstones/brown-moonstone/moonstone-gp73303
110,https://www.gempundit.com/gemstones/brown-moonstone/moonstone-gp73288
111,https://www.gempundit.com/gemstones/brown-moonstone/moonstone-gp73289
112,https://www.gempundit.com/gemstones/brown-moonstone/moonstone-gp73284
113,https://www.gempundit.com/gemstones/brown-moonstone/moonstone-gp73291
114,https://www.gempundit.com/gemstones/brown-moonstone/moonstone-gp73306
115,https://www.gempundit.com/gemstones/brown-moonstone/moonstone-gp73279
116,https://www.gempundit.com/gemstones/brown-moonstone/moonstone-gp73295
117,https://www.gempundit.com/gemstones/brown-moonstone/moonstone-gp73290
118,https://www.gempundit.com/gemstones/brown-moonstone/moonstone-gp73300
119,https://www.gempundit.com/gemstones/brown-moonstone/moonstone-gp73266
120,https://www.gempundit.com/gemstones/brown-moonstone/moonstone-gp73280
121,https://www.gempundit.com/gemstones/brown-moonstone/moonstone-gp73215
122,https://www.gempundit.com/gemstones/brown-moonstone/moonstone-gp73282
123,https://www.gempundit.com/gemstones/brown-moonstone/moonstone-gp73267
124,https://www.gempundit.com/gemstones/brown-moonstone/moonstone-gp73258
125,https://www.gempundit.com/gemstones/brown-moonstone/moonstone-gp73263
126,https://www.gempundit.com/gemstones/brown-moonstone/moonstone-gp73217
127,https://www.gempundit.com/gemstones/brown-moonstone/moonstone-gp73299
128,https://www.gempundit.com/gemstones/brown-moonstone/moonstone-gp73218
129,https://www.gempundit.com/gemstones/brown-moonstone/moonstone-gp73211
130,https://www.gempundit.com/gemstones/brown-moonstone/moonstone-gp73222
131,https://www.gempundit.com/gemstones/brown-moonstone/moonstone-gp73216
132,https://www.gempundit.com/gemstones/brown-moonstone/moonstone-gp73212
133,https://www.gempundit.com/gemstones/brown-moonstone/moonstone-gp73224
134,https://www.gempundit.com/gemstones/brown-moonstone/moonstone-gp73206
135,https://www.gempundit.com/gemstones/brown-moonstone/moonstone-gp73219
136,https://www.gempundit.com/gemstones/brown-moonstone/moonstone-gp73261
137,https://www.gempundit.com/gemstones/brown-moonstone/moonstone-gp73207
138,https://www.gempundit.com/gemstones/brown-moonstone/moonstone-gp73262
139,https://www.gempundit.com/gemstones/brown-moonstone/moonstone-gp73210
140,https://www.gempundit.com/gemstones/brown-moonstone/moonstone-gp73223
141,https://www.gempundit.com/gemstones/brown-moonstone/moonstone-gp73213
142,https://www.gempundit.com/gemstones/brown-moonstone/moonstone-gp73259
143,https://www.gempundit.com/gemstones/brown-moonstone/moonstone-gp73220
144,https://www.gempundit.com/gemstones/brown-moonstone/moonstone-gp73209
145,https://www.gempundit.com/gemstones/brown-moonstone/moonstone-gp73265
146,https://www.gempundit.com/gemstones/brown-moonstone/moonstone-gp73252
147,https://www.gempundit.com/gemstones/brown-moonstone/moonstone-gp73208
148,https://www.gempundit.com/gemstones/brown-moonstone/moonstone-gp73260
149,https://www.gempundit.com/gemstones/brown-moonstone/moonstone-gp73221
150,https://www.gempundit.com/gemstones/brown-moonstone/moonstone-gp73257
151,https://www.gempundit.com/gemstones/brown-moonstone/moonstone-gp73254
152,https://www.gempundit.com/gemstones/brown-moonstone/moonstone-gp73253
153,https://www.gempundit.com/gemstones/brown-moonstone/moonstone-gp73256
154,https://www.gempundit.com/gemstones/brown-moonstone/moonstone-gp73229
155,https://www.gempundit.com/gemstones/brown-moonstone/moonstone-gp73230
156,https://www.gempundit.com/gemstones/brown-moonstone/moonstone-gp73255
157,https://www.gempundit.com/gemstones/brown-moonstone/moonstone-gp73226
158,https://www.gempundit.com/gemstones/brown-moonstone/moonstone-gp73235
159,https://www.gempundit.com/gemstones/brown-moonstone/moonstone-gp73233
160,https://www.gempundit.com/gemstones/brown-moonstone/moonstone-gp73227
161,https://www.gempundit.com/gemstones/brown-moonstone/moonstone-gp73231
162,https://www.gempundit.com/gemstones/brown-moonstone/moonstone-gp73228
163,https://www.gempundit.com/gemstones/brown-moonstone/moonstone-gp73234
164,https://www.gempundit.com/gemstones/brown-moonstone/moonstone-gp73251
165,https://www.gempundit.com/gemstones/brown-moonstone/moonstone-gp73247
166,https://www.gempundit.com/gemstones/brown-moonstone/moonstone-gp73243
167,https://www.gempundit.com/gemstones/brown-moonstone/moonstone-gp73250
168,https://www.gempundit.com/gemstones/brown-moonstone/moonstone-gp73244
169,https://www.gempundit.com/gemstones/brown-moonstone/moonstone-gp73245
170,https://www.gempundit.com/gemstones/brown-moonstone/moonstone-gp73249
171,https://www.gempundit.com/gemstones/brown-moonstone/moonstone-gp73246
172,https://www.gempundit.com/gemstones/brown-moonstone/moonstone-gp73242
173,https://www.gempundit.com/gemstones/brown-moonstone/moonstone-gp73248
174,https://www.gempundit.com/gemstones/brown-moonstone/moonstone-gp73237
175,https://www.gempundit.com/gemstones/brown-moonstone/moonstone-gp73240
176,https://www.gempundit.com/gemstones/brown-moonstone/moonstone-gp73238
