,Burmese Sapphire
0,https://www.gempundit.com/gemstones/burmese-sapphire/blue-sapphire-gp130218
1,https://www.gempundit.com/gemstones/burmese-sapphire/blue-sapphire-gp131354
2,https://www.gempundit.com/gemstones/burmese-sapphire/blue-sapphire-gp107800
3,https://www.gempundit.com/gemstones/burmese-sapphire/blue-sapphire-gp130189
4,https://www.gempundit.com/gemstones/burmese-sapphire/blue-sapphire-gp107799
5,https://www.gempundit.com/gemstones/burmese-sapphire/royal-blue-sapphire-gp131768
6,https://www.gempundit.com/gemstones/burmese-sapphire/blue-sapphire-gp130196
7,https://www.gempundit.com/gemstones/burmese-sapphire/blue-sapphire-gp71871
8,https://www.gempundit.com/gemstones/burmese-sapphire/blue-sapphire-gp130197
9,https://www.gempundit.com/gemstones/burmese-sapphire/blue-sapphire-gp130190
10,https://www.gempundit.com/gemstones/burmese-sapphire/blue-sapphire-gp107798
11,https://www.gempundit.com/gemstones/burmese-sapphire/blue-sapphire-gp126149
12,https://www.gempundit.com/gemstones/burmese-sapphire/blue-sapphire-gp130192
13,https://www.gempundit.com/gemstones/burmese-sapphire/blue-sapphire-gp126132
14,https://www.gempundit.com/gemstones/burmese-sapphire/blue-sapphire-gp130217
15,https://www.gempundit.com/gemstones/burmese-sapphire/blue-sapphire-gp107804
16,https://www.gempundit.com/gemstones/burmese-sapphire/blue-sapphire-gp107797
17,https://www.gempundit.com/gemstones/burmese-sapphire/blue-sapphire-gp130185
18,https://www.gempundit.com/gemstones/burmese-sapphire/blue-sapphire-gp120617
19,https://www.gempundit.com/gemstones/burmese-sapphire/blue-sapphire-gp126148
20,https://www.gempundit.com/gemstones/burmese-sapphire/blue-sapphire-gp123576
21,https://www.gempundit.com/gemstones/burmese-sapphire/blue-sapphire-gp123548
22,https://www.gempundit.com/gemstones/burmese-sapphire/blue-sapphire-gp131769
23,https://www.gempundit.com/gemstones/burmese-sapphire/blue-sapphire-gp130193
24,https://www.gempundit.com/gemstones/burmese-sapphire/blue-sapphire-gp107806
25,https://www.gempundit.com/gemstones/burmese-sapphire/blue-sapphire-gp107808
26,https://www.gempundit.com/gemstones/burmese-sapphire/blue-sapphire-gp123597
27,https://www.gempundit.com/gemstones/burmese-sapphire/blue-sapphire-gp123596
28,https://www.gempundit.com/gemstones/burmese-sapphire/blue-sapphire-gp79463
29,https://www.gempundit.com/gemstones/burmese-sapphire/blue-sapphire-gp126134
30,https://www.gempundit.com/gemstones/burmese-sapphire/blue-sapphire-gp130219
31,https://www.gempundit.com/gemstones/burmese-sapphire/blue-sapphire-gp131770
32,https://www.gempundit.com/gemstones/burmese-sapphire/blue-sapphire-gp107805
33,https://www.gempundit.com/gemstones/burmese-sapphire/blue-sapphire-gp126152
34,https://www.gempundit.com/gemstones/burmese-sapphire/blue-sapphire-gp126133
35,https://www.gempundit.com/gemstones/burmese-sapphire/blue-sapphire-gp126146
36,https://www.gempundit.com/gemstones/burmese-sapphire/blue-sapphire-gp130199
37,https://www.gempundit.com/gemstones/burmese-sapphire/blue-sapphire-gp126150
38,https://www.gempundit.com/gemstones/burmese-sapphire/blue-sapphire-gp32627
39,https://www.gempundit.com/gemstones/burmese-sapphire/blue-sapphire-gp123543
40,https://www.gempundit.com/gemstones/burmese-sapphire/blue-sapphire-gp126147
41,https://www.gempundit.com/gemstones/burmese-sapphire/blue-sapphire-gp130214
42,https://www.gempundit.com/gemstones/burmese-sapphire/blue-sapphire-gp107775
43,https://www.gempundit.com/gemstones/burmese-sapphire/blue-sapphire-gp62520
44,https://www.gempundit.com/gemstones/burmese-sapphire/blue-sapphire-gp130186
45,https://www.gempundit.com/gemstones/burmese-sapphire/blue-sapphire-gp107803
46,https://www.gempundit.com/gemstones/burmese-sapphire/blue-sapphire-gp55358
47,https://www.gempundit.com/gemstones/burmese-sapphire/blue-sapphire-gp134367
48,https://www.gempundit.com/gemstones/burmese-sapphire/blue-sapphire-gp55359
49,https://www.gempundit.com/gemstones/burmese-sapphire/blue-sapphire-gp62706
50,https://www.gempundit.com/gemstones/burmese-sapphire/blue-sapphire-gp62519
51,https://www.gempundit.com/gemstones/burmese-sapphire/blue-sapphire-gp126145
52,https://www.gempundit.com/gemstones/burmese-sapphire/blue-sapphire-gp107703
53,https://www.gempundit.com/gemstones/burmese-sapphire/blue-sapphire-gp130198
54,https://www.gempundit.com/gemstones/burmese-sapphire/blue-sapphire-gp123581
55,https://www.gempundit.com/gemstones/burmese-sapphire/blue-sapphire-gp130216
56,https://www.gempundit.com/gemstones/burmese-sapphire/blue-sapphire-gp130200
57,https://www.gempundit.com/gemstones/burmese-sapphire/blue-sapphire-gp107689
58,https://www.gempundit.com/gemstones/burmese-sapphire/blue-sapphire-gp107777
59,https://www.gempundit.com/gemstones/burmese-sapphire/blue-sapphire-gp107695
60,https://www.gempundit.com/gemstones/burmese-sapphire/blue-sapphire-gp107813
61,https://www.gempundit.com/gemstones/burmese-sapphire/blue-sapphire-gp123602
62,https://www.gempundit.com/gemstones/burmese-sapphire/blue-sapphire-gp123601
63,https://www.gempundit.com/gemstones/burmese-sapphire/blue-sapphire-gp135530
64,https://www.gempundit.com/gemstones/burmese-sapphire/blue-sapphire-gp130188
65,https://www.gempundit.com/gemstones/burmese-sapphire/blue-sapphire-gp51246
66,https://www.gempundit.com/gemstones/burmese-sapphire/blue-sapphire-gp123594
67,https://www.gempundit.com/gemstones/burmese-sapphire/blue-sapphire-gp130195
68,https://www.gempundit.com/gemstones/burmese-sapphire/blue-sapphire-gp126123
69,https://www.gempundit.com/gemstones/burmese-sapphire/blue-sapphire-gp123593
70,https://www.gempundit.com/gemstones/burmese-sapphire/blue-sapphire-gp126151
71,https://www.gempundit.com/gemstones/burmese-sapphire/blue-sapphire-gp130191
72,https://www.gempundit.com/gemstones/burmese-sapphire/blue-sapphire-gp134365
73,https://www.gempundit.com/gemstones/burmese-sapphire/blue-sapphire-gp134467
74,https://www.gempundit.com/gemstones/burmese-sapphire/blue-sapphire-gp130194
75,https://www.gempundit.com/gemstones/burmese-sapphire/blue-sapphire-gp123577
76,https://www.gempundit.com/gemstones/burmese-sapphire/blue-sapphire-gp123585
77,https://www.gempundit.com/gemstones/burmese-sapphire/blue-sapphire-gp68379
78,https://www.gempundit.com/gemstones/burmese-sapphire/blue-sapphire-gp71965
79,https://www.gempundit.com/gemstones/burmese-sapphire/blue-sapphire-gp123546
80,https://www.gempundit.com/gemstones/burmese-sapphire/blue-sapphire-gp123561
81,https://www.gempundit.com/gemstones/burmese-sapphire/blue-sapphire-gp116493
82,https://www.gempundit.com/gemstones/burmese-sapphire/blue-sapphire-gp107709
83,https://www.gempundit.com/gemstones/burmese-sapphire/blue-sapphire-gp123575
84,https://www.gempundit.com/gemstones/burmese-sapphire/blue-sapphire-gp78639
85,https://www.gempundit.com/gemstones/burmese-sapphire/blue-sapphire-gp123604
86,https://www.gempundit.com/gemstones/burmese-sapphire/blue-sapphire-gp107727
87,https://www.gempundit.com/gemstones/burmese-sapphire/blue-sapphire-gp123536
88,https://www.gempundit.com/gemstones/burmese-sapphire/blue-sapphire-gp107778
89,https://www.gempundit.com/gemstones/burmese-sapphire/blue-sapphire-gp36756
90,https://www.gempundit.com/gemstones/burmese-sapphire/blue-sapphire-gp123559
91,https://www.gempundit.com/gemstones/burmese-sapphire/blue-sapphire-gp51249
92,https://www.gempundit.com/gemstones/burmese-sapphire/blue-sapphire-gp123608
93,https://www.gempundit.com/gemstones/burmese-sapphire/blue-sapphire-gp123598
94,https://www.gempundit.com/gemstones/burmese-sapphire/blue-sapphire-gp123580
95,https://www.gempundit.com/gemstones/burmese-sapphire/blue-sapphire-gp126121
96,https://www.gempundit.com/gemstones/burmese-sapphire/blue-sapphire-gp123524
97,https://www.gempundit.com/gemstones/burmese-sapphire/blue-sapphire-gp123565
98,https://www.gempundit.com/gemstones/burmese-sapphire/blue-sapphire-gp123531
99,https://www.gempundit.com/gemstones/burmese-sapphire/blue-sapphire-gp107688
100,https://www.gempundit.com/gemstones/burmese-sapphire/blue-sapphire-gp47132
101,https://www.gempundit.com/gemstones/burmese-sapphire/blue-sapphire-gp126122
102,https://www.gempundit.com/gemstones/burmese-sapphire/blue-sapphire-gp123540
103,https://www.gempundit.com/gemstones/burmese-sapphire/blue-sapphire-gp123603
104,https://www.gempundit.com/gemstones/burmese-sapphire/blue-sapphire-gp123566
105,https://www.gempundit.com/gemstones/burmese-sapphire/royal-blue-sapphire-gp47375
106,https://www.gempundit.com/gemstones/burmese-sapphire/blue-sapphire-gp123588
107,https://www.gempundit.com/gemstones/burmese-sapphire/blue-sapphire-gp123609
108,https://www.gempundit.com/gemstones/burmese-sapphire/blue-sapphire-gp123591
109,https://www.gempundit.com/gemstones/burmese-sapphire/blue-sapphire-gp123600
110,https://www.gempundit.com/gemstones/burmese-sapphire/blue-sapphire-gp123592
111,https://www.gempundit.com/gemstones/burmese-sapphire/blue-sapphire-gp123612
112,https://www.gempundit.com/gemstones/burmese-sapphire/blue-sapphire-gp107708
113,https://www.gempundit.com/gemstones/burmese-sapphire/blue-sapphire-gp123570
114,https://www.gempundit.com/gemstones/burmese-sapphire/royal-blue-sapphire-gp124909
115,https://www.gempundit.com/gemstones/burmese-sapphire/blue-sapphire-gp134468
116,https://www.gempundit.com/gemstones/burmese-sapphire/blue-sapphire-gp123553
117,https://www.gempundit.com/gemstones/burmese-sapphire/blue-sapphire-gp123538
118,https://www.gempundit.com/gemstones/burmese-sapphire/blue-sapphire-gp123611
119,https://www.gempundit.com/gemstones/burmese-sapphire/blue-sapphire-gp123551
120,https://www.gempundit.com/gemstones/burmese-sapphire/blue-sapphire-gp107728
121,https://www.gempundit.com/gemstones/burmese-sapphire/blue-sapphire-gp123558
122,https://www.gempundit.com/gemstones/burmese-sapphire/blue-sapphire-gp123554
123,https://www.gempundit.com/gemstones/burmese-sapphire/blue-sapphire-gp123556
124,https://www.gempundit.com/gemstones/burmese-sapphire/blue-sapphire-gp113629
125,https://www.gempundit.com/gemstones/burmese-sapphire/royal-blue-sapphire-gp123627
126,https://www.gempundit.com/gemstones/burmese-sapphire/blue-sapphire-gp123586
127,https://www.gempundit.com/gemstones/burmese-sapphire/blue-sapphire-gp123545
128,https://www.gempundit.com/gemstones/burmese-sapphire/blue-sapphire-gp123599
129,https://www.gempundit.com/gemstones/burmese-sapphire/blue-sapphire-gp123541
130,https://www.gempundit.com/gemstones/burmese-sapphire/blue-sapphire-gp123595
131,https://www.gempundit.com/gemstones/burmese-sapphire/blue-sapphire-gp123526
132,https://www.gempundit.com/gemstones/burmese-sapphire/blue-sapphire-gp123574
133,https://www.gempundit.com/gemstones/burmese-sapphire/blue-sapphire-gp123549
134,https://www.gempundit.com/gemstones/burmese-sapphire/blue-sapphire-gp107707
135,https://www.gempundit.com/gemstones/burmese-sapphire/blue-sapphire-gp123533
136,https://www.gempundit.com/gemstones/burmese-sapphire/blue-sapphire-gp107693
137,https://www.gempundit.com/gemstones/burmese-sapphire/blue-sapphire-gp123532
138,https://www.gempundit.com/gemstones/burmese-sapphire/blue-sapphire-gp123563
139,https://www.gempundit.com/gemstones/burmese-sapphire/blue-sapphire-gp123607
140,https://www.gempundit.com/gemstones/burmese-sapphire/blue-sapphire-gp123582
141,https://www.gempundit.com/gemstones/burmese-sapphire/blue-sapphire-gp130215
142,https://www.gempundit.com/gemstones/burmese-sapphire/blue-sapphire-gp123578
143,https://www.gempundit.com/gemstones/burmese-sapphire/blue-sapphire-gp123579
144,https://www.gempundit.com/gemstones/burmese-sapphire/blue-sapphire-gp134470
145,https://www.gempundit.com/gemstones/burmese-sapphire/blue-sapphire-gp107711
146,https://www.gempundit.com/gemstones/burmese-sapphire/blue-sapphire-gp107700
147,https://www.gempundit.com/gemstones/burmese-sapphire/blue-sapphire-gp135455
148,https://www.gempundit.com/gemstones/burmese-sapphire/blue-sapphire-gp123589
149,https://www.gempundit.com/gemstones/burmese-sapphire/blue-sapphire-gp47915
150,https://www.gempundit.com/gemstones/burmese-sapphire/blue-sapphire-gp107698
151,https://www.gempundit.com/gemstones/burmese-sapphire/blue-sapphire-gp123552
152,https://www.gempundit.com/gemstones/burmese-sapphire/blue-sapphire-gp123555
153,https://www.gempundit.com/gemstones/burmese-sapphire/blue-sapphire-gp123613
154,https://www.gempundit.com/gemstones/burmese-sapphire/blue-sapphire-gp134469
155,https://www.gempundit.com/gemstones/burmese-sapphire/blue-sapphire-gp107712
156,https://www.gempundit.com/gemstones/burmese-sapphire/blue-sapphire-gp123568
157,https://www.gempundit.com/gemstones/burmese-sapphire/blue-sapphire-gp123571
158,https://www.gempundit.com/gemstones/burmese-sapphire/blue-sapphire-gp134471
159,https://www.gempundit.com/gemstones/burmese-sapphire/blue-sapphire-gp123572
160,https://www.gempundit.com/gemstones/burmese-sapphire/blue-sapphire-gp123535
161,https://www.gempundit.com/gemstones/burmese-sapphire/blue-sapphire-gp123530
162,https://www.gempundit.com/gemstones/burmese-sapphire/blue-sapphire-gp107696
163,https://www.gempundit.com/gemstones/burmese-sapphire/blue-sapphire-gp123567
164,https://www.gempundit.com/gemstones/burmese-sapphire/blue-sapphire-gp123528
165,https://www.gempundit.com/gemstones/burmese-sapphire/blue-sapphire-gp123539
166,https://www.gempundit.com/gemstones/burmese-sapphire/blue-sapphire-gp107725
167,https://www.gempundit.com/gemstones/burmese-sapphire/blue-sapphire-gp123537
168,https://www.gempundit.com/gemstones/burmese-sapphire/blue-sapphire-gp107694
169,https://www.gempundit.com/gemstones/burmese-sapphire/blue-sapphire-gp123550
170,https://www.gempundit.com/gemstones/burmese-sapphire/blue-sapphire-gp123527
171,https://www.gempundit.com/gemstones/burmese-sapphire/blue-sapphire-gp107724
172,https://www.gempundit.com/gemstones/burmese-sapphire/blue-sapphire-gp107692
173,https://www.gempundit.com/gemstones/burmese-sapphire/blue-sapphire-gp126126
174,https://www.gempundit.com/gemstones/burmese-sapphire/blue-sapphire-gp47645
175,https://www.gempundit.com/gemstones/burmese-sapphire/blue-sapphire-gp134472
176,https://www.gempundit.com/gemstones/burmese-sapphire/blue-sapphire-gp123529
