,Cornflower Blue Sapphire
0,https://www.gempundit.com/gemstones/cornflower-blue-sapphire/cornflower-blue-sapphire-gp90658
1,https://www.gempundit.com/gemstones/cornflower-blue-sapphire/cornflower-blue-sapphire-gp131273
2,https://www.gempundit.com/gemstones/cornflower-blue-sapphire/cornflower-blue-sapphire-gp129604
3,https://www.gempundit.com/gemstones/cornflower-blue-sapphire/cornflower-blue-sapphire-gp131120
4,https://www.gempundit.com/gemstones/cornflower-blue-sapphire/cornflower-blue-sapphire-gp96168
5,https://www.gempundit.com/gemstones/cornflower-blue-sapphire/blue-sapphire-gp113550
6,https://www.gempundit.com/gemstones/cornflower-blue-sapphire/cornflower-blue-sapphire-gp131274
7,https://www.gempundit.com/gemstones/cornflower-blue-sapphire/cornflower-blue-sapphire-gp131225
8,https://www.gempundit.com/gemstones/cornflower-blue-sapphire/cornflower-blue-sapphire-gp47767
9,https://www.gempundit.com/gemstones/cornflower-blue-sapphire/cornflower-blue-sapphire-gp62425
10,https://www.gempundit.com/gemstones/cornflower-blue-sapphire/cornflower-blue-sapphire-gp121118
11,https://www.gempundit.com/gemstones/cornflower-blue-sapphire/cornflower-blue-sapphire-gp131231
12,https://www.gempundit.com/gemstones/cornflower-blue-sapphire/cornflower-blue-sapphire-gp131230
13,https://www.gempundit.com/gemstones/cornflower-blue-sapphire/blue-sapphire-gp122260
14,https://www.gempundit.com/gemstones/cornflower-blue-sapphire/cornflower-blue-sapphire-gp131315
15,https://www.gempundit.com/gemstones/cornflower-blue-sapphire/cornflower-blue-sapphire-gp131224
16,https://www.gempundit.com/gemstones/cornflower-blue-sapphire/cornflower-blue-sapphire-gp47365
17,https://www.gempundit.com/gemstones/cornflower-blue-sapphire/blue-sapphire-gp113629
18,https://www.gempundit.com/gemstones/cornflower-blue-sapphire/cornflower-blue-sapphire-gp114246
19,https://www.gempundit.com/gemstones/cornflower-blue-sapphire/blue-sapphire-gp135479
20,https://www.gempundit.com/gemstones/cornflower-blue-sapphire/cornflower-blue-sapphire-gp113632
21,https://www.gempundit.com/gemstones/cornflower-blue-sapphire/blue-sapphire-gp125979
