,Garnet
0,https://www.gempundit.com/gemstones/garnet/spessartite-gp115520
1,https://www.gempundit.com/gemstones/garnet/spessartite-gp115515
2,https://www.gempundit.com/gemstones/garnet/spessartite-gp115517
3,https://www.gempundit.com/gemstones/garnet/spessartite-gp115514
4,https://www.gempundit.com/gemstones/garnet/spessartite-gp115513
5,https://www.gempundit.com/gemstones/garnet/spessartite-gp115516
6,https://www.gempundit.com/gemstones/garnet/garnet-gp111382
7,https://www.gempundit.com/gemstones/garnet/tsavorite-gp128961
8,https://www.gempundit.com/gemstones/garnet/tsavorite-gp128954
9,https://www.gempundit.com/gemstones/garnet/spessartite-gp115518
10,https://www.gempundit.com/gemstones/garnet/tsavorite-gp128960
11,https://www.gempundit.com/gemstones/garnet/tsavorite-gp128956
12,https://www.gempundit.com/gemstones/garnet/spessartite-gp115512
13,https://www.gempundit.com/gemstones/garnet/tsavorite-gp128952
14,https://www.gempundit.com/gemstones/garnet/tsavorite-gp128955
15,https://www.gempundit.com/gemstones/garnet/spessartite-gp115519
16,https://www.gempundit.com/gemstones/garnet/tsavorite-gp128950
17,https://www.gempundit.com/gemstones/garnet/tsavorite-gp105470
18,https://www.gempundit.com/gemstones/garnet/spessartite-gp128974
19,https://www.gempundit.com/gemstones/garnet/tsavorite-gp105457
20,https://www.gempundit.com/gemstones/garnet/tsavorite-gp132433
21,https://www.gempundit.com/gemstones/garnet/garnet-gp108894
22,https://www.gempundit.com/gemstones/garnet/tsavorite-gp105430
23,https://www.gempundit.com/gemstones/garnet/garnet-gp124797
24,https://www.gempundit.com/gemstones/garnet/tsavorite-gp105431
25,https://www.gempundit.com/gemstones/garnet/tsavorite-gp128958
26,https://www.gempundit.com/gemstones/garnet/tsavorite-gp128957
27,https://www.gempundit.com/gemstones/garnet/tsavorite-gp128953
28,https://www.gempundit.com/gemstones/garnet/tsavorite-gp128949
29,https://www.gempundit.com/gemstones/garnet/tsavorite-gp105427
30,https://www.gempundit.com/gemstones/garnet/tsavorite-gp105425
31,https://www.gempundit.com/gemstones/garnet/tsavorite-gp105426
32,https://www.gempundit.com/gemstones/garnet/tsavorite-gp105434
33,https://www.gempundit.com/gemstones/garnet/tsavorite-gp128947
34,https://www.gempundit.com/gemstones/garnet/tsavorite-gp128959
35,https://www.gempundit.com/gemstones/garnet/tsavorite-gp105432
36,https://www.gempundit.com/gemstones/garnet/tsavorite-gp105428
37,https://www.gempundit.com/gemstones/garnet/tsavorite-gp105424
38,https://www.gempundit.com/gemstones/garnet/tsavorite-gp128948
39,https://www.gempundit.com/gemstones/garnet/tsavorite-gp105460
40,https://www.gempundit.com/gemstones/garnet/garnet-gp110966
41,https://www.gempundit.com/gemstones/garnet/tsavorite-gp105429
42,https://www.gempundit.com/gemstones/garnet/garnet-gp110434
43,https://www.gempundit.com/gemstones/garnet/spessartite-gp128984
44,https://www.gempundit.com/gemstones/garnet/tsavorite-gp105458
45,https://www.gempundit.com/gemstones/garnet/tsavorite-gp105454
46,https://www.gempundit.com/gemstones/garnet/tsavorite-gp105453
47,https://www.gempundit.com/gemstones/garnet/spessartite-gp128976
48,https://www.gempundit.com/gemstones/garnet/garnet-gp124848
49,https://www.gempundit.com/gemstones/garnet/tsavorite-gp105403
50,https://www.gempundit.com/gemstones/garnet/tsavorite-gp105450
51,https://www.gempundit.com/gemstones/garnet/tsavorite-gp105419
52,https://www.gempundit.com/gemstones/garnet/spessartite-gp128972
53,https://www.gempundit.com/gemstones/garnet/tsavorite-gp105435
54,https://www.gempundit.com/gemstones/garnet/tsavorite-gp105443
55,https://www.gempundit.com/gemstones/garnet/garnet-gp110982
56,https://www.gempundit.com/gemstones/garnet/garnet-gp110957
57,https://www.gempundit.com/gemstones/garnet/tsavorite-gp105441
58,https://www.gempundit.com/gemstones/garnet/tsavorite-gp105449
59,https://www.gempundit.com/gemstones/garnet/spessartite-gp128983
60,https://www.gempundit.com/gemstones/garnet/tsavorite-gp105466
61,https://www.gempundit.com/gemstones/garnet/tsavorite-gp105447
62,https://www.gempundit.com/gemstones/garnet/tsavorite-gp105459
63,https://www.gempundit.com/gemstones/garnet/tsavorite-gp105422
64,https://www.gempundit.com/gemstones/garnet/tsavorite-gp105438
65,https://www.gempundit.com/gemstones/garnet/tsavorite-gp105437
66,https://www.gempundit.com/gemstones/garnet/tsavorite-gp122405
67,https://www.gempundit.com/gemstones/garnet/garnet-gp108748
68,https://www.gempundit.com/gemstones/garnet/tsavorite-gp105440
69,https://www.gempundit.com/gemstones/garnet/garnet-gp110958
70,https://www.gempundit.com/gemstones/garnet/garnet-gp110954
71,https://www.gempundit.com/gemstones/garnet/spessartite-gp128965
72,https://www.gempundit.com/gemstones/garnet/tsavorite-gp105415
73,https://www.gempundit.com/gemstones/garnet/garnet-gp110979
74,https://www.gempundit.com/gemstones/garnet/tsavorite-gp105444
75,https://www.gempundit.com/gemstones/garnet/garnet-gp91209
76,https://www.gempundit.com/gemstones/garnet/tsavorite-gp105446
77,https://www.gempundit.com/gemstones/garnet/tsavorite-gp105421
78,https://www.gempundit.com/gemstones/garnet/garnet-gp110953
79,https://www.gempundit.com/gemstones/garnet/tsavorite-gp105445
80,https://www.gempundit.com/gemstones/garnet/tsavorite-gp105404
81,https://www.gempundit.com/gemstones/garnet/garnet-gp91520
82,https://www.gempundit.com/gemstones/garnet/garnet-gp110980
83,https://www.gempundit.com/gemstones/garnet/garnet-gp111965
84,https://www.gempundit.com/gemstones/garnet/spessartite-gp128981
85,https://www.gempundit.com/gemstones/garnet/garnet-gp110992
86,https://www.gempundit.com/gemstones/garnet/garnet-gp94222
87,https://www.gempundit.com/gemstones/garnet/garnet-gp94212
88,https://www.gempundit.com/gemstones/garnet/spessartite-gp128979
89,https://www.gempundit.com/gemstones/garnet/spessartite-gp105845
90,https://www.gempundit.com/gemstones/garnet/garnet-gp94211
91,https://www.gempundit.com/gemstones/garnet/garnet-gp110956
92,https://www.gempundit.com/gemstones/garnet/tsavorite-gp105448
93,https://www.gempundit.com/gemstones/garnet/garnet-gp94217
94,https://www.gempundit.com/gemstones/garnet/spessartite-gp128968
95,https://www.gempundit.com/gemstones/garnet/tsavorite-gp105413
96,https://www.gempundit.com/gemstones/garnet/garnet-gp94216
97,https://www.gempundit.com/gemstones/garnet/spessartite-gp128973
98,https://www.gempundit.com/gemstones/garnet/tsavorite-gp105451
99,https://www.gempundit.com/gemstones/garnet/garnet-gp110433
100,https://www.gempundit.com/gemstones/garnet/tsavorite-gp105407
101,https://www.gempundit.com/gemstones/garnet/spessartite-gp128987
102,https://www.gempundit.com/gemstones/garnet/spessartite-gp128971
103,https://www.gempundit.com/gemstones/garnet/garnet-gp94213
104,https://www.gempundit.com/gemstones/garnet/spessartite-gp128975
105,https://www.gempundit.com/gemstones/garnet/tsavorite-gp128944
106,https://www.gempundit.com/gemstones/garnet/garnet-gp110997
107,https://www.gempundit.com/gemstones/garnet/tsavorite-gp105414
108,https://www.gempundit.com/gemstones/garnet/garnet-gp94214
109,https://www.gempundit.com/gemstones/garnet/garnet-gp91208
110,https://www.gempundit.com/gemstones/garnet/tsavorite-gp105416
111,https://www.gempundit.com/gemstones/garnet/garnet-gp94218
112,https://www.gempundit.com/gemstones/garnet/spessartite-gp128970
113,https://www.gempundit.com/gemstones/garnet/garnet-gp95255
114,https://www.gempundit.com/gemstones/garnet/garnet-gp94220
115,https://www.gempundit.com/gemstones/garnet/garnet-gp117570
116,https://www.gempundit.com/gemstones/garnet/tsavorite-gp105420
117,https://www.gempundit.com/gemstones/garnet/spessartite-gp128966
118,https://www.gempundit.com/gemstones/garnet/tsavorite-gp128945
119,https://www.gempundit.com/gemstones/garnet/garnet-gp110955
120,https://www.gempundit.com/gemstones/garnet/spessartite-gp105831
121,https://www.gempundit.com/gemstones/garnet/garnet-gp94219
122,https://www.gempundit.com/gemstones/garnet/garnet-gp110970
123,https://www.gempundit.com/gemstones/garnet/tsavorite-gp105464
124,https://www.gempundit.com/gemstones/garnet/spessartite-gp128978
125,https://www.gempundit.com/gemstones/garnet/tsavorite-gp128951
126,https://www.gempundit.com/gemstones/garnet/garnet-gp110996
127,https://www.gempundit.com/gemstones/garnet/tsavorite-gp132954
128,https://www.gempundit.com/gemstones/garnet/spessartite-gp128985
129,https://www.gempundit.com/gemstones/garnet/tsavorite-gp105402
130,https://www.gempundit.com/gemstones/garnet/spessartite-gp128964
131,https://www.gempundit.com/gemstones/garnet/tsavorite-gp105455
132,https://www.gempundit.com/gemstones/garnet/tsavorite-gp128946
133,https://www.gempundit.com/gemstones/garnet/garnet-gp110981
134,https://www.gempundit.com/gemstones/garnet/garnet-gp98564
135,https://www.gempundit.com/gemstones/garnet/garnet-gp117572
136,https://www.gempundit.com/gemstones/garnet/garnet-gp110969
137,https://www.gempundit.com/gemstones/garnet/garnet-gp64397
138,https://www.gempundit.com/gemstones/garnet/spessartite-gp128969
139,https://www.gempundit.com/gemstones/garnet/garnet-gp64401
140,https://www.gempundit.com/gemstones/garnet/garnet-gp110971
141,https://www.gempundit.com/gemstones/garnet/spessartite-gp128980
142,https://www.gempundit.com/gemstones/garnet/garnet-gp109582
143,https://www.gempundit.com/gemstones/garnet/garnet-gp94221
144,https://www.gempundit.com/gemstones/garnet/tsavorite-gp132956
145,https://www.gempundit.com/gemstones/garnet/tsavorite-gp105471
146,https://www.gempundit.com/gemstones/garnet/tsavorite-gp105625
147,https://www.gempundit.com/gemstones/garnet/tsavorite-gp105465
148,https://www.gempundit.com/gemstones/garnet/garnet-gp64507
149,https://www.gempundit.com/gemstones/garnet/garnet-gp110432
150,https://www.gempundit.com/gemstones/garnet/garnet-gp64428
151,https://www.gempundit.com/gemstones/garnet/garnet-gp94215
152,https://www.gempundit.com/gemstones/garnet/tsavorite-gp105418
153,https://www.gempundit.com/gemstones/garnet/spessartite-gp105835
154,https://www.gempundit.com/gemstones/garnet/garnet-gp64410
155,https://www.gempundit.com/gemstones/garnet/garnet-gp95098
156,https://www.gempundit.com/gemstones/garnet/garnet-gp94223
157,https://www.gempundit.com/gemstones/garnet/garnet-gp110438
158,https://www.gempundit.com/gemstones/garnet/garnet-gp64427
159,https://www.gempundit.com/gemstones/garnet/spessartite-gp23610
160,https://www.gempundit.com/gemstones/garnet/garnet-gp64419
161,https://www.gempundit.com/gemstones/garnet/garnet-gp64413
162,https://www.gempundit.com/gemstones/garnet/garnet-gp64423
163,https://www.gempundit.com/gemstones/garnet/garnet-gp117571
164,https://www.gempundit.com/gemstones/garnet/garnet-gp64504
165,https://www.gempundit.com/gemstones/garnet/garnet-gp64430
166,https://www.gempundit.com/gemstones/garnet/garnet-gp64396
167,https://www.gempundit.com/gemstones/garnet/garnet-gp110968
168,https://www.gempundit.com/gemstones/garnet/tsavorite-gp105409
169,https://www.gempundit.com/gemstones/garnet/garnet-gp64420
170,https://www.gempundit.com/gemstones/garnet/garnet-gp95096
171,https://www.gempundit.com/gemstones/garnet/garnet-gp110984
172,https://www.gempundit.com/gemstones/garnet/spessartite-gp111977
173,https://www.gempundit.com/gemstones/garnet/garnet-gp109580
174,https://www.gempundit.com/gemstones/garnet/garnet-gp64429
175,https://www.gempundit.com/gemstones/garnet/garnet-gp64418
176,https://www.gempundit.com/gemstones/garnet/garnet-gp64405
177,https://www.gempundit.com/gemstones/garnet/garnet-gp95095
178,https://www.gempundit.com/gemstones/garnet/garnet-gp95094
179,https://www.gempundit.com/gemstones/garnet/tsavorite-gp105405
180,https://www.gempundit.com/gemstones/garnet/garnet-gp64421
181,https://www.gempundit.com/gemstones/garnet/garnet-gp64409
182,https://www.gempundit.com/gemstones/garnet/garnet-gp64406
183,https://www.gempundit.com/gemstones/garnet/garnet-gp95086
184,https://www.gempundit.com/gemstones/garnet/garnet-gp64415
185,https://www.gempundit.com/gemstones/garnet/tsavorite-gp105406
186,https://www.gempundit.com/gemstones/garnet/tsavorite-gp105626
187,https://www.gempundit.com/gemstones/garnet/garnet-gp64511
188,https://www.gempundit.com/gemstones/garnet/garnet-gp95254
189,https://www.gempundit.com/gemstones/garnet/garnet-gp64424
190,https://www.gempundit.com/gemstones/garnet/garnet-gp131569
191,https://www.gempundit.com/gemstones/garnet/garnet-gp64404
192,https://www.gempundit.com/gemstones/garnet/garnet-gp95263
193,https://www.gempundit.com/gemstones/garnet/garnet-gp64412
194,https://www.gempundit.com/gemstones/garnet/tsavorite-gp40086
195,https://www.gempundit.com/gemstones/garnet/garnet-gp64425
196,https://www.gempundit.com/gemstones/garnet/garnet-gp64402
197,https://www.gempundit.com/gemstones/garnet/garnet-gp64521
198,https://www.gempundit.com/gemstones/garnet/tsavorite-gp121355
199,https://www.gempundit.com/gemstones/garnet/garnet-gp64399
200,https://www.gempundit.com/gemstones/garnet/garnet-gp64506
201,https://www.gempundit.com/gemstones/garnet/spessartite-gp128986
202,https://www.gempundit.com/gemstones/garnet/spessartite-gp128977
203,https://www.gempundit.com/gemstones/garnet/garnet-gp112464
204,https://www.gempundit.com/gemstones/garnet/garnet-gp64431
205,https://www.gempundit.com/gemstones/garnet/garnet-gp98551
206,https://www.gempundit.com/gemstones/garnet/garnet-gp64403
207,https://www.gempundit.com/gemstones/garnet/garnet-gp98550
208,https://www.gempundit.com/gemstones/garnet/garnet-gp95085
209,https://www.gempundit.com/gemstones/garnet/garnet-gp112460
210,https://www.gempundit.com/gemstones/garnet/tsavorite-gp105411
211,https://www.gempundit.com/gemstones/garnet/garnet-gp64411
212,https://www.gempundit.com/gemstones/garnet/garnet-gp95253
213,https://www.gempundit.com/gemstones/garnet/spessartite-gp105830
214,https://www.gempundit.com/gemstones/garnet/garnet-gp64516
215,https://www.gempundit.com/gemstones/garnet/garnet-gp64400
216,https://www.gempundit.com/gemstones/garnet/garnet-gp112459
217,https://www.gempundit.com/gemstones/garnet/garnet-gp132424
218,https://www.gempundit.com/gemstones/garnet/garnet-gp109578
219,https://www.gempundit.com/gemstones/garnet/garnet-gp88714
220,https://www.gempundit.com/gemstones/garnet/garnet-gp117578
221,https://www.gempundit.com/gemstones/garnet/garnet-gp117576
222,https://www.gempundit.com/gemstones/garnet/garnet-gp64512
223,https://www.gempundit.com/gemstones/garnet/garnet-gp130905
224,https://www.gempundit.com/gemstones/garnet/garnet-demantoidt-gp124796
225,https://www.gempundit.com/gemstones/garnet/garnet-gp112461
226,https://www.gempundit.com/gemstones/garnet/garnet-gp64534
227,https://www.gempundit.com/gemstones/garnet/tsavorite-gp121353
228,https://www.gempundit.com/gemstones/garnet/garnet-gp88711
229,https://www.gempundit.com/gemstones/garnet/garnet-gp85004
230,https://www.gempundit.com/gemstones/garnet/tsavorite-gp132957
231,https://www.gempundit.com/gemstones/garnet/spessartite-gp105828
232,https://www.gempundit.com/gemstones/garnet/garnet-gp112462
233,https://www.gempundit.com/gemstones/garnet/garnet-gp98567
234,https://www.gempundit.com/gemstones/garnet/spessartite-gp105848
235,https://www.gempundit.com/gemstones/garnet/garnet-gp64461
236,https://www.gempundit.com/gemstones/garnet/garnet-gp64455
237,https://www.gempundit.com/gemstones/garnet/tsavorite-gp105408
238,https://www.gempundit.com/gemstones/garnet/garnet-gp134133
239,https://www.gempundit.com/gemstones/garnet/garnet-gp132927
240,https://www.gempundit.com/gemstones/garnet/tsavorite-gp121349
241,https://www.gempundit.com/gemstones/garnet/garnet-gp110964
242,https://www.gempundit.com/gemstones/garnet/tsavorite-gp105410
243,https://www.gempundit.com/gemstones/garnet/spessartite-gp105832
244,https://www.gempundit.com/gemstones/garnet/garnet-gp98552
245,https://www.gempundit.com/gemstones/garnet/spessartite-gp128982
246,https://www.gempundit.com/gemstones/garnet/garnet-gp117574
247,https://www.gempundit.com/gemstones/garnet/garnet-gp110949
248,https://www.gempundit.com/gemstones/garnet/garnet-gp64543
249,https://www.gempundit.com/gemstones/garnet/garnet-gp98549
250,https://www.gempundit.com/gemstones/garnet/spessartite-gp105833
251,https://www.gempundit.com/gemstones/garnet/garnet-gp64546
252,https://www.gempundit.com/gemstones/garnet/spessartite-gp105839
253,https://www.gempundit.com/gemstones/garnet/garnet-gp64446
254,https://www.gempundit.com/gemstones/garnet/garnet-gp132423
255,https://www.gempundit.com/gemstones/garnet/garnet-gp110995
256,https://www.gempundit.com/gemstones/garnet/garnet-gp95082
257,https://www.gempundit.com/gemstones/garnet/garnet-gp95088
258,https://www.gempundit.com/gemstones/garnet/garnet-gp95259
259,https://www.gempundit.com/gemstones/garnet/garnet-gp110947
260,https://www.gempundit.com/gemstones/garnet/garnet-gp64538
261,https://www.gempundit.com/gemstones/garnet/garnet-gp64444
262,https://www.gempundit.com/gemstones/garnet/garnet-gp64547
263,https://www.gempundit.com/gemstones/garnet/garnet-gp64539
264,https://www.gempundit.com/gemstones/garnet/tsavorite-gp105472
265,https://www.gempundit.com/gemstones/garnet/garnet-gp64542
266,https://www.gempundit.com/gemstones/garnet/garnet-gp88712
267,https://www.gempundit.com/gemstones/garnet/garnet-gp64468
268,https://www.gempundit.com/gemstones/garnet/garnet-gp95083
269,https://www.gempundit.com/gemstones/garnet/garnet-gp64449
270,https://www.gempundit.com/gemstones/garnet/spessartite-gp105837
271,https://www.gempundit.com/gemstones/garnet/garnet-gp64453
272,https://www.gempundit.com/gemstones/garnet/garnet-gp95089
273,https://www.gempundit.com/gemstones/garnet/tsavorite-gp125755
274,https://www.gempundit.com/gemstones/garnet/garnet-gp98556
275,https://www.gempundit.com/gemstones/garnet/garnet-gp95258
276,https://www.gempundit.com/gemstones/garnet/garnet-gp63381
277,https://www.gempundit.com/gemstones/garnet/garnet-gp95090
278,https://www.gempundit.com/gemstones/garnet/garnet-gp85005
279,https://www.gempundit.com/gemstones/garnet/garnet-gp117577
280,https://www.gempundit.com/gemstones/garnet/garnet-gp110963
281,https://www.gempundit.com/gemstones/garnet/garnet-gp95092
282,https://www.gempundit.com/gemstones/garnet/garnet-gp112463
283,https://www.gempundit.com/gemstones/garnet/garnet-gp64465
284,https://www.gempundit.com/gemstones/garnet/garnet-gp95091
285,https://www.gempundit.com/gemstones/garnet/garnet-gp95084
286,https://www.gempundit.com/gemstones/garnet/garnet-gp95260
287,https://www.gempundit.com/gemstones/garnet/garnet-gp131568
288,https://www.gempundit.com/gemstones/garnet/garnet-gp64456
289,https://www.gempundit.com/gemstones/garnet/spessartite-gp23613
290,https://www.gempundit.com/gemstones/garnet/garnet-gp117573
291,https://www.gempundit.com/gemstones/garnet/garnet-gp64457
292,https://www.gempundit.com/gemstones/garnet/garnet-gp109583
293,https://www.gempundit.com/gemstones/garnet/garnet-gp64467
294,https://www.gempundit.com/gemstones/garnet/garnet-gp131567
295,https://www.gempundit.com/gemstones/garnet/garnet-gp64463
296,https://www.gempundit.com/gemstones/garnet/garnet-gp95093
297,https://www.gempundit.com/gemstones/garnet/tsavorite-gp105412
298,https://www.gempundit.com/gemstones/garnet/garnet-gp64452
299,https://www.gempundit.com/gemstones/garnet/garnet-gp64545
300,https://www.gempundit.com/gemstones/garnet/garnet-gp85003
301,https://www.gempundit.com/gemstones/garnet/garnet-gp132926
302,https://www.gempundit.com/gemstones/garnet/garnet-gp64447
303,https://www.gempundit.com/gemstones/garnet/garnet-gp64450
304,https://www.gempundit.com/gemstones/garnet/garnet-gp64540
305,https://www.gempundit.com/gemstones/garnet/tsavorite-gp123639
306,https://www.gempundit.com/gemstones/garnet/tsavorite-gp121354
307,https://www.gempundit.com/gemstones/garnet/garnet-gp64460
308,https://www.gempundit.com/gemstones/garnet/tsavorite-gp128963
309,https://www.gempundit.com/gemstones/garnet/garnet-gp64454
310,https://www.gempundit.com/gemstones/garnet/tsavorite-gp105417
311,https://www.gempundit.com/gemstones/garnet/garnet-gp116404
312,https://www.gempundit.com/gemstones/garnet/garnet-gp64458
313,https://www.gempundit.com/gemstones/garnet/garnet-gp95077
314,https://www.gempundit.com/gemstones/garnet/spessartite-gp105853
315,https://www.gempundit.com/gemstones/garnet/garnet-gp64448
316,https://www.gempundit.com/gemstones/garnet/tsavorite-gp132955
317,https://www.gempundit.com/gemstones/garnet/garnet-gp116406
318,https://www.gempundit.com/gemstones/garnet/garnet-gp110993
319,https://www.gempundit.com/gemstones/garnet/garnet-gp110945
320,https://www.gempundit.com/gemstones/garnet/spessartite-gp105860
321,https://www.gempundit.com/gemstones/garnet/spessartite-gp105834
322,https://www.gempundit.com/gemstones/garnet/garnet-gp95261
323,https://www.gempundit.com/gemstones/garnet/garnet-gp116402
324,https://www.gempundit.com/gemstones/garnet/garnet-gp64536
325,https://www.gempundit.com/gemstones/garnet/garnet-gp95252
326,https://www.gempundit.com/gemstones/garnet/garnet-gp64459
327,https://www.gempundit.com/gemstones/garnet/garnet-gp132429
328,https://www.gempundit.com/gemstones/garnet/garnet-gp116403
329,https://www.gempundit.com/gemstones/garnet/garnet-gp64445
330,https://www.gempundit.com/gemstones/garnet/tsavorite-gp123640
331,https://www.gempundit.com/gemstones/garnet/garnet-gp110986
332,https://www.gempundit.com/gemstones/garnet/garnet-gp15431
333,https://www.gempundit.com/gemstones/garnet/garnet-gp110946
334,https://www.gempundit.com/gemstones/garnet/garnet-gp110936
335,https://www.gempundit.com/gemstones/garnet/garnet-gp131127
336,https://www.gempundit.com/gemstones/garnet/garnet-gp116405
337,https://www.gempundit.com/gemstones/garnet/garnet-gp15469
338,https://www.gempundit.com/gemstones/garnet/garnet-gp15429
339,https://www.gempundit.com/gemstones/garnet/garnet-gp109579
340,https://www.gempundit.com/gemstones/garnet/tsavorite-gp123036
341,https://www.gempundit.com/gemstones/garnet/garnet-gp111022
342,https://www.gempundit.com/gemstones/garnet/garnet-gp95076
343,https://www.gempundit.com/gemstones/garnet/tsavorite-gp132953
344,https://www.gempundit.com/gemstones/garnet/garnet-gp116688
345,https://www.gempundit.com/gemstones/garnet/tsavorite-gp113001
346,https://www.gempundit.com/gemstones/garnet/garnet-gp98558
347,https://www.gempundit.com/gemstones/garnet/tsavorite-gp121341
348,https://www.gempundit.com/gemstones/garnet/garnet-gp116401
349,https://www.gempundit.com/gemstones/garnet/garnet-gp110932
350,https://www.gempundit.com/gemstones/garnet/garnet-gp110990
351,https://www.gempundit.com/gemstones/garnet/spessartite-gp105861
352,https://www.gempundit.com/gemstones/garnet/garnet-gp88698
353,https://www.gempundit.com/gemstones/garnet/tsavorite-gp113005
354,https://www.gempundit.com/gemstones/garnet/garnet-gp110439
355,https://www.gempundit.com/gemstones/garnet/garnet-gp110950
356,https://www.gempundit.com/gemstones/garnet/spessartite-gp105859
357,https://www.gempundit.com/gemstones/garnet/spessartite-gp105862
358,https://www.gempundit.com/gemstones/garnet/spessartite-gp105844
359,https://www.gempundit.com/gemstones/garnet/garnet-gp132431
360,https://www.gempundit.com/gemstones/garnet/garnet-gp116407
361,https://www.gempundit.com/gemstones/garnet/garnet-gp64484
362,https://www.gempundit.com/gemstones/garnet/garnet-gp64483
363,https://www.gempundit.com/gemstones/garnet/garnet-gp64491
364,https://www.gempundit.com/gemstones/garnet/garnet-gp14236
365,https://www.gempundit.com/gemstones/garnet/garnet-gp116696
366,https://www.gempundit.com/gemstones/garnet/garnet-gp110951
367,https://www.gempundit.com/gemstones/garnet/garnet-gp131123
368,https://www.gempundit.com/gemstones/garnet/spessartite-gp128967
369,https://www.gempundit.com/gemstones/garnet/tsavorite-gp125756
370,https://www.gempundit.com/gemstones/garnet/garnet-gp111006
371,https://www.gempundit.com/gemstones/garnet/spessartite-gp105856
372,https://www.gempundit.com/gemstones/garnet/spessartite-gp105836
373,https://www.gempundit.com/gemstones/garnet/garnet-gp98555
374,https://www.gempundit.com/gemstones/garnet/garnet-gp131126
375,https://www.gempundit.com/gemstones/garnet/garnet-gp110994
376,https://www.gempundit.com/gemstones/garnet/garnet-gp64489
377,https://www.gempundit.com/gemstones/garnet/garnet-gp132871
378,https://www.gempundit.com/gemstones/garnet/garnet-gp111021
379,https://www.gempundit.com/gemstones/garnet/garnet-gp110935
380,https://www.gempundit.com/gemstones/garnet/garnet-gp131521
381,https://www.gempundit.com/gemstones/garnet/garnet-gp15432
382,https://www.gempundit.com/gemstones/garnet/garnet-gp111009
383,https://www.gempundit.com/gemstones/garnet/garnet-gp95265
384,https://www.gempundit.com/gemstones/garnet/garnet-gp98563
385,https://www.gempundit.com/gemstones/garnet/garnet-gp116693
386,https://www.gempundit.com/gemstones/garnet/garnet-gp111011
387,https://www.gempundit.com/gemstones/garnet/spessartite-gp105855
388,https://www.gempundit.com/gemstones/garnet/garnet-gp57452
389,https://www.gempundit.com/gemstones/garnet/garnet-gp132870
390,https://www.gempundit.com/gemstones/garnet/garnet-gp64481
391,https://www.gempundit.com/gemstones/garnet/garnet-gp116412
392,https://www.gempundit.com/gemstones/garnet/garnet-gp111010
393,https://www.gempundit.com/gemstones/garnet/garnet-gp64485
394,https://www.gempundit.com/gemstones/garnet/garnet-gp116413
395,https://www.gempundit.com/gemstones/garnet/garnet-gp98559
396,https://www.gempundit.com/gemstones/garnet/garnet-gp131125
397,https://www.gempundit.com/gemstones/garnet/garnet-gp111014
398,https://www.gempundit.com/gemstones/garnet/garnet-gp132902
399,https://www.gempundit.com/gemstones/garnet/garnet-gp132872
400,https://www.gempundit.com/gemstones/garnet/tsavorite-gp123034
401,https://www.gempundit.com/gemstones/garnet/garnet-gp110943
402,https://www.gempundit.com/gemstones/garnet/garnet-gp98561
403,https://www.gempundit.com/gemstones/garnet/garnet-gp98554
404,https://www.gempundit.com/gemstones/garnet/garnet-gp64490
405,https://www.gempundit.com/gemstones/garnet/garnet-gp132743
406,https://www.gempundit.com/gemstones/garnet/garnet-gp131522
407,https://www.gempundit.com/gemstones/garnet/garnet-gp64487
408,https://www.gempundit.com/gemstones/garnet/garnet-gp132873
409,https://www.gempundit.com/gemstones/garnet/garnet-gp132864
410,https://www.gempundit.com/gemstones/garnet/garnet-gp132865
411,https://www.gempundit.com/gemstones/garnet/garnet-gp131124
412,https://www.gempundit.com/gemstones/garnet/garnet-gp116687
413,https://www.gempundit.com/gemstones/garnet/garnet-gp132867
414,https://www.gempundit.com/gemstones/garnet/garnet-gp116674
415,https://www.gempundit.com/gemstones/garnet/garnet-gp95078
416,https://www.gempundit.com/gemstones/garnet/garnet-gp64480
417,https://www.gempundit.com/gemstones/garnet/garnet-gp132899
418,https://www.gempundit.com/gemstones/garnet/garnet-gp132393
419,https://www.gempundit.com/gemstones/garnet/garnet-gp132742
420,https://www.gempundit.com/gemstones/garnet/garnet-gp98557
421,https://www.gempundit.com/gemstones/garnet/garnet-gp111023
422,https://www.gempundit.com/gemstones/garnet/tsavorite-gp121351
423,https://www.gempundit.com/gemstones/garnet/garnet-gp24363
424,https://www.gempundit.com/gemstones/garnet/garnet-gp116680
425,https://www.gempundit.com/gemstones/garnet/garnet-gp111019
426,https://www.gempundit.com/gemstones/garnet/garnet-gp98570
427,https://www.gempundit.com/gemstones/garnet/garnet-gp132900
428,https://www.gempundit.com/gemstones/garnet/garnet-gp110944
429,https://www.gempundit.com/gemstones/garnet/garnet-gp116676
430,https://www.gempundit.com/gemstones/garnet/garnet-gp108582
431,https://www.gempundit.com/gemstones/garnet/garnet-gp116673
432,https://www.gempundit.com/gemstones/garnet/garnet-gp98553
433,https://www.gempundit.com/gemstones/garnet/garnet-gp132901
434,https://www.gempundit.com/gemstones/garnet/garnet-gp111004
435,https://www.gempundit.com/gemstones/garnet/garnet-gp111008
436,https://www.gempundit.com/gemstones/garnet/garnet-gp132741
437,https://www.gempundit.com/gemstones/garnet/garnet-gp116408
438,https://www.gempundit.com/gemstones/garnet/garnet-gp64479
439,https://www.gempundit.com/gemstones/garnet/garnet-gp132863
440,https://www.gempundit.com/gemstones/garnet/garnet-gp98562
441,https://www.gempundit.com/gemstones/garnet/garnet-gp64472
442,https://www.gempundit.com/gemstones/garnet/tsavorite-gp125754
443,https://www.gempundit.com/gemstones/garnet/garnet-gp111020
444,https://www.gempundit.com/gemstones/garnet/garnet-gp111013
445,https://www.gempundit.com/gemstones/garnet/garnet-gp110941
446,https://www.gempundit.com/gemstones/garnet/spessartite-gp105854
447,https://www.gempundit.com/gemstones/garnet/tsavorite-gp112993
448,https://www.gempundit.com/gemstones/garnet/garnet-gp132897
449,https://www.gempundit.com/gemstones/garnet/garnet-gp132744
450,https://www.gempundit.com/gemstones/garnet/garnet-gp132869
451,https://www.gempundit.com/gemstones/garnet/garnet-gp132428
452,https://www.gempundit.com/gemstones/garnet/garnet-gp132427
453,https://www.gempundit.com/gemstones/garnet/spessartite-gp105863
454,https://www.gempundit.com/gemstones/garnet/garnet-gp98566
455,https://www.gempundit.com/gemstones/garnet/garnet-gp98565
456,https://www.gempundit.com/gemstones/garnet/tsavorite-gp113945
457,https://www.gempundit.com/gemstones/garnet/garnet-gp98572
458,https://www.gempundit.com/gemstones/garnet/garnet-gp132430
459,https://www.gempundit.com/gemstones/garnet/garnet-gp116692
460,https://www.gempundit.com/gemstones/garnet/garnet-gp116410
461,https://www.gempundit.com/gemstones/garnet/garnet-gp110983
462,https://www.gempundit.com/gemstones/garnet/garnet-gp116392
463,https://www.gempundit.com/gemstones/garnet/garnet-gp116698
464,https://www.gempundit.com/gemstones/garnet/garnet-gp132425
465,https://www.gempundit.com/gemstones/garnet/garnet-gp116411
466,https://www.gempundit.com/gemstones/garnet/tsavorite-gp128962
467,https://www.gempundit.com/gemstones/garnet/garnet-gp116697
468,https://www.gempundit.com/gemstones/garnet/tsavorite-gp113010
469,https://www.gempundit.com/gemstones/garnet/garnet-gp110934
470,https://www.gempundit.com/gemstones/garnet/garnet-gp98568
471,https://www.gempundit.com/gemstones/garnet/garnet-gp132868
472,https://www.gempundit.com/gemstones/garnet/tsavorite-gp124893
473,https://www.gempundit.com/gemstones/garnet/garnet-gp116681
474,https://www.gempundit.com/gemstones/garnet/garnet-gp116677
475,https://www.gempundit.com/gemstones/garnet/garnet-gp12600
476,https://www.gempundit.com/gemstones/garnet/garnet-gp132898
477,https://www.gempundit.com/gemstones/garnet/tsavorite-gp121356
478,https://www.gempundit.com/gemstones/garnet/garnet-gp116684
479,https://www.gempundit.com/gemstones/garnet/garnet-gp116427
480,https://www.gempundit.com/gemstones/garnet/tsavorite-gp124892
481,https://www.gempundit.com/gemstones/garnet/garnet-gp63345
482,https://www.gempundit.com/gemstones/garnet/garnet-gp117579
483,https://www.gempundit.com/gemstones/garnet/garnet-gp116695
484,https://www.gempundit.com/gemstones/garnet/garnet-gp98560
485,https://www.gempundit.com/gemstones/garnet/garnet-gp64476
486,https://www.gempundit.com/gemstones/garnet/tsavorite-gp113008
487,https://www.gempundit.com/gemstones/garnet/tsavorite-gp112995
488,https://www.gempundit.com/gemstones/garnet/spessartite-gp124449
489,https://www.gempundit.com/gemstones/garnet/tsavorite-gp112996
490,https://www.gempundit.com/gemstones/garnet/garnet-gp98569
491,https://www.gempundit.com/gemstones/garnet/garnet-gp95075
492,https://www.gempundit.com/gemstones/garnet/tsavorite-gp124894
493,https://www.gempundit.com/gemstones/garnet/spessartite-gp124452
494,https://www.gempundit.com/gemstones/garnet/garnet-gp116384
495,https://www.gempundit.com/gemstones/garnet/garnet-gp116683
496,https://www.gempundit.com/gemstones/garnet/garnet-gp95074
497,https://www.gempundit.com/gemstones/garnet/garnet-gp116391
498,https://www.gempundit.com/gemstones/garnet/garnet-gp110939
499,https://www.gempundit.com/gemstones/garnet/garnet-gp111002
500,https://www.gempundit.com/gemstones/garnet/tsavorite-gp112997
501,https://www.gempundit.com/gemstones/garnet/tsavorite-gp113006
502,https://www.gempundit.com/gemstones/garnet/tsavorite-gp124890
503,https://www.gempundit.com/gemstones/garnet/garnet-gp116387
504,https://www.gempundit.com/gemstones/garnet/garnet-gp116386
505,https://www.gempundit.com/gemstones/garnet/garnet-gp116675
506,https://www.gempundit.com/gemstones/garnet/garnet-gp130134
507,https://www.gempundit.com/gemstones/garnet/tsavorite-gp121358
508,https://www.gempundit.com/gemstones/garnet/garnet-gp116385
509,https://www.gempundit.com/gemstones/garnet/tsavorite-gp112998
510,https://www.gempundit.com/gemstones/garnet/garnet-gp95072
511,https://www.gempundit.com/gemstones/garnet/garnet-gp116694
512,https://www.gempundit.com/gemstones/garnet/tsavorite-gp112999
513,https://www.gempundit.com/gemstones/garnet/garnet-gp110937
514,https://www.gempundit.com/gemstones/garnet/garnet-gp116396
515,https://www.gempundit.com/gemstones/garnet/garnet-gp116678
516,https://www.gempundit.com/gemstones/garnet/garnet-gp110933
517,https://www.gempundit.com/gemstones/garnet/garnet-gp132866
518,https://www.gempundit.com/gemstones/garnet/garnet-gp88697
519,https://www.gempundit.com/gemstones/garnet/garnet-gp116699
520,https://www.gempundit.com/gemstones/garnet/garnet-gp116690
521,https://www.gempundit.com/gemstones/garnet/tsavorite-gp113009
522,https://www.gempundit.com/gemstones/garnet/garnet-gp132432
523,https://www.gempundit.com/gemstones/garnet/garnet-gp116397
524,https://www.gempundit.com/gemstones/garnet/garnet-gp63366
525,https://www.gempundit.com/gemstones/garnet/garnet-gp95079
526,https://www.gempundit.com/gemstones/garnet/garnet-gp110948
527,https://www.gempundit.com/gemstones/garnet/garnet-gp89604
528,https://www.gempundit.com/gemstones/garnet/garnet-gp116686
529,https://www.gempundit.com/gemstones/garnet/garnet-gp110930
530,https://www.gempundit.com/gemstones/garnet/garnet-gp116691
531,https://www.gempundit.com/gemstones/garnet/garnet-gp110938
532,https://www.gempundit.com/gemstones/garnet/spessartite-gp124448
533,https://www.gempundit.com/gemstones/garnet/garnet-gp111007
534,https://www.gempundit.com/gemstones/garnet/garnet-gp116679
535,https://www.gempundit.com/gemstones/garnet/garnet-gp111005
536,https://www.gempundit.com/gemstones/garnet/spessartite-gp124453
537,https://www.gempundit.com/gemstones/garnet/garnet-gp84796
538,https://www.gempundit.com/gemstones/garnet/garnet-gp24348
539,https://www.gempundit.com/gemstones/garnet/garnet-gp116394
540,https://www.gempundit.com/gemstones/garnet/garnet-gp116685
541,https://www.gempundit.com/gemstones/garnet/garnet-gp116689
542,https://www.gempundit.com/gemstones/garnet/garnet-gp116432
543,https://www.gempundit.com/gemstones/garnet/garnet-gp95069
544,https://www.gempundit.com/gemstones/garnet/garnet-gp15172
545,https://www.gempundit.com/gemstones/garnet/garnet-gp95070
546,https://www.gempundit.com/gemstones/garnet/garnet-gp116448
547,https://www.gempundit.com/gemstones/garnet/spessartite-gp124450
548,https://www.gempundit.com/gemstones/garnet/garnet-gp24349
549,https://www.gempundit.com/gemstones/garnet/tsavorite-gp124891
550,https://www.gempundit.com/gemstones/garnet/garnet-gp29885
551,https://www.gempundit.com/gemstones/garnet/garnet-gp63360
552,https://www.gempundit.com/gemstones/garnet/garnet-gp24343
553,https://www.gempundit.com/gemstones/garnet/garnet-gp15176
554,https://www.gempundit.com/gemstones/garnet/garnet-gp116395
555,https://www.gempundit.com/gemstones/garnet/garnet-gp63363
556,https://www.gempundit.com/gemstones/garnet/spessartite-gp124447
557,https://www.gempundit.com/gemstones/garnet/garnet-gp116682
558,https://www.gempundit.com/gemstones/garnet/garnet-gp63370
559,https://www.gempundit.com/gemstones/garnet/garnet-gp24355
560,https://www.gempundit.com/gemstones/garnet/garnet-gp130136
561,https://www.gempundit.com/gemstones/garnet/garnet-gp29895
562,https://www.gempundit.com/gemstones/garnet/garnet-gp112743
563,https://www.gempundit.com/gemstones/garnet/garnet-gp120832
564,https://www.gempundit.com/gemstones/garnet/garnet-gp116428
565,https://www.gempundit.com/gemstones/garnet/tsavorite-gp113000
566,https://www.gempundit.com/gemstones/garnet/garnet-gp63364
567,https://www.gempundit.com/gemstones/garnet/garnet-gp89573
568,https://www.gempundit.com/gemstones/garnet/spessartite-gp105857
569,https://www.gempundit.com/gemstones/garnet/garnet-gp95071
570,https://www.gempundit.com/gemstones/garnet/garnet-gp88702
571,https://www.gempundit.com/gemstones/garnet/spessartite-gp23603
572,https://www.gempundit.com/gemstones/garnet/garnet-gp63342
573,https://www.gempundit.com/gemstones/garnet/garnet-gp89577
574,https://www.gempundit.com/gemstones/garnet/garnet-gp111012
575,https://www.gempundit.com/gemstones/garnet/garnet-gp63362
576,https://www.gempundit.com/gemstones/garnet/garnet-gp116390
577,https://www.gempundit.com/gemstones/garnet/garnet-gp63341
578,https://www.gempundit.com/gemstones/garnet/garnet-gp15158
579,https://www.gempundit.com/gemstones/garnet/garnet-gp111017
580,https://www.gempundit.com/gemstones/garnet/garnet-gp88716
581,https://www.gempundit.com/gemstones/garnet/garnet-gp15167
582,https://www.gempundit.com/gemstones/garnet/garnet-gp88717
583,https://www.gempundit.com/gemstones/garnet/garnet-gp15180
584,https://www.gempundit.com/gemstones/garnet/garnet-gp63367
585,https://www.gempundit.com/gemstones/garnet/garnet-gp116398
586,https://www.gempundit.com/gemstones/garnet/garnet-gp63369
587,https://www.gempundit.com/gemstones/garnet/garnet-gp63357
588,https://www.gempundit.com/gemstones/garnet/garnet-gp95081
589,https://www.gempundit.com/gemstones/garnet/spessartite-gp124451
590,https://www.gempundit.com/gemstones/garnet/garnet-gp95268
591,https://www.gempundit.com/gemstones/garnet/garnet-gp57454
592,https://www.gempundit.com/gemstones/garnet/spessartite-gp124445
593,https://www.gempundit.com/gemstones/garnet/spessartite-gp124444
594,https://www.gempundit.com/gemstones/garnet/garnet-gp116449
595,https://www.gempundit.com/gemstones/garnet/garnet-gp116426
596,https://www.gempundit.com/gemstones/garnet/garnet-gp84797
597,https://www.gempundit.com/gemstones/garnet/garnet-gp116447
598,https://www.gempundit.com/gemstones/garnet/garnet-gp132426
599,https://www.gempundit.com/gemstones/garnet/garnet-gp116434
600,https://www.gempundit.com/gemstones/garnet/garnet-gp112736
601,https://www.gempundit.com/gemstones/garnet/garnet-gp63365
602,https://www.gempundit.com/gemstones/garnet/garnet-gp15178
603,https://www.gempundit.com/gemstones/garnet/garnet-gp15170
604,https://www.gempundit.com/gemstones/garnet/tsavorite-gp125757
605,https://www.gempundit.com/gemstones/garnet/garnet-gp88701
606,https://www.gempundit.com/gemstones/garnet/garnet-gp63355
607,https://www.gempundit.com/gemstones/garnet/garnet-gp112741
608,https://www.gempundit.com/gemstones/garnet/tsavorite-gp123033
609,https://www.gempundit.com/gemstones/garnet/garnet-gp111015
610,https://www.gempundit.com/gemstones/garnet/garnet-gp15492
611,https://www.gempundit.com/gemstones/garnet/garnet-gp112739
612,https://www.gempundit.com/gemstones/garnet/garnet-gp95080
613,https://www.gempundit.com/gemstones/garnet/garnet-gp88718
614,https://www.gempundit.com/gemstones/garnet/garnet-gp15428
615,https://www.gempundit.com/gemstones/garnet/tsavorite-gp113002
616,https://www.gempundit.com/gemstones/garnet/garnet-gp112737
617,https://www.gempundit.com/gemstones/garnet/garnet-gp28189
618,https://www.gempundit.com/gemstones/garnet/garnet-gp28188
619,https://www.gempundit.com/gemstones/garnet/tsavorite-gp113007
620,https://www.gempundit.com/gemstones/garnet/garnet-gp29876
621,https://www.gempundit.com/gemstones/garnet/garnet-gp29896
622,https://www.gempundit.com/gemstones/garnet/garnet-gp132906
623,https://www.gempundit.com/gemstones/garnet/garnet-gp57434
624,https://www.gempundit.com/gemstones/garnet/tsavorite-gp126027
625,https://www.gempundit.com/gemstones/garnet/garnet-gp28195
626,https://www.gempundit.com/gemstones/garnet/garnet-gp29898
627,https://www.gempundit.com/gemstones/garnet/garnet-gp24342
628,https://www.gempundit.com/gemstones/garnet/garnet-gp132950
629,https://www.gempundit.com/gemstones/garnet/garnet-gp112735
630,https://www.gempundit.com/gemstones/garnet/tsavorite-gp113003
631,https://www.gempundit.com/gemstones/garnet/garnet-gp132908
632,https://www.gempundit.com/gemstones/garnet/garnet-gp110929
633,https://www.gempundit.com/gemstones/garnet/garnet-gp132747
634,https://www.gempundit.com/gemstones/garnet/spessartite-gp124442
635,https://www.gempundit.com/gemstones/garnet/tsavorite-gp113004
636,https://www.gempundit.com/gemstones/garnet/garnet-gp132766
637,https://www.gempundit.com/gemstones/garnet/garnet-gp132951
638,https://www.gempundit.com/gemstones/garnet/garnet-gp14231
639,https://www.gempundit.com/gemstones/garnet/garnet-gp132905
640,https://www.gempundit.com/gemstones/garnet/garnet-gp130135
641,https://www.gempundit.com/gemstones/garnet/garnet-gp112740
642,https://www.gempundit.com/gemstones/garnet/garnet-gp132909
643,https://www.gempundit.com/gemstones/garnet/garnet-gp112738
644,https://www.gempundit.com/gemstones/garnet/garnet-gp15449
645,https://www.gempundit.com/gemstones/garnet/garnet-gp88708
646,https://www.gempundit.com/gemstones/garnet/spessartite-gp124446
647,https://www.gempundit.com/gemstones/garnet/garnet-gp89589
648,https://www.gempundit.com/gemstones/garnet/garnet-gp116433
649,https://www.gempundit.com/gemstones/garnet/garnet-gp110927
650,https://www.gempundit.com/gemstones/garnet/garnet-gp88703
651,https://www.gempundit.com/gemstones/garnet/garnet-gp116430
652,https://www.gempundit.com/gemstones/garnet/garnet-gp88715
653,https://www.gempundit.com/gemstones/garnet/garnet-gp15175
654,https://www.gempundit.com/gemstones/garnet/spessartite-gp124443
655,https://www.gempundit.com/gemstones/garnet/garnet-gp116393
656,https://www.gempundit.com/gemstones/garnet/spessartite-gp124440
657,https://www.gempundit.com/gemstones/garnet/garnet-gp112742
658,https://www.gempundit.com/gemstones/garnet/garnet-gp89600
659,https://www.gempundit.com/gemstones/garnet/garnet-gp132745
660,https://www.gempundit.com/gemstones/garnet/garnet-gp116443
661,https://www.gempundit.com/gemstones/garnet/garnet-gp132930
662,https://www.gempundit.com/gemstones/garnet/garnet-gp120831
663,https://www.gempundit.com/gemstones/garnet/garnet-gp84795
664,https://www.gempundit.com/gemstones/garnet/garnet-gp132746
665,https://www.gempundit.com/gemstones/garnet/garnet-gp120828
666,https://www.gempundit.com/gemstones/garnet/garnet-gp120829
667,https://www.gempundit.com/gemstones/garnet/garnet-gp116442
668,https://www.gempundit.com/gemstones/garnet/garnet-gp84791
669,https://www.gempundit.com/gemstones/garnet/garnet-gp63333
670,https://www.gempundit.com/gemstones/garnet/garnet-gp116429
671,https://www.gempundit.com/gemstones/garnet/garnet-gp132903
672,https://www.gempundit.com/gemstones/garnet/spessartite-gp124439
673,https://www.gempundit.com/gemstones/garnet/garnet-gp132761
674,https://www.gempundit.com/gemstones/garnet/garnet-gp132907
675,https://www.gempundit.com/gemstones/garnet/garnet-gp116435
676,https://www.gempundit.com/gemstones/garnet/garnet-gp132904
677,https://www.gempundit.com/gemstones/garnet/garnet-gp132912
678,https://www.gempundit.com/gemstones/garnet/spessartite-gp62928
679,https://www.gempundit.com/gemstones/garnet/garnet-gp132751
680,https://www.gempundit.com/gemstones/garnet/spessartite-gp23604
681,https://www.gempundit.com/gemstones/garnet/garnet-gp132911
682,https://www.gempundit.com/gemstones/garnet/spessartite-gp105840
683,https://www.gempundit.com/gemstones/garnet/spessartite-gp124441
684,https://www.gempundit.com/gemstones/garnet/garnet-gp89583
685,https://www.gempundit.com/gemstones/garnet/garnet-gp116418
686,https://www.gempundit.com/gemstones/garnet/garnet-gp84790
687,https://www.gempundit.com/gemstones/garnet/garnet-gp84794
688,https://www.gempundit.com/gemstones/garnet/garnet-gp116440
689,https://www.gempundit.com/gemstones/garnet/garnet-gp120830
690,https://www.gempundit.com/gemstones/garnet/garnet-gp89593
691,https://www.gempundit.com/gemstones/garnet/garnet-gp125769
692,https://www.gempundit.com/gemstones/garnet/garnet-gp84789
693,https://www.gempundit.com/gemstones/garnet/garnet-gp112747
694,https://www.gempundit.com/gemstones/garnet/garnet-gp89599
695,https://www.gempundit.com/gemstones/garnet/garnet-gp89606
696,https://www.gempundit.com/gemstones/garnet/garnet-gp112745
697,https://www.gempundit.com/gemstones/garnet/garnet-gp109488
698,https://www.gempundit.com/gemstones/garnet/garnet-gp29878
699,https://www.gempundit.com/gemstones/garnet/garnet-gp116436
700,https://www.gempundit.com/gemstones/garnet/garnet-gp132910
701,https://www.gempundit.com/gemstones/garnet/tsavorite-gp126101
702,https://www.gempundit.com/gemstones/garnet/garnet-gp132750
703,https://www.gempundit.com/gemstones/garnet/garnet-gp109489
704,https://www.gempundit.com/gemstones/garnet/garnet-gp84783
705,https://www.gempundit.com/gemstones/garnet/garnet-gp116437
706,https://www.gempundit.com/gemstones/garnet/garnet-gp132753
707,https://www.gempundit.com/gemstones/garnet/garnet-gp84793
708,https://www.gempundit.com/gemstones/garnet/garnet-gp116425
709,https://www.gempundit.com/gemstones/garnet/garnet-gp132762
710,https://www.gempundit.com/gemstones/garnet/spessartite-gp1238798
711,https://www.gempundit.com/gemstones/garnet/garnet-gp132752
712,https://www.gempundit.com/gemstones/garnet/garnet-gp125768
713,https://www.gempundit.com/gemstones/garnet/garnet-gp84792
714,https://www.gempundit.com/gemstones/garnet/garnet-gp116420
715,https://www.gempundit.com/gemstones/garnet/spessartite-gp105841
716,https://www.gempundit.com/gemstones/garnet/garnet-gp129512
717,https://www.gempundit.com/gemstones/garnet/garnet-gp125767
718,https://www.gempundit.com/gemstones/garnet/garnet-gp89592
719,https://www.gempundit.com/gemstones/garnet/garnet-gp109486
720,https://www.gempundit.com/gemstones/garnet/garnet-gp98593
721,https://www.gempundit.com/gemstones/garnet/garnet-gp98594
722,https://www.gempundit.com/gemstones/garnet/garnet-gp132767
723,https://www.gempundit.com/gemstones/garnet/garnet-gp98595
724,https://www.gempundit.com/gemstones/garnet/garnet-gp132756
725,https://www.gempundit.com/gemstones/garnet/garnet-gp84785
726,https://www.gempundit.com/gemstones/garnet/garnet-gp132755
727,https://www.gempundit.com/gemstones/garnet/garnet-gp116422
728,https://www.gempundit.com/gemstones/garnet/garnet-gp98596
729,https://www.gempundit.com/gemstones/garnet/garnet-gp116416
730,https://www.gempundit.com/gemstones/garnet/garnet-gp125770
731,https://www.gempundit.com/gemstones/garnet/spessartite-gp62930
732,https://www.gempundit.com/gemstones/garnet/garnet-gp116414
733,https://www.gempundit.com/gemstones/garnet/garnet-gp125773
734,https://www.gempundit.com/gemstones/garnet/garnet-gp132757
735,https://www.gempundit.com/gemstones/garnet/garnet-gp109487
736,https://www.gempundit.com/gemstones/garnet/garnet-gp132754
737,https://www.gempundit.com/gemstones/garnet/garnet-gp132768
738,https://www.gempundit.com/gemstones/garnet/garnet-gp125766
739,https://www.gempundit.com/gemstones/garnet/spessartite-gp62931
740,https://www.gempundit.com/gemstones/garnet/garnet-gp116424
741,https://www.gempundit.com/gemstones/garnet/garnet-gp116417
742,https://www.gempundit.com/gemstones/garnet/garnet-gp132759
743,https://www.gempundit.com/gemstones/garnet/garnet-gp132758
744,https://www.gempundit.com/gemstones/garnet/tsavorite-gp130919
745,https://www.gempundit.com/gemstones/garnet/garnet-gp132760
746,https://www.gempundit.com/gemstones/garnet/garnet-gp132765
747,https://www.gempundit.com/gemstones/garnet/garnet-gp132763
748,https://www.gempundit.com/gemstones/garnet/tsavorite-gp123041
749,https://www.gempundit.com/gemstones/garnet/garnet-gp116421
750,https://www.gempundit.com/gemstones/garnet/spessartite-gp62932
751,https://www.gempundit.com/gemstones/garnet/garnet-gp116419
752,https://www.gempundit.com/gemstones/garnet/garnet-gp116415
753,https://www.gempundit.com/gemstones/garnet/spessartite-gp62933
754,https://www.gempundit.com/gemstones/garnet/tsavorite-gp126104
755,https://www.gempundit.com/gemstones/garnet/spessartite-gp55252
756,https://www.gempundit.com/gemstones/garnet/garnet-gp125771
757,https://www.gempundit.com/gemstones/garnet/garnet-gp89582
758,https://www.gempundit.com/gemstones/garnet/tsavorite-gp123043
759,https://www.gempundit.com/gemstones/garnet/garnet-gp109492
760,https://www.gempundit.com/gemstones/garnet/tsavorite-gp123032
761,https://www.gempundit.com/gemstones/garnet/garnet-gp89563
762,https://www.gempundit.com/gemstones/garnet/garnet-gp132764
763,https://www.gempundit.com/gemstones/garnet/tsavorite-gp126026
764,https://www.gempundit.com/gemstones/garnet/spessartite-gp62934
765,https://www.gempundit.com/gemstones/garnet/tsavorite-gp123042
766,https://www.gempundit.com/gemstones/garnet/tsavorite-gp127863
767,https://www.gempundit.com/gemstones/garnet/tsavorite-gp127254
768,https://www.gempundit.com/gemstones/garnet/garnet-gp129513
769,https://www.gempundit.com/gemstones/garnet/spessartite-gp127274
