,Goshenite
0,https://www.gempundit.com/gemstones/goshenite/goshenite-gp105364
1,https://www.gempundit.com/gemstones/goshenite/goshenite-gp105542
2,https://www.gempundit.com/gemstones/goshenite/goshenite-gp105135
3,https://www.gempundit.com/gemstones/goshenite/goshenite-gp105082
4,https://www.gempundit.com/gemstones/goshenite/goshenite-gp105159
5,https://www.gempundit.com/gemstones/goshenite/goshenite-gp105133
6,https://www.gempundit.com/gemstones/goshenite/goshenite-gp105131
7,https://www.gempundit.com/gemstones/goshenite/goshenite-gp105119
8,https://www.gempundit.com/gemstones/goshenite/goshenite-gp105129
9,https://www.gempundit.com/gemstones/goshenite/goshenite-gp105116
10,https://www.gempundit.com/gemstones/goshenite/goshenite-gp105132
11,https://www.gempundit.com/gemstones/goshenite/goshenite-gp68462
12,https://www.gempundit.com/gemstones/goshenite/goshenite-gp105222
13,https://www.gempundit.com/gemstones/goshenite/goshenite-gp105151
14,https://www.gempundit.com/gemstones/goshenite/goshenite-gp105111
15,https://www.gempundit.com/gemstones/goshenite/goshenite-gp105118
16,https://www.gempundit.com/gemstones/goshenite/goshenite-gp105126
17,https://www.gempundit.com/gemstones/goshenite/goshenite-gp105138
18,https://www.gempundit.com/gemstones/goshenite/goshenite-gp105160
19,https://www.gempundit.com/gemstones/goshenite/goshenite-gp105128
20,https://www.gempundit.com/gemstones/goshenite/goshenite-gp105124
21,https://www.gempundit.com/gemstones/goshenite/goshenite-gp68460
22,https://www.gempundit.com/gemstones/goshenite/goshenite-gp105115
23,https://www.gempundit.com/gemstones/goshenite/goshenite-gp68461
24,https://www.gempundit.com/gemstones/goshenite/goshenite-gp105174
25,https://www.gempundit.com/gemstones/goshenite/goshenite-gp105120
26,https://www.gempundit.com/gemstones/goshenite/goshenite-gp105130
27,https://www.gempundit.com/gemstones/goshenite/goshenite-gp105137
28,https://www.gempundit.com/gemstones/goshenite/goshenite-gp105123
29,https://www.gempundit.com/gemstones/goshenite/goshenite-gp105127
30,https://www.gempundit.com/gemstones/goshenite/goshenite-gp105125
31,https://www.gempundit.com/gemstones/goshenite/goshenite-gp105624
32,https://www.gempundit.com/gemstones/goshenite/goshenite-gp105103
33,https://www.gempundit.com/gemstones/goshenite/goshenite-gp105147
34,https://www.gempundit.com/gemstones/goshenite/goshenite-gp105620
35,https://www.gempundit.com/gemstones/goshenite/goshenite-gp105543
36,https://www.gempundit.com/gemstones/goshenite/goshenite-gp98456
37,https://www.gempundit.com/gemstones/goshenite/goshenite-gp105140
38,https://www.gempundit.com/gemstones/goshenite/goshenite-gp105153
39,https://www.gempundit.com/gemstones/goshenite/goshenite-gp105363
40,https://www.gempundit.com/gemstones/goshenite/goshenite-gp105114
41,https://www.gempundit.com/gemstones/goshenite/goshenite-gp105150
42,https://www.gempundit.com/gemstones/goshenite/goshenite-gp98457
43,https://www.gempundit.com/gemstones/goshenite/goshenite-gp98444
44,https://www.gempundit.com/gemstones/goshenite/goshenite-gp68694
45,https://www.gempundit.com/gemstones/goshenite/goshenite-gp98455
46,https://www.gempundit.com/gemstones/goshenite/goshenite-gp68692
47,https://www.gempundit.com/gemstones/goshenite/goshenite-gp105148
48,https://www.gempundit.com/gemstones/goshenite/goshenite-gp105139
49,https://www.gempundit.com/gemstones/goshenite/goshenite-gp67880
50,https://www.gempundit.com/gemstones/goshenite/goshenite-gp105621
51,https://www.gempundit.com/gemstones/goshenite/goshenite-gp105122
52,https://www.gempundit.com/gemstones/goshenite/goshenite-gp105146
53,https://www.gempundit.com/gemstones/goshenite/goshenite-gp105144
54,https://www.gempundit.com/gemstones/goshenite/goshenite-gp105141
55,https://www.gempundit.com/gemstones/goshenite/goshenite-gp98449
56,https://www.gempundit.com/gemstones/goshenite/goshenite-gp105622
57,https://www.gempundit.com/gemstones/goshenite/goshenite-gp123298
58,https://www.gempundit.com/gemstones/goshenite/goshenite-gp105535
59,https://www.gempundit.com/gemstones/goshenite/goshenite-gp98448
60,https://www.gempundit.com/gemstones/goshenite/goshenite-gp105537
61,https://www.gempundit.com/gemstones/goshenite/goshenite-gp105145
62,https://www.gempundit.com/gemstones/goshenite/goshenite-gp105142
63,https://www.gempundit.com/gemstones/goshenite/goshenite-gp98447
64,https://www.gempundit.com/gemstones/goshenite/goshenite-gp105071
65,https://www.gempundit.com/gemstones/goshenite/goshenite-gp98453
66,https://www.gempundit.com/gemstones/goshenite/goshenite-gp98452
67,https://www.gempundit.com/gemstones/goshenite/goshenite-gp105152
68,https://www.gempundit.com/gemstones/goshenite/goshenite-gp98440
69,https://www.gempundit.com/gemstones/goshenite/goshenite-gp105149
70,https://www.gempundit.com/gemstones/goshenite/goshenite-gp98442
71,https://www.gempundit.com/gemstones/goshenite/goshenite-gp67879
72,https://www.gempundit.com/gemstones/goshenite/goshenite-gp98443
73,https://www.gempundit.com/gemstones/goshenite/goshenite-gp105121
74,https://www.gempundit.com/gemstones/goshenite/goshenite-gp98439
75,https://www.gempundit.com/gemstones/goshenite/goshenite-gp98445
76,https://www.gempundit.com/gemstones/goshenite/goshenite-gp98451
77,https://www.gempundit.com/gemstones/goshenite/goshenite-gp98454
78,https://www.gempundit.com/gemstones/goshenite/goshenite-gp98450
79,https://www.gempundit.com/gemstones/goshenite/goshenite-gp98438
80,https://www.gempundit.com/gemstones/goshenite/goshenite-gp98446
81,https://www.gempundit.com/gemstones/goshenite/goshenite-gp68459
82,https://www.gempundit.com/gemstones/goshenite/goshenite-gp105561
