,Hessonite (Gomed)
0,https://www.gempundit.com/gemstones/hessonite/hessonite-gp21541
1,https://www.gempundit.com/gemstones/hessonite/hessonite-gp21534
2,https://www.gempundit.com/gemstones/hessonite/hessonite-gp105852
3,https://www.gempundit.com/gemstones/hessonite/hessonite-gp21506
4,https://www.gempundit.com/gemstones/hessonite/hessonite-gp111212
5,https://www.gempundit.com/gemstones/hessonite/hessonite-gp111159
6,https://www.gempundit.com/gemstones/hessonite/hessonite-gp111211
7,https://www.gempundit.com/gemstones/hessonite/hessonite-gp111215
8,https://www.gempundit.com/gemstones/hessonite/hessonite-gp111161
9,https://www.gempundit.com/gemstones/hessonite/hessonite-gp111160
10,https://www.gempundit.com/gemstones/hessonite/hessonite-gp111151
11,https://www.gempundit.com/gemstones/hessonite/hessonite-gp59992
12,https://www.gempundit.com/gemstones/hessonite/hessonite-gp111207
13,https://www.gempundit.com/gemstones/hessonite/hessonite-gp111219
14,https://www.gempundit.com/gemstones/hessonite/hessonite-gp111196
15,https://www.gempundit.com/gemstones/hessonite/hessonite-gp21517
16,https://www.gempundit.com/gemstones/hessonite/hessonite-gp111150
17,https://www.gempundit.com/gemstones/hessonite/hessonite-gp111203
18,https://www.gempundit.com/gemstones/hessonite/hessonite-gp111194
19,https://www.gempundit.com/gemstones/hessonite/hessonite-gp60048
20,https://www.gempundit.com/gemstones/hessonite/hessonite-gp111190
21,https://www.gempundit.com/gemstones/hessonite/hessonite-gp111172
22,https://www.gempundit.com/gemstones/hessonite/hessonite-gp111210
23,https://www.gempundit.com/gemstones/hessonite/hessonite-gp111158
24,https://www.gempundit.com/gemstones/hessonite/hessonite-gp111182
25,https://www.gempundit.com/gemstones/hessonite/hessonite-gp111171
26,https://www.gempundit.com/gemstones/hessonite/hessonite-gp111154
27,https://www.gempundit.com/gemstones/hessonite/hessonite-gp105850
28,https://www.gempundit.com/gemstones/hessonite/hessonite-gp111163
29,https://www.gempundit.com/gemstones/hessonite/hessonite-gp111195
30,https://www.gempundit.com/gemstones/hessonite/hessonite-gp111156
31,https://www.gempundit.com/gemstones/hessonite/hessonite-gp111157
32,https://www.gempundit.com/gemstones/hessonite/hessonite-gp111152
33,https://www.gempundit.com/gemstones/hessonite/hessonite-gp111188
34,https://www.gempundit.com/gemstones/hessonite/hessonite-gp59990
35,https://www.gempundit.com/gemstones/hessonite/hessonite-gp60067
36,https://www.gempundit.com/gemstones/hessonite/hessonite-gp111153
37,https://www.gempundit.com/gemstones/hessonite/hessonite-gp60045
38,https://www.gempundit.com/gemstones/hessonite/hessonite-gp22324
39,https://www.gempundit.com/gemstones/hessonite/hessonite-gp111189
40,https://www.gempundit.com/gemstones/hessonite/hessonite-gp111206
41,https://www.gempundit.com/gemstones/hessonite/hessonite-gp21501
42,https://www.gempundit.com/gemstones/hessonite/hessonite-gp21502
43,https://www.gempundit.com/gemstones/hessonite/hessonite-gp111168
44,https://www.gempundit.com/gemstones/hessonite/hessonite-gp111162
45,https://www.gempundit.com/gemstones/hessonite/hessonite-gp118532
46,https://www.gempundit.com/gemstones/hessonite/hessonite-gp22338
47,https://www.gempundit.com/gemstones/hessonite/hessonite-gp60076
48,https://www.gempundit.com/gemstones/hessonite/hessonite-gp22309
49,https://www.gempundit.com/gemstones/hessonite/hessonite-gp111147
50,https://www.gempundit.com/gemstones/hessonite/hessonite-gp59994
51,https://www.gempundit.com/gemstones/hessonite/hessonite-gp22341
52,https://www.gempundit.com/gemstones/hessonite/hessonite-gp123414
53,https://www.gempundit.com/gemstones/hessonite/hessonite-gp60068
54,https://www.gempundit.com/gemstones/hessonite/hessonite-gp111198
55,https://www.gempundit.com/gemstones/hessonite/hessonite-gp123463
56,https://www.gempundit.com/gemstones/hessonite/hessonite-gp21499
57,https://www.gempundit.com/gemstones/hessonite/hessonite-gp93805
58,https://www.gempundit.com/gemstones/hessonite/hessonite-gp93814
59,https://www.gempundit.com/gemstones/hessonite/hessonite-gp60042
60,https://www.gempundit.com/gemstones/hessonite/hessonite-gp60044
61,https://www.gempundit.com/gemstones/hessonite/hessonite-gp60080
62,https://www.gempundit.com/gemstones/hessonite/hessonite-gp27967
63,https://www.gempundit.com/gemstones/hessonite/hessonite-gp116566
64,https://www.gempundit.com/gemstones/hessonite/hessonite-gp123482
65,https://www.gempundit.com/gemstones/hessonite/hessonite-gp111166
66,https://www.gempundit.com/gemstones/hessonite/hessonite-gp21508
67,https://www.gempundit.com/gemstones/hessonite/hessonite-gp116575
68,https://www.gempundit.com/gemstones/hessonite/hessonite-gp60073
69,https://www.gempundit.com/gemstones/hessonite/hessonite-gp123420
70,https://www.gempundit.com/gemstones/hessonite/hessonite-gp111218
71,https://www.gempundit.com/gemstones/hessonite/hessonite-gp123485
72,https://www.gempundit.com/gemstones/hessonite/hessonite-gp93802
73,https://www.gempundit.com/gemstones/hessonite/hessonite-gp123487
74,https://www.gempundit.com/gemstones/hessonite/hessonite-gp123472
75,https://www.gempundit.com/gemstones/hessonite/hessonite-gp123405
76,https://www.gempundit.com/gemstones/hessonite/hessonite-gp59989
77,https://www.gempundit.com/gemstones/hessonite/hessonite-gp123434
78,https://www.gempundit.com/gemstones/hessonite/hessonite-gp123402
79,https://www.gempundit.com/gemstones/hessonite/hessonite-gp123432
80,https://www.gempundit.com/gemstones/hessonite/hessonite-gp123413
81,https://www.gempundit.com/gemstones/hessonite/hessonite-gp123409
82,https://www.gempundit.com/gemstones/hessonite/hessonite-gp111146
83,https://www.gempundit.com/gemstones/hessonite/hessonite-gp22363
84,https://www.gempundit.com/gemstones/hessonite/hessonite-gp123431
85,https://www.gempundit.com/gemstones/hessonite/hessonite-gp44318
86,https://www.gempundit.com/gemstones/hessonite/hessonite-gp123416
87,https://www.gempundit.com/gemstones/hessonite/hessonite-gp123455
88,https://www.gempundit.com/gemstones/hessonite/hessonite-gp123486
89,https://www.gempundit.com/gemstones/hessonite/hessonite-gp60062
90,https://www.gempundit.com/gemstones/hessonite/hessonite-gp123478
91,https://www.gempundit.com/gemstones/hessonite/hessonite-gp110483
92,https://www.gempundit.com/gemstones/hessonite/hessonite-gp60041
93,https://www.gempundit.com/gemstones/hessonite/hessonite-gp44391
94,https://www.gempundit.com/gemstones/hessonite/hessonite-gp123454
95,https://www.gempundit.com/gemstones/hessonite/hessonite-gp123491
96,https://www.gempundit.com/gemstones/hessonite/hessonite-gp60070
97,https://www.gempundit.com/gemstones/hessonite/hessonite-gp59986
98,https://www.gempundit.com/gemstones/hessonite/hessonite-gp60065
99,https://www.gempundit.com/gemstones/hessonite/hessonite-gp44441
100,https://www.gempundit.com/gemstones/hessonite/hessonite-gp123490
101,https://www.gempundit.com/gemstones/hessonite/hessonite-gp93810
102,https://www.gempundit.com/gemstones/hessonite/hessonite-gp60040
103,https://www.gempundit.com/gemstones/hessonite/hessonite-gp44407
104,https://www.gempundit.com/gemstones/hessonite/hessonite-gp123476
105,https://www.gempundit.com/gemstones/hessonite/hessonite-gp123488
106,https://www.gempundit.com/gemstones/hessonite/hessonite-gp44331
107,https://www.gempundit.com/gemstones/hessonite/hessonite-gp44303
108,https://www.gempundit.com/gemstones/hessonite/hessonite-gp60072
109,https://www.gempundit.com/gemstones/hessonite/hessonite-gp44294
110,https://www.gempundit.com/gemstones/hessonite/hessonite-gp123450
111,https://www.gempundit.com/gemstones/hessonite/hessonite-gp123404
112,https://www.gempundit.com/gemstones/hessonite/hessonite-gp44450
113,https://www.gempundit.com/gemstones/hessonite/hessonite-gp123430
114,https://www.gempundit.com/gemstones/hessonite/hessonite-gp111155
115,https://www.gempundit.com/gemstones/hessonite/hessonite-gp123469
116,https://www.gempundit.com/gemstones/hessonite/hessonite-gp123448
117,https://www.gempundit.com/gemstones/hessonite/hessonite-gp123447
118,https://www.gempundit.com/gemstones/hessonite/hessonite-gp44430
119,https://www.gempundit.com/gemstones/hessonite/hessonite-gp44483
120,https://www.gempundit.com/gemstones/hessonite/hessonite-gp44465
121,https://www.gempundit.com/gemstones/hessonite/hessonite-gp123433
122,https://www.gempundit.com/gemstones/hessonite/hessonite-gp44414
123,https://www.gempundit.com/gemstones/hessonite/hessonite-gp44448
124,https://www.gempundit.com/gemstones/hessonite/hessonite-gp22361
125,https://www.gempundit.com/gemstones/hessonite/hessonite-gp123449
126,https://www.gempundit.com/gemstones/hessonite/hessonite-gp44454
127,https://www.gempundit.com/gemstones/hessonite/hessonite-gp44432
128,https://www.gempundit.com/gemstones/hessonite/hessonite-gp44389
129,https://www.gempundit.com/gemstones/hessonite/hessonite-gp123456
130,https://www.gempundit.com/gemstones/hessonite/hessonite-gp123403
131,https://www.gempundit.com/gemstones/hessonite/hessonite-gp111179
132,https://www.gempundit.com/gemstones/hessonite/hessonite-gp110516
133,https://www.gempundit.com/gemstones/hessonite/hessonite-gp60022
134,https://www.gempundit.com/gemstones/hessonite/hessonite-gp44307
135,https://www.gempundit.com/gemstones/hessonite/hessonite-gp22349
136,https://www.gempundit.com/gemstones/hessonite/hessonite-gp111187
137,https://www.gempundit.com/gemstones/hessonite/hessonite-gp110512
138,https://www.gempundit.com/gemstones/hessonite/hessonite-gp110538
139,https://www.gempundit.com/gemstones/hessonite/hessonite-gp44315
140,https://www.gempundit.com/gemstones/hessonite/hessonite-gp44422
141,https://www.gempundit.com/gemstones/hessonite/hessonite-gp44314
142,https://www.gempundit.com/gemstones/hessonite/hessonite-gp93798
143,https://www.gempundit.com/gemstones/hessonite/hessonite-gp44408
144,https://www.gempundit.com/gemstones/hessonite/hessonite-gp44427
145,https://www.gempundit.com/gemstones/hessonite/hessonite-gp44385
146,https://www.gempundit.com/gemstones/hessonite/hessonite-gp90050
147,https://www.gempundit.com/gemstones/hessonite/hessonite-gp44411
148,https://www.gempundit.com/gemstones/hessonite/hessonite-gp44406
149,https://www.gempundit.com/gemstones/hessonite/hessonite-gp44399
150,https://www.gempundit.com/gemstones/hessonite/hessonite-gp44421
151,https://www.gempundit.com/gemstones/hessonite/hessonite-gp123484
152,https://www.gempundit.com/gemstones/hessonite/hessonite-gp123415
153,https://www.gempundit.com/gemstones/hessonite/hessonite-gp123412
154,https://www.gempundit.com/gemstones/hessonite/hessonite-gp123401
155,https://www.gempundit.com/gemstones/hessonite/hessonite-gp93809
156,https://www.gempundit.com/gemstones/hessonite/hessonite-gp90047
157,https://www.gempundit.com/gemstones/hessonite/hessonite-gp90044
158,https://www.gempundit.com/gemstones/hessonite/hessonite-gp44431
159,https://www.gempundit.com/gemstones/hessonite/hessonite-gp44312
160,https://www.gempundit.com/gemstones/hessonite/hessonite-gp44460
161,https://www.gempundit.com/gemstones/hessonite/hessonite-gp44451
162,https://www.gempundit.com/gemstones/hessonite/hessonite-gp22362
163,https://www.gempundit.com/gemstones/hessonite/hessonite-gp123477
164,https://www.gempundit.com/gemstones/hessonite/hessonite-gp123427
165,https://www.gempundit.com/gemstones/hessonite/hessonite-gp110501
166,https://www.gempundit.com/gemstones/hessonite/hessonite-gp90189
167,https://www.gempundit.com/gemstones/hessonite/hessonite-gp44403
168,https://www.gempundit.com/gemstones/hessonite/hessonite-gp123467
169,https://www.gempundit.com/gemstones/hessonite/hessonite-gp110511
170,https://www.gempundit.com/gemstones/hessonite/hessonite-gp123425
171,https://www.gempundit.com/gemstones/hessonite/hessonite-gp44475
172,https://www.gempundit.com/gemstones/hessonite/hessonite-gp44394
173,https://www.gempundit.com/gemstones/hessonite/hessonite-gp123399
174,https://www.gempundit.com/gemstones/hessonite/hessonite-gp44381
175,https://www.gempundit.com/gemstones/hessonite/hessonite-gp44439
176,https://www.gempundit.com/gemstones/hessonite/hessonite-gp123411
177,https://www.gempundit.com/gemstones/hessonite/hessonite-gp44477
178,https://www.gempundit.com/gemstones/hessonite/hessonite-gp44310
179,https://www.gempundit.com/gemstones/hessonite/hessonite-gp110484
180,https://www.gempundit.com/gemstones/hessonite/hessonite-gp44409
181,https://www.gempundit.com/gemstones/hessonite/hessonite-gp44476
182,https://www.gempundit.com/gemstones/hessonite/hessonite-gp44296
183,https://www.gempundit.com/gemstones/hessonite/hessonite-gp17135
184,https://www.gempundit.com/gemstones/hessonite/hessonite-gp110530
185,https://www.gempundit.com/gemstones/hessonite/hessonite-gp123468
186,https://www.gempundit.com/gemstones/hessonite/hessonite-gp110522
187,https://www.gempundit.com/gemstones/hessonite/hessonite-gp123429
188,https://www.gempundit.com/gemstones/hessonite/hessonite-gp44467
189,https://www.gempundit.com/gemstones/hessonite/hessonite-gp123457
190,https://www.gempundit.com/gemstones/hessonite/hessonite-gp111174
191,https://www.gempundit.com/gemstones/hessonite/hessonite-gp44446
192,https://www.gempundit.com/gemstones/hessonite/hessonite-gp110519
193,https://www.gempundit.com/gemstones/hessonite/hessonite-gp44443
194,https://www.gempundit.com/gemstones/hessonite/hessonite-gp123483
195,https://www.gempundit.com/gemstones/hessonite/hessonite-gp111193
196,https://www.gempundit.com/gemstones/hessonite/hessonite-gp27972
197,https://www.gempundit.com/gemstones/hessonite/hessonite-gp123459
198,https://www.gempundit.com/gemstones/hessonite/hessonite-gp110534
199,https://www.gempundit.com/gemstones/hessonite/hessonite-gp123400
200,https://www.gempundit.com/gemstones/hessonite/hessonite-gp110491
201,https://www.gempundit.com/gemstones/hessonite/hessonite-gp44400
202,https://www.gempundit.com/gemstones/hessonite/hessonite-gp123439
203,https://www.gempundit.com/gemstones/hessonite/hessonite-gp93776
204,https://www.gempundit.com/gemstones/hessonite/hessonite-gp131583
205,https://www.gempundit.com/gemstones/hessonite/hessonite-gp123480
206,https://www.gempundit.com/gemstones/hessonite/hessonite-gp44474
207,https://www.gempundit.com/gemstones/hessonite/imperial-garnet-gp15426
208,https://www.gempundit.com/gemstones/hessonite/hessonite-gp123443
209,https://www.gempundit.com/gemstones/hessonite/hessonite-gp110498
210,https://www.gempundit.com/gemstones/hessonite/hessonite-gp110480
211,https://www.gempundit.com/gemstones/hessonite/hessonite-gp131595
212,https://www.gempundit.com/gemstones/hessonite/hessonite-gp111191
213,https://www.gempundit.com/gemstones/hessonite/hessonite-gp44484
214,https://www.gempundit.com/gemstones/hessonite/hessonite-gp123481
215,https://www.gempundit.com/gemstones/hessonite/hessonite-gp93811
216,https://www.gempundit.com/gemstones/hessonite/hessonite-gp44453
217,https://www.gempundit.com/gemstones/hessonite/hessonite-gp123438
218,https://www.gempundit.com/gemstones/hessonite/hessonite-gp44405
219,https://www.gempundit.com/gemstones/hessonite/hessonite-gp44470
220,https://www.gempundit.com/gemstones/hessonite/hessonite-gp123417
221,https://www.gempundit.com/gemstones/hessonite/hessonite-gp110493
222,https://www.gempundit.com/gemstones/hessonite/hessonite-gp44482
223,https://www.gempundit.com/gemstones/hessonite/hessonite-gp44455
224,https://www.gempundit.com/gemstones/hessonite/hessonite-gp44459
225,https://www.gempundit.com/gemstones/hessonite/hessonite-gp131587
226,https://www.gempundit.com/gemstones/hessonite/hessonite-gp131584
227,https://www.gempundit.com/gemstones/hessonite/hessonite-gp123452
228,https://www.gempundit.com/gemstones/hessonite/hessonite-gp116523
229,https://www.gempundit.com/gemstones/hessonite/hessonite-gp104818
230,https://www.gempundit.com/gemstones/hessonite/hessonite-gp123396
231,https://www.gempundit.com/gemstones/hessonite/hessonite-gp110489
232,https://www.gempundit.com/gemstones/hessonite/hessonite-gp131600
233,https://www.gempundit.com/gemstones/hessonite/hessonite-gp110479
234,https://www.gempundit.com/gemstones/hessonite/hessonite-gp44478
235,https://www.gempundit.com/gemstones/hessonite/hessonite-gp93777
236,https://www.gempundit.com/gemstones/hessonite/hessonite-gp44469
237,https://www.gempundit.com/gemstones/hessonite/hessonite-gp44380
238,https://www.gempundit.com/gemstones/hessonite/hessonite-gp127355
239,https://www.gempundit.com/gemstones/hessonite/hessonite-gp123435
240,https://www.gempundit.com/gemstones/hessonite/hessonite-gp104792
241,https://www.gempundit.com/gemstones/hessonite/hessonite-gp44479
242,https://www.gempundit.com/gemstones/hessonite/hessonite-gp123453
243,https://www.gempundit.com/gemstones/hessonite/hessonite-gp93808
244,https://www.gempundit.com/gemstones/hessonite/hessonite-gp110485
245,https://www.gempundit.com/gemstones/hessonite/hessonite-gp44485
246,https://www.gempundit.com/gemstones/hessonite/hessonite-gp131586
247,https://www.gempundit.com/gemstones/hessonite/hessonite-gp123441
248,https://www.gempundit.com/gemstones/hessonite/hessonite-gp93791
249,https://www.gempundit.com/gemstones/hessonite/hessonite-gp44488
250,https://www.gempundit.com/gemstones/hessonite/hessonite-gp44397
251,https://www.gempundit.com/gemstones/hessonite/hessonite-gp22344
252,https://www.gempundit.com/gemstones/hessonite/hessonite-gp123464
253,https://www.gempundit.com/gemstones/hessonite/hessonite-gp116563
254,https://www.gempundit.com/gemstones/hessonite/hessonite-gp44378
255,https://www.gempundit.com/gemstones/hessonite/hessonite-gp123426
256,https://www.gempundit.com/gemstones/hessonite/hessonite-gp123446
257,https://www.gempundit.com/gemstones/hessonite/hessonite-gp93789
258,https://www.gempundit.com/gemstones/hessonite/hessonite-gp44390
259,https://www.gempundit.com/gemstones/hessonite/hessonite-gp27928
260,https://www.gempundit.com/gemstones/hessonite/hessonite-gp123760
261,https://www.gempundit.com/gemstones/hessonite/hessonite-gp110490
262,https://www.gempundit.com/gemstones/hessonite/hessonite-gp44325
263,https://www.gempundit.com/gemstones/hessonite/hessonite-gp44305
264,https://www.gempundit.com/gemstones/hessonite/hessonite-gp118490
265,https://www.gempundit.com/gemstones/hessonite/hessonite-gp44444
266,https://www.gempundit.com/gemstones/hessonite/hessonite-gp123398
267,https://www.gempundit.com/gemstones/hessonite/hessonite-gp110499
268,https://www.gempundit.com/gemstones/hessonite/hessonite-gp123475
269,https://www.gempundit.com/gemstones/hessonite/hessonite-gp116531
270,https://www.gempundit.com/gemstones/hessonite/hessonite-gp111173
271,https://www.gempundit.com/gemstones/hessonite/hessonite-gp110481
272,https://www.gempundit.com/gemstones/hessonite/hessonite-gp15434
273,https://www.gempundit.com/gemstones/hessonite/hessonite-gp44304
274,https://www.gempundit.com/gemstones/hessonite/hessonite-gp123407
275,https://www.gempundit.com/gemstones/hessonite/hessonite-gp104807
276,https://www.gempundit.com/gemstones/hessonite/hessonite-gp93795
277,https://www.gempundit.com/gemstones/hessonite/hessonite-gp131601
278,https://www.gempundit.com/gemstones/hessonite/hessonite-gp123444
279,https://www.gempundit.com/gemstones/hessonite/hessonite-gp117364
280,https://www.gempundit.com/gemstones/hessonite/hessonite-gp111197
281,https://www.gempundit.com/gemstones/hessonite/hessonite-gp44458
282,https://www.gempundit.com/gemstones/hessonite/hessonite-gp131745
283,https://www.gempundit.com/gemstones/hessonite/hessonite-gp123423
284,https://www.gempundit.com/gemstones/hessonite/hessonite-gp93794
285,https://www.gempundit.com/gemstones/hessonite/hessonite-gp44335
286,https://www.gempundit.com/gemstones/hessonite/hessonite-gp18058
287,https://www.gempundit.com/gemstones/hessonite/hessonite-gp123406
288,https://www.gempundit.com/gemstones/hessonite/hessonite-gp44462
289,https://www.gempundit.com/gemstones/hessonite/hessonite-gp17127
290,https://www.gempundit.com/gemstones/hessonite/hessonite-gp44336
291,https://www.gempundit.com/gemstones/hessonite/hessonite-gp123465
292,https://www.gempundit.com/gemstones/hessonite/hessonite-gp123436
293,https://www.gempundit.com/gemstones/hessonite/hessonite-gp44382
294,https://www.gempundit.com/gemstones/hessonite/hessonite-gp44464
295,https://www.gempundit.com/gemstones/hessonite/hessonite-gp123424
296,https://www.gempundit.com/gemstones/hessonite/hessonite-gp116521
297,https://www.gempundit.com/gemstones/hessonite/hessonite-gp44440
298,https://www.gempundit.com/gemstones/hessonite/hessonite-gp44309
299,https://www.gempundit.com/gemstones/hessonite/hessonite-gp44301
300,https://www.gempundit.com/gemstones/hessonite/hessonite-gp123421
301,https://www.gempundit.com/gemstones/hessonite/hessonite-gp110514
302,https://www.gempundit.com/gemstones/hessonite/hessonite-gp123437
303,https://www.gempundit.com/gemstones/hessonite/hessonite-gp123418
304,https://www.gempundit.com/gemstones/hessonite/hessonite-gp110495
305,https://www.gempundit.com/gemstones/hessonite/hessonite-gp110524
306,https://www.gempundit.com/gemstones/hessonite/hessonite-gp110478
307,https://www.gempundit.com/gemstones/hessonite/hessonite-gp44293
308,https://www.gempundit.com/gemstones/hessonite/hessonite-gp17117
309,https://www.gempundit.com/gemstones/hessonite/hessonite-gp18041
310,https://www.gempundit.com/gemstones/hessonite/hessonite-gp123474
311,https://www.gempundit.com/gemstones/hessonite/hessonite-gp116522
312,https://www.gempundit.com/gemstones/hessonite/hessonite-gp123397
313,https://www.gempundit.com/gemstones/hessonite/hessonite-gp116565
314,https://www.gempundit.com/gemstones/hessonite/hessonite-gp93806
315,https://www.gempundit.com/gemstones/hessonite/hessonite-gp44410
316,https://www.gempundit.com/gemstones/hessonite/hessonite-gp44416
317,https://www.gempundit.com/gemstones/hessonite/hessonite-gp116543
318,https://www.gempundit.com/gemstones/hessonite/hessonite-gp111200
319,https://www.gempundit.com/gemstones/hessonite/hessonite-gp110505
320,https://www.gempundit.com/gemstones/hessonite/hessonite-gp118500
321,https://www.gempundit.com/gemstones/hessonite/hessonite-gp93787
322,https://www.gempundit.com/gemstones/hessonite/hessonite-gp44393
323,https://www.gempundit.com/gemstones/hessonite/hessonite-gp104814
324,https://www.gempundit.com/gemstones/hessonite/hessonite-gp44317
325,https://www.gempundit.com/gemstones/hessonite/hessonite-gp17139
326,https://www.gempundit.com/gemstones/hessonite/hessonite-gp123462
327,https://www.gempundit.com/gemstones/hessonite/hessonite-gp18040
328,https://www.gempundit.com/gemstones/hessonite/hessonite-gp104777
329,https://www.gempundit.com/gemstones/hessonite/hessonite-gp44404
330,https://www.gempundit.com/gemstones/hessonite/hessonite-gp123461
331,https://www.gempundit.com/gemstones/hessonite/hessonite-gp110494
332,https://www.gempundit.com/gemstones/hessonite/hessonite-gp21500
333,https://www.gempundit.com/gemstones/hessonite/hessonite-gp123451
334,https://www.gempundit.com/gemstones/hessonite/hessonite-gp44366
335,https://www.gempundit.com/gemstones/hessonite/hessonite-gp44358
336,https://www.gempundit.com/gemstones/hessonite/hessonite-gp44468
337,https://www.gempundit.com/gemstones/hessonite/hessonite-gp123479
338,https://www.gempundit.com/gemstones/hessonite/hessonite-gp44463
339,https://www.gempundit.com/gemstones/hessonite/hessonite-gp131597
340,https://www.gempundit.com/gemstones/hessonite/hessonite-gp131593
341,https://www.gempundit.com/gemstones/hessonite/hessonite-gp110529
342,https://www.gempundit.com/gemstones/hessonite/hessonite-gp104796
343,https://www.gempundit.com/gemstones/hessonite/hessonite-gp15517
344,https://www.gempundit.com/gemstones/hessonite/hessonite-gp44373
345,https://www.gempundit.com/gemstones/hessonite/hessonite-gp44415
346,https://www.gempundit.com/gemstones/hessonite/hessonite-gp118484
347,https://www.gempundit.com/gemstones/hessonite/hessonite-gp110520
348,https://www.gempundit.com/gemstones/hessonite/hessonite-gp104799
349,https://www.gempundit.com/gemstones/hessonite/hessonite-gp27940
350,https://www.gempundit.com/gemstones/hessonite/hessonite-gp118528
351,https://www.gempundit.com/gemstones/hessonite/hessonite-gp104802
352,https://www.gempundit.com/gemstones/hessonite/hessonite-gp118537
353,https://www.gempundit.com/gemstones/hessonite/hessonite-gp44372
354,https://www.gempundit.com/gemstones/hessonite/hessonite-gp44387
355,https://www.gempundit.com/gemstones/hessonite/hessonite-gp53946
356,https://www.gempundit.com/gemstones/hessonite/hessonite-gp93781
357,https://www.gempundit.com/gemstones/hessonite/hessonite-gp27943
358,https://www.gempundit.com/gemstones/hessonite/hessonite-gp110482
359,https://www.gempundit.com/gemstones/hessonite/hessonite-gp44424
360,https://www.gempundit.com/gemstones/hessonite/hessonite-gp44323
361,https://www.gempundit.com/gemstones/hessonite/hessonite-gp44490
362,https://www.gempundit.com/gemstones/hessonite/hessonite-gp18074
363,https://www.gempundit.com/gemstones/hessonite/hessonite-gp17236
364,https://www.gempundit.com/gemstones/hessonite/hessonite-gp131744
365,https://www.gempundit.com/gemstones/hessonite/hessonite-gp104812
366,https://www.gempundit.com/gemstones/hessonite/hessonite-gp44504
367,https://www.gempundit.com/gemstones/hessonite/hessonite-gp17138
368,https://www.gempundit.com/gemstones/hessonite/hessonite-gp131588
369,https://www.gempundit.com/gemstones/hessonite/hessonite-gp123428
370,https://www.gempundit.com/gemstones/hessonite/hessonite-gp118545
371,https://www.gempundit.com/gemstones/hessonite/hessonite-gp118540
372,https://www.gempundit.com/gemstones/hessonite/hessonite-gp44348
373,https://www.gempundit.com/gemstones/hessonite/hessonite-gp118534
374,https://www.gempundit.com/gemstones/hessonite/hessonite-gp110535
375,https://www.gempundit.com/gemstones/hessonite/hessonite-gp44376
376,https://www.gempundit.com/gemstones/hessonite/hessonite-gp123460
377,https://www.gempundit.com/gemstones/hessonite/hessonite-gp110533
378,https://www.gempundit.com/gemstones/hessonite/hessonite-gp44363
379,https://www.gempundit.com/gemstones/hessonite/hessonite-gp131603
380,https://www.gempundit.com/gemstones/hessonite/hessonite-gp116555
381,https://www.gempundit.com/gemstones/hessonite/hessonite-gp131585
382,https://www.gempundit.com/gemstones/hessonite/hessonite-gp118527
383,https://www.gempundit.com/gemstones/hessonite/hessonite-gp110500
384,https://www.gempundit.com/gemstones/hessonite/hessonite-gp44402
385,https://www.gempundit.com/gemstones/hessonite/hessonite-gp118489
386,https://www.gempundit.com/gemstones/hessonite/hessonite-gp116533
387,https://www.gempundit.com/gemstones/hessonite/hessonite-gp44364
388,https://www.gempundit.com/gemstones/hessonite/hessonite-gp104811
389,https://www.gempundit.com/gemstones/hessonite/hessonite-gp44499
390,https://www.gempundit.com/gemstones/hessonite/hessonite-gp15433
391,https://www.gempundit.com/gemstones/hessonite/hessonite-gp44375
392,https://www.gempundit.com/gemstones/hessonite/hessonite-gp30313
393,https://www.gempundit.com/gemstones/hessonite/hessonite-gp90157
394,https://www.gempundit.com/gemstones/hessonite/hessonite-gp30342
395,https://www.gempundit.com/gemstones/hessonite/hessonite-gp43279
396,https://www.gempundit.com/gemstones/hessonite/hessonite-gp18064
397,https://www.gempundit.com/gemstones/hessonite/hessonite-gp118493
398,https://www.gempundit.com/gemstones/hessonite/hessonite-gp18069
399,https://www.gempundit.com/gemstones/hessonite/hessonite-gp123458
400,https://www.gempundit.com/gemstones/hessonite/hessonite-gp111177
401,https://www.gempundit.com/gemstones/hessonite/hessonite-gp93790
402,https://www.gempundit.com/gemstones/hessonite/hessonite-gp123419
403,https://www.gempundit.com/gemstones/hessonite/hessonite-gp118523
404,https://www.gempundit.com/gemstones/hessonite/hessonite-gp93803
405,https://www.gempundit.com/gemstones/hessonite/hessonite-gp104774
406,https://www.gempundit.com/gemstones/hessonite/hessonite-gp118499
407,https://www.gempundit.com/gemstones/hessonite/hessonite-gp110536
408,https://www.gempundit.com/gemstones/hessonite/hessonite-gp84611
409,https://www.gempundit.com/gemstones/hessonite/hessonite-gp44370
410,https://www.gempundit.com/gemstones/hessonite/hessonite-gp21735
411,https://www.gempundit.com/gemstones/hessonite/hessonite-gp118535
412,https://www.gempundit.com/gemstones/hessonite/hessonite-gp30336
413,https://www.gempundit.com/gemstones/hessonite/hessonite-gp18078
414,https://www.gempundit.com/gemstones/hessonite/hessonite-gp111192
415,https://www.gempundit.com/gemstones/hessonite/hessonite-gp131594
416,https://www.gempundit.com/gemstones/hessonite/hessonite-gp118516
417,https://www.gempundit.com/gemstones/hessonite/hessonite-gp118513
418,https://www.gempundit.com/gemstones/hessonite/hessonite-gp90176
419,https://www.gempundit.com/gemstones/hessonite/hessonite-gp60004
420,https://www.gempundit.com/gemstones/hessonite/hessonite-gp44367
421,https://www.gempundit.com/gemstones/hessonite/hessonite-gp44362
422,https://www.gempundit.com/gemstones/hessonite/hessonite-gp44351
423,https://www.gempundit.com/gemstones/hessonite/hessonite-gp17130
424,https://www.gempundit.com/gemstones/hessonite/hessonite-gp22350
425,https://www.gempundit.com/gemstones/hessonite/hessonite-gp118529
426,https://www.gempundit.com/gemstones/hessonite/hessonite-gp118498
427,https://www.gempundit.com/gemstones/hessonite/hessonite-gp131596
428,https://www.gempundit.com/gemstones/hessonite/hessonite-gp18052
429,https://www.gempundit.com/gemstones/hessonite/hessonite-gp22329
430,https://www.gempundit.com/gemstones/hessonite/hessonite-gp123473
431,https://www.gempundit.com/gemstones/hessonite/hessonite-gp135197
432,https://www.gempundit.com/gemstones/hessonite/hessonite-gp18077
433,https://www.gempundit.com/gemstones/hessonite/hessonite-gp118261
434,https://www.gempundit.com/gemstones/hessonite/hessonite-gp116560
435,https://www.gempundit.com/gemstones/hessonite/hessonite-gp104810
436,https://www.gempundit.com/gemstones/hessonite/hessonite-gp22337
437,https://www.gempundit.com/gemstones/hessonite/hessonite-gp15513
438,https://www.gempundit.com/gemstones/hessonite/hessonite-gp30345
439,https://www.gempundit.com/gemstones/hessonite/hessonite-gp22336
440,https://www.gempundit.com/gemstones/hessonite/hessonite-gp22330
441,https://www.gempundit.com/gemstones/hessonite/hessonite-gp104773
442,https://www.gempundit.com/gemstones/hessonite/hessonite-gp93779
443,https://www.gempundit.com/gemstones/hessonite/hessonite-gp131589
444,https://www.gempundit.com/gemstones/hessonite/hessonite-gp104779
445,https://www.gempundit.com/gemstones/hessonite/hessonite-gp44345
446,https://www.gempundit.com/gemstones/hessonite/hessonite-gp93780
447,https://www.gempundit.com/gemstones/hessonite/hessonite-gp118531
448,https://www.gempundit.com/gemstones/hessonite/hessonite-gp118483
449,https://www.gempundit.com/gemstones/hessonite/hessonite-gp118266
450,https://www.gempundit.com/gemstones/hessonite/hessonite-gp104817
451,https://www.gempundit.com/gemstones/hessonite/hessonite-gp22352
452,https://www.gempundit.com/gemstones/hessonite/hessonite-gp118524
453,https://www.gempundit.com/gemstones/hessonite/hessonite-gp118486
454,https://www.gempundit.com/gemstones/hessonite/hessonite-gp44512
455,https://www.gempundit.com/gemstones/hessonite/hessonite-gp21840
456,https://www.gempundit.com/gemstones/hessonite/hessonite-gp118511
457,https://www.gempundit.com/gemstones/hessonite/hessonite-gp84609
458,https://www.gempundit.com/gemstones/hessonite/hessonite-gp131591
459,https://www.gempundit.com/gemstones/hessonite/hessonite-gp104795
460,https://www.gempundit.com/gemstones/hessonite/hessonite-gp15461
461,https://www.gempundit.com/gemstones/hessonite/hessonite-gp90168
462,https://www.gempundit.com/gemstones/hessonite/hessonite-gp118481
463,https://www.gempundit.com/gemstones/hessonite/hessonite-gp135183
464,https://www.gempundit.com/gemstones/hessonite/hessonite-gp118522
465,https://www.gempundit.com/gemstones/hessonite/hessonite-gp104791
466,https://www.gempundit.com/gemstones/hessonite/hessonite-gp93799
467,https://www.gempundit.com/gemstones/hessonite/hessonite-gp85049
468,https://www.gempundit.com/gemstones/hessonite/hessonite-gp44360
469,https://www.gempundit.com/gemstones/hessonite/hessonite-gp123442
470,https://www.gempundit.com/gemstones/hessonite/hessonite-gp118505
471,https://www.gempundit.com/gemstones/hessonite/hessonite-gp111507
472,https://www.gempundit.com/gemstones/hessonite/hessonite-gp27964
473,https://www.gempundit.com/gemstones/hessonite/hessonite-gp43313
474,https://www.gempundit.com/gemstones/hessonite/hessonite-gp22313
475,https://www.gempundit.com/gemstones/hessonite/hessonite-gp118536
476,https://www.gempundit.com/gemstones/hessonite/hessonite-gp84628
477,https://www.gempundit.com/gemstones/hessonite/hessonite-gp84630
478,https://www.gempundit.com/gemstones/hessonite/hessonite-gp116540
479,https://www.gempundit.com/gemstones/hessonite/hessonite-gp130145
480,https://www.gempundit.com/gemstones/hessonite/hessonite-gp22348
481,https://www.gempundit.com/gemstones/hessonite/hessonite-gp22316
482,https://www.gempundit.com/gemstones/hessonite/hessonite-gp123440
483,https://www.gempundit.com/gemstones/hessonite/hessonite-gp118488
484,https://www.gempundit.com/gemstones/hessonite/hessonite-gp84621
485,https://www.gempundit.com/gemstones/hessonite/hessonite-gp44343
486,https://www.gempundit.com/gemstones/hessonite/hessonite-gp110517
487,https://www.gempundit.com/gemstones/hessonite/hessonite-gp90169
488,https://www.gempundit.com/gemstones/hessonite/hessonite-gp118512
489,https://www.gempundit.com/gemstones/hessonite/hessonite-gp15489
490,https://www.gempundit.com/gemstones/hessonite/hessonite-gp44377
491,https://www.gempundit.com/gemstones/hessonite/hessonite-gp30328
492,https://www.gempundit.com/gemstones/hessonite/hessonite-gp85057
493,https://www.gempundit.com/gemstones/hessonite/hessonite-gp30355
494,https://www.gempundit.com/gemstones/hessonite/hessonite-gp118538
495,https://www.gempundit.com/gemstones/hessonite/hessonite-gp118519
496,https://www.gempundit.com/gemstones/hessonite/hessonite-gp117528
497,https://www.gempundit.com/gemstones/hessonite/hessonite-gp30363
498,https://www.gempundit.com/gemstones/hessonite/hessonite-gp17125
499,https://www.gempundit.com/gemstones/hessonite/hessonite-gp118491
500,https://www.gempundit.com/gemstones/hessonite/hessonite-gp111508
501,https://www.gempundit.com/gemstones/hessonite/hessonite-gp53945
502,https://www.gempundit.com/gemstones/hessonite/hessonite-gp93784
503,https://www.gempundit.com/gemstones/hessonite/hessonite-gp44509
504,https://www.gempundit.com/gemstones/hessonite/hessonite-gp126438
505,https://www.gempundit.com/gemstones/hessonite/hessonite-gp118495
506,https://www.gempundit.com/gemstones/hessonite/hessonite-gp118518
507,https://www.gempundit.com/gemstones/hessonite/hessonite-gp111510
508,https://www.gempundit.com/gemstones/hessonite/hessonite-gp91220
509,https://www.gempundit.com/gemstones/hessonite/hessonite-gp44505
510,https://www.gempundit.com/gemstones/hessonite/hessonite-gp30331
511,https://www.gempundit.com/gemstones/hessonite/hessonite-gp118504
512,https://www.gempundit.com/gemstones/hessonite/hessonite-gp91227
513,https://www.gempundit.com/gemstones/hessonite/hessonite-gp59834
514,https://www.gempundit.com/gemstones/hessonite/hessonite-gp44539
515,https://www.gempundit.com/gemstones/hessonite/hessonite-gp118509
516,https://www.gempundit.com/gemstones/hessonite/hessonite-gp117534
517,https://www.gempundit.com/gemstones/hessonite/hessonite-gp117374
518,https://www.gempundit.com/gemstones/hessonite/hessonite-gp117357
519,https://www.gempundit.com/gemstones/hessonite/hessonite-gp104775
520,https://www.gempundit.com/gemstones/hessonite/hessonite-gp91216
521,https://www.gempundit.com/gemstones/hessonite/hessonite-gp19842
522,https://www.gempundit.com/gemstones/hessonite/hessonite-gp118526
523,https://www.gempundit.com/gemstones/hessonite/hessonite-gp22310
524,https://www.gempundit.com/gemstones/hessonite/hessonite-gp93804
525,https://www.gempundit.com/gemstones/hessonite/hessonite-gp43312
526,https://www.gempundit.com/gemstones/hessonite/hessonite-gp18055
527,https://www.gempundit.com/gemstones/hessonite/hessonite-gp118544
528,https://www.gempundit.com/gemstones/hessonite/hessonite-gp85059
529,https://www.gempundit.com/gemstones/hessonite/hessonite-gp18065
530,https://www.gempundit.com/gemstones/hessonite/hessonite-gp118515
531,https://www.gempundit.com/gemstones/hessonite/hessonite-gp131582
532,https://www.gempundit.com/gemstones/hessonite/hessonite-gp118543
533,https://www.gempundit.com/gemstones/hessonite/hessonite-gp118497
534,https://www.gempundit.com/gemstones/hessonite/hessonite-gp118494
535,https://www.gempundit.com/gemstones/hessonite/hessonite-gp118503
536,https://www.gempundit.com/gemstones/hessonite/hessonite-gp84623
537,https://www.gempundit.com/gemstones/hessonite/hessonite-gp22317
538,https://www.gempundit.com/gemstones/hessonite/hessonite-gp118521
539,https://www.gempundit.com/gemstones/hessonite/hessonite-gp44346
540,https://www.gempundit.com/gemstones/hessonite/hessonite-gp30335
541,https://www.gempundit.com/gemstones/hessonite/hessonite-gp21753
542,https://www.gempundit.com/gemstones/hessonite/hessonite-gp21784
543,https://www.gempundit.com/gemstones/hessonite/hessonite-gp118530
544,https://www.gempundit.com/gemstones/hessonite/hessonite-gp30307
545,https://www.gempundit.com/gemstones/hessonite/imperial-garnet-gp15438
546,https://www.gempundit.com/gemstones/hessonite/hessonite-gp84633
547,https://www.gempundit.com/gemstones/hessonite/hessonite-gp118525
548,https://www.gempundit.com/gemstones/hessonite/hessonite-gp93797
549,https://www.gempundit.com/gemstones/hessonite/hessonite-gp84612
550,https://www.gempundit.com/gemstones/hessonite/hessonite-gp84610
551,https://www.gempundit.com/gemstones/hessonite/hessonite-gp53999
552,https://www.gempundit.com/gemstones/hessonite/hessonite-gp116545
553,https://www.gempundit.com/gemstones/hessonite/hessonite-gp90182
554,https://www.gempundit.com/gemstones/hessonite/hessonite-gp53968
555,https://www.gempundit.com/gemstones/hessonite/hessonite-gp44374
556,https://www.gempundit.com/gemstones/hessonite/hessonite-gp84625
557,https://www.gempundit.com/gemstones/hessonite/hessonite-gp44369
558,https://www.gempundit.com/gemstones/hessonite/hessonite-gp43300
559,https://www.gempundit.com/gemstones/hessonite/hessonite-gp131581
560,https://www.gempundit.com/gemstones/hessonite/hessonite-gp18053
561,https://www.gempundit.com/gemstones/hessonite/hessonite-gp44525
562,https://www.gempundit.com/gemstones/hessonite/hessonite-gp44353
563,https://www.gempundit.com/gemstones/hessonite/hessonite-gp53973
564,https://www.gempundit.com/gemstones/hessonite/hessonite-gp30326
565,https://www.gempundit.com/gemstones/hessonite/hessonite-gp21811
566,https://www.gempundit.com/gemstones/hessonite/hessonite-gp22328
567,https://www.gempundit.com/gemstones/hessonite/hessonite-gp19816
568,https://www.gempundit.com/gemstones/hessonite/hessonite-gp116544
569,https://www.gempundit.com/gemstones/hessonite/hessonite-gp84615
570,https://www.gempundit.com/gemstones/hessonite/hessonite-gp18061
571,https://www.gempundit.com/gemstones/hessonite/hessonite-gp21503
572,https://www.gempundit.com/gemstones/hessonite/hessonite-gp118542
573,https://www.gempundit.com/gemstones/hessonite/hessonite-gp90199
574,https://www.gempundit.com/gemstones/hessonite/hessonite-gp53974
575,https://www.gempundit.com/gemstones/hessonite/hessonite-gp53576
576,https://www.gempundit.com/gemstones/hessonite/hessonite-gp44524
577,https://www.gempundit.com/gemstones/hessonite/hessonite-gp22332
578,https://www.gempundit.com/gemstones/hessonite/hessonite-gp19844
579,https://www.gempundit.com/gemstones/hessonite/hessonite-gp90179
580,https://www.gempundit.com/gemstones/hessonite/hessonite-gp30343
581,https://www.gempundit.com/gemstones/hessonite/hessonite-gp44514
582,https://www.gempundit.com/gemstones/hessonite/hessonite-gp44541
583,https://www.gempundit.com/gemstones/hessonite/hessonite-gp15423
584,https://www.gempundit.com/gemstones/hessonite/hessonite-gp117358
585,https://www.gempundit.com/gemstones/hessonite/hessonite-gp131602
586,https://www.gempundit.com/gemstones/hessonite/hessonite-gp116518
587,https://www.gempundit.com/gemstones/hessonite/hessonite-gp54163
588,https://www.gempundit.com/gemstones/hessonite/hessonite-gp17132
589,https://www.gempundit.com/gemstones/hessonite/hessonite-gp117371
590,https://www.gempundit.com/gemstones/hessonite/hessonite-gp53955
591,https://www.gempundit.com/gemstones/hessonite/hessonite-gp53954
592,https://www.gempundit.com/gemstones/hessonite/hessonite-gp53952
593,https://www.gempundit.com/gemstones/hessonite/hessonite-gp19843
594,https://www.gempundit.com/gemstones/hessonite/hessonite-gp126450
595,https://www.gempundit.com/gemstones/hessonite/hessonite-gp84613
596,https://www.gempundit.com/gemstones/hessonite/hessonite-gp118533
597,https://www.gempundit.com/gemstones/hessonite/hessonite-gp118517
598,https://www.gempundit.com/gemstones/hessonite/hessonite-gp117527
599,https://www.gempundit.com/gemstones/hessonite/hessonite-gp85058
600,https://www.gempundit.com/gemstones/hessonite/hessonite-gp30364
601,https://www.gempundit.com/gemstones/hessonite/hessonite-gp116542
602,https://www.gempundit.com/gemstones/hessonite/hessonite-gp90165
603,https://www.gempundit.com/gemstones/hessonite/hessonite-gp22319
604,https://www.gempundit.com/gemstones/hessonite/hessonite-gp115019
605,https://www.gempundit.com/gemstones/hessonite/hessonite-gp53565
606,https://www.gempundit.com/gemstones/hessonite/hessonite-gp43322
607,https://www.gempundit.com/gemstones/hessonite/hessonite-gp91229
608,https://www.gempundit.com/gemstones/hessonite/hessonite-gp44518
609,https://www.gempundit.com/gemstones/hessonite/hessonite-gp111141
610,https://www.gempundit.com/gemstones/hessonite/hessonite-gp30309
611,https://www.gempundit.com/gemstones/hessonite/hessonite-gp126464
612,https://www.gempundit.com/gemstones/hessonite/hessonite-gp91219
613,https://www.gempundit.com/gemstones/hessonite/hessonite-gp84624
614,https://www.gempundit.com/gemstones/hessonite/hessonite-gp44557
615,https://www.gempundit.com/gemstones/hessonite/hessonite-gp135190
616,https://www.gempundit.com/gemstones/hessonite/hessonite-gp17116
617,https://www.gempundit.com/gemstones/hessonite/hessonite-gp118496
618,https://www.gempundit.com/gemstones/hessonite/hessonite-gp43292
619,https://www.gempundit.com/gemstones/hessonite/hessonite-gp19840
620,https://www.gempundit.com/gemstones/hessonite/hessonite-gp118265
621,https://www.gempundit.com/gemstones/hessonite/hessonite-gp118506
622,https://www.gempundit.com/gemstones/hessonite/hessonite-gp91221
623,https://www.gempundit.com/gemstones/hessonite/hessonite-gp90154
624,https://www.gempundit.com/gemstones/hessonite/hessonite-gp53992
625,https://www.gempundit.com/gemstones/hessonite/hessonite-gp130443
626,https://www.gempundit.com/gemstones/hessonite/hessonite-gp18068
627,https://www.gempundit.com/gemstones/hessonite/hessonite-gp118541
628,https://www.gempundit.com/gemstones/hessonite/hessonite-gp30330
629,https://www.gempundit.com/gemstones/hessonite/hessonite-gp17112
630,https://www.gempundit.com/gemstones/hessonite/hessonite-gp123408
631,https://www.gempundit.com/gemstones/hessonite/hessonite-gp130442
632,https://www.gempundit.com/gemstones/hessonite/hessonite-gp126471
633,https://www.gempundit.com/gemstones/hessonite/hessonite-gp121720
634,https://www.gempundit.com/gemstones/hessonite/hessonite-gp90198
635,https://www.gempundit.com/gemstones/hessonite/hessonite-gp117536
636,https://www.gempundit.com/gemstones/hessonite/hessonite-gp17136
637,https://www.gempundit.com/gemstones/hessonite/hessonite-gp117380
638,https://www.gempundit.com/gemstones/hessonite/hessonite-gp130444
639,https://www.gempundit.com/gemstones/hessonite/hessonite-gp44560
640,https://www.gempundit.com/gemstones/hessonite/hessonite-gp131599
641,https://www.gempundit.com/gemstones/hessonite/hessonite-gp115022
642,https://www.gempundit.com/gemstones/hessonite/hessonite-gp17106
643,https://www.gempundit.com/gemstones/hessonite/hessonite-gp131592
644,https://www.gempundit.com/gemstones/hessonite/hessonite-gp126437
645,https://www.gempundit.com/gemstones/hessonite/hessonite-gp19819
646,https://www.gempundit.com/gemstones/hessonite/hessonite-gp19812
647,https://www.gempundit.com/gemstones/hessonite/hessonite-gp22315
648,https://www.gempundit.com/gemstones/hessonite/hessonite-gp126466
649,https://www.gempundit.com/gemstones/hessonite/hessonite-gp54164
650,https://www.gempundit.com/gemstones/hessonite/hessonite-gp126460
651,https://www.gempundit.com/gemstones/hessonite/hessonite-gp111143
652,https://www.gempundit.com/gemstones/hessonite/hessonite-gp117403
653,https://www.gempundit.com/gemstones/hessonite/hessonite-gp17122
654,https://www.gempundit.com/gemstones/hessonite/hessonite-gp130144
655,https://www.gempundit.com/gemstones/hessonite/hessonite-gp121716
656,https://www.gempundit.com/gemstones/hessonite/hessonite-gp53554
657,https://www.gempundit.com/gemstones/hessonite/hessonite-gp59770
658,https://www.gempundit.com/gemstones/hessonite/hessonite-gp53862
659,https://www.gempundit.com/gemstones/hessonite/hessonite-gp131590
660,https://www.gempundit.com/gemstones/hessonite/hessonite-gp18059
661,https://www.gempundit.com/gemstones/hessonite/hessonite-gp90175
662,https://www.gempundit.com/gemstones/hessonite/hessonite-gp53982
663,https://www.gempundit.com/gemstones/hessonite/hessonite-gp126469
664,https://www.gempundit.com/gemstones/hessonite/hessonite-gp91214
665,https://www.gempundit.com/gemstones/hessonite/hessonite-gp130458
666,https://www.gempundit.com/gemstones/hessonite/hessonite-gp117378
667,https://www.gempundit.com/gemstones/hessonite/hessonite-gp53979
668,https://www.gempundit.com/gemstones/hessonite/hessonite-gp90178
669,https://www.gempundit.com/gemstones/hessonite/hessonite-gp44528
670,https://www.gempundit.com/gemstones/hessonite/hessonite-gp90197
671,https://www.gempundit.com/gemstones/hessonite/hessonite-gp90190
672,https://www.gempundit.com/gemstones/hessonite/hessonite-gp17121
673,https://www.gempundit.com/gemstones/hessonite/hessonite-gp44546
674,https://www.gempundit.com/gemstones/hessonite/hessonite-gp99682
675,https://www.gempundit.com/gemstones/hessonite/hessonite-gp84629
676,https://www.gempundit.com/gemstones/hessonite/hessonite-gp59833
677,https://www.gempundit.com/gemstones/hessonite/hessonite-gp135192
678,https://www.gempundit.com/gemstones/hessonite/hessonite-gp44549
679,https://www.gempundit.com/gemstones/hessonite/hessonite-gp135184
680,https://www.gempundit.com/gemstones/hessonite/hessonite-gp126441
681,https://www.gempundit.com/gemstones/hessonite/hessonite-gp111144
682,https://www.gempundit.com/gemstones/hessonite/hessonite-gp84660
683,https://www.gempundit.com/gemstones/hessonite/hessonite-gp104780
684,https://www.gempundit.com/gemstones/hessonite/hessonite-gp59823
685,https://www.gempundit.com/gemstones/hessonite/hessonite-gp18044
686,https://www.gempundit.com/gemstones/hessonite/hessonite-gp116574
687,https://www.gempundit.com/gemstones/hessonite/hessonite-gp15494
688,https://www.gempundit.com/gemstones/hessonite/hessonite-gp81252
689,https://www.gempundit.com/gemstones/hessonite/hessonite-gp116539
690,https://www.gempundit.com/gemstones/hessonite/hessonite-gp19830
691,https://www.gempundit.com/gemstones/hessonite/hessonite-gp115023
692,https://www.gempundit.com/gemstones/hessonite/hessonite-gp110339
693,https://www.gempundit.com/gemstones/hessonite/hessonite-gp99679
694,https://www.gempundit.com/gemstones/hessonite/hessonite-gp15453
695,https://www.gempundit.com/gemstones/hessonite/hessonite-gp22342
696,https://www.gempundit.com/gemstones/hessonite/hessonite-gp115020
697,https://www.gempundit.com/gemstones/hessonite/hessonite-gp22351
698,https://www.gempundit.com/gemstones/hessonite/hessonite-gp15509
699,https://www.gempundit.com/gemstones/hessonite/hessonite-gp81253
700,https://www.gempundit.com/gemstones/hessonite/hessonite-gp111137
701,https://www.gempundit.com/gemstones/hessonite/hessonite-gp118520
702,https://www.gempundit.com/gemstones/hessonite/hessonite-gp130440
703,https://www.gempundit.com/gemstones/hessonite/hessonite-gp111139
704,https://www.gempundit.com/gemstones/hessonite/hessonite-gp104772
705,https://www.gempundit.com/gemstones/hessonite/hessonite-gp81241
706,https://www.gempundit.com/gemstones/hessonite/hessonite-gp126480
707,https://www.gempundit.com/gemstones/hessonite/hessonite-gp15506
708,https://www.gempundit.com/gemstones/hessonite/hessonite-gp15471
709,https://www.gempundit.com/gemstones/hessonite/hessonite-gp18056
710,https://www.gempundit.com/gemstones/hessonite/hessonite-gp90159
711,https://www.gempundit.com/gemstones/hessonite/hessonite-gp116564
712,https://www.gempundit.com/gemstones/hessonite/hessonite-gp122663
713,https://www.gempundit.com/gemstones/hessonite/hessonite-gp118260
714,https://www.gempundit.com/gemstones/hessonite/hessonite-gp117647
715,https://www.gempundit.com/gemstones/hessonite/hessonite-gp130647
716,https://www.gempundit.com/gemstones/hessonite/hessonite-gp110340
717,https://www.gempundit.com/gemstones/hessonite/hessonite-gp81226
718,https://www.gempundit.com/gemstones/hessonite/hessonite-gp130363
719,https://www.gempundit.com/gemstones/hessonite/hessonite-gp18076
720,https://www.gempundit.com/gemstones/hessonite/hessonite-gp85061
721,https://www.gempundit.com/gemstones/hessonite/hessonite-gp21504
722,https://www.gempundit.com/gemstones/hessonite/hessonite-gp130653
723,https://www.gempundit.com/gemstones/hessonite/hessonite-gp118271
724,https://www.gempundit.com/gemstones/hessonite/hessonite-gp84658
725,https://www.gempundit.com/gemstones/hessonite/hessonite-gp126468
726,https://www.gempundit.com/gemstones/hessonite/hessonite-gp18042
727,https://www.gempundit.com/gemstones/hessonite/hessonite-gp121709
728,https://www.gempundit.com/gemstones/hessonite/hessonite-gp110326
729,https://www.gempundit.com/gemstones/hessonite/hessonite-gp53983
730,https://www.gempundit.com/gemstones/hessonite/hessonite-gp84635
731,https://www.gempundit.com/gemstones/hessonite/hessonite-gp59838
732,https://www.gempundit.com/gemstones/hessonite/hessonite-gp54178
733,https://www.gempundit.com/gemstones/hessonite/hessonite-gp17124
734,https://www.gempundit.com/gemstones/hessonite/hessonite-gp117372
735,https://www.gempundit.com/gemstones/hessonite/hessonite-gp53561
736,https://www.gempundit.com/gemstones/hessonite/hessonite-gp81239
737,https://www.gempundit.com/gemstones/hessonite/hessonite-gp84642
738,https://www.gempundit.com/gemstones/hessonite/hessonite-gp111140
739,https://www.gempundit.com/gemstones/hessonite/hessonite-gp104787
740,https://www.gempundit.com/gemstones/hessonite/hessonite-gp30305
741,https://www.gempundit.com/gemstones/hessonite/hessonite-gp117365
742,https://www.gempundit.com/gemstones/hessonite/hessonite-gp121724
743,https://www.gempundit.com/gemstones/hessonite/hessonite-gp117377
744,https://www.gempundit.com/gemstones/hessonite/hessonite-gp22326
745,https://www.gempundit.com/gemstones/hessonite/hessonite-gp117404
746,https://www.gempundit.com/gemstones/hessonite/hessonite-gp130645
747,https://www.gempundit.com/gemstones/hessonite/hessonite-gp59814
748,https://www.gempundit.com/gemstones/hessonite/hessonite-gp17108
749,https://www.gempundit.com/gemstones/hessonite/hessonite-gp116517
750,https://www.gempundit.com/gemstones/hessonite/hessonite-gp18079
751,https://www.gempundit.com/gemstones/hessonite/hessonite-gp126448
752,https://www.gempundit.com/gemstones/hessonite/hessonite-gp126456
753,https://www.gempundit.com/gemstones/hessonite/hessonite-gp116536
754,https://www.gempundit.com/gemstones/hessonite/hessonite-gp126462
755,https://www.gempundit.com/gemstones/hessonite/hessonite-gp59906
756,https://www.gempundit.com/gemstones/hessonite/hessonite-gp30360
757,https://www.gempundit.com/gemstones/hessonite/hessonite-gp30334
758,https://www.gempundit.com/gemstones/hessonite/hessonite-gp126465
759,https://www.gempundit.com/gemstones/hessonite/hessonite-gp126446
760,https://www.gempundit.com/gemstones/hessonite/hessonite-gp104803
761,https://www.gempundit.com/gemstones/hessonite/hessonite-gp44021
762,https://www.gempundit.com/gemstones/hessonite/hessonite-gp43288
763,https://www.gempundit.com/gemstones/hessonite/hessonite-gp130451
764,https://www.gempundit.com/gemstones/hessonite/hessonite-gp22314
765,https://www.gempundit.com/gemstones/hessonite/hessonite-gp19829
766,https://www.gempundit.com/gemstones/hessonite/hessonite-gp81227
767,https://www.gempundit.com/gemstones/hessonite/hessonite-gp104804
768,https://www.gempundit.com/gemstones/hessonite/hessonite-gp99669
769,https://www.gempundit.com/gemstones/hessonite/hessonite-gp91215
770,https://www.gempundit.com/gemstones/hessonite/hessonite-gp59901
771,https://www.gempundit.com/gemstones/hessonite/hessonite-gp130449
772,https://www.gempundit.com/gemstones/hessonite/hessonite-gp130439
773,https://www.gempundit.com/gemstones/hessonite/hessonite-gp135185
774,https://www.gempundit.com/gemstones/hessonite/hessonite-gp130367
775,https://www.gempundit.com/gemstones/hessonite/hessonite-gp15488
776,https://www.gempundit.com/gemstones/hessonite/hessonite-gp117532
777,https://www.gempundit.com/gemstones/hessonite/hessonite-gp104788
778,https://www.gempundit.com/gemstones/hessonite/hessonite-gp126452
779,https://www.gempundit.com/gemstones/hessonite/hessonite-gp59907
780,https://www.gempundit.com/gemstones/hessonite/hessonite-gp19834
781,https://www.gempundit.com/gemstones/hessonite/hessonite-gp99678
782,https://www.gempundit.com/gemstones/hessonite/hessonite-gp118262
783,https://www.gempundit.com/gemstones/hessonite/hessonite-gp121691
784,https://www.gempundit.com/gemstones/hessonite/hessonite-gp121689
785,https://www.gempundit.com/gemstones/hessonite/hessonite-gp130652
786,https://www.gempundit.com/gemstones/hessonite/hessonite-gp126477
787,https://www.gempundit.com/gemstones/hessonite/hessonite-gp19835
788,https://www.gempundit.com/gemstones/hessonite/hessonite-gp126495
789,https://www.gempundit.com/gemstones/hessonite/hessonite-gp18046
790,https://www.gempundit.com/gemstones/hessonite/hessonite-gp19827
791,https://www.gempundit.com/gemstones/hessonite/hessonite-gp130438
792,https://www.gempundit.com/gemstones/hessonite/hessonite-gp99670
793,https://www.gempundit.com/gemstones/hessonite/hessonite-gp118257
794,https://www.gempundit.com/gemstones/hessonite/hessonite-gp117531
795,https://www.gempundit.com/gemstones/hessonite/hessonite-gp130362
796,https://www.gempundit.com/gemstones/hessonite/hessonite-gp22360
797,https://www.gempundit.com/gemstones/hessonite/hessonite-gp116525
798,https://www.gempundit.com/gemstones/hessonite/hessonite-gp126427
799,https://www.gempundit.com/gemstones/hessonite/hessonite-gp130644
800,https://www.gempundit.com/gemstones/hessonite/hessonite-gp127368
801,https://www.gempundit.com/gemstones/hessonite/hessonite-gp126470
802,https://www.gempundit.com/gemstones/hessonite/hessonite-gp126457
803,https://www.gempundit.com/gemstones/hessonite/hessonite-gp76750
804,https://www.gempundit.com/gemstones/hessonite/hessonite-gp81251
805,https://www.gempundit.com/gemstones/hessonite/hessonite-gp126428
806,https://www.gempundit.com/gemstones/hessonite/hessonite-gp117533
807,https://www.gempundit.com/gemstones/hessonite/hessonite-gp135191
808,https://www.gempundit.com/gemstones/hessonite/hessonite-gp130457
809,https://www.gempundit.com/gemstones/hessonite/hessonite-gp15452
810,https://www.gempundit.com/gemstones/hessonite/hessonite-gp126447
811,https://www.gempundit.com/gemstones/hessonite/hessonite-gp118256
812,https://www.gempundit.com/gemstones/hessonite/hessonite-gp18063
813,https://www.gempundit.com/gemstones/hessonite/hessonite-gp126507
814,https://www.gempundit.com/gemstones/hessonite/hessonite-gp121713
815,https://www.gempundit.com/gemstones/hessonite/hessonite-gp116528
816,https://www.gempundit.com/gemstones/hessonite/hessonite-gp118269
817,https://www.gempundit.com/gemstones/hessonite/hessonite-gp84643
818,https://www.gempundit.com/gemstones/hessonite/hessonite-gp121714
819,https://www.gempundit.com/gemstones/hessonite/hessonite-gp54125
820,https://www.gempundit.com/gemstones/hessonite/hessonite-gp130361
821,https://www.gempundit.com/gemstones/hessonite/hessonite-gp130643
822,https://www.gempundit.com/gemstones/hessonite/hessonite-gp130650
823,https://www.gempundit.com/gemstones/hessonite/hessonite-gp121706
824,https://www.gempundit.com/gemstones/hessonite/hessonite-gp15491
825,https://www.gempundit.com/gemstones/hessonite/hessonite-gp130441
826,https://www.gempundit.com/gemstones/hessonite/hessonite-gp116527
827,https://www.gempundit.com/gemstones/hessonite/hessonite-gp135181
828,https://www.gempundit.com/gemstones/hessonite/hessonite-gp118264
829,https://www.gempundit.com/gemstones/hessonite/hessonite-gp30317
830,https://www.gempundit.com/gemstones/hessonite/hessonite-gp135194
831,https://www.gempundit.com/gemstones/hessonite/hessonite-gp130447
832,https://www.gempundit.com/gemstones/hessonite/hessonite-gp129583
833,https://www.gempundit.com/gemstones/hessonite/hessonite-gp121694
834,https://www.gempundit.com/gemstones/hessonite/hessonite-gp121723
835,https://www.gempundit.com/gemstones/hessonite/hessonite-gp126439
836,https://www.gempundit.com/gemstones/hessonite/hessonite-gp76752
837,https://www.gempundit.com/gemstones/hessonite/hessonite-gp54173
838,https://www.gempundit.com/gemstones/hessonite/hessonite-gp118272
839,https://www.gempundit.com/gemstones/hessonite/hessonite-gp117363
840,https://www.gempundit.com/gemstones/hessonite/hessonite-gp76734
841,https://www.gempundit.com/gemstones/hessonite/hessonite-gp129585
842,https://www.gempundit.com/gemstones/hessonite/hessonite-gp126435
843,https://www.gempundit.com/gemstones/hessonite/hessonite-gp130456
844,https://www.gempundit.com/gemstones/hessonite/hessonite-gp130140
845,https://www.gempundit.com/gemstones/hessonite/hessonite-gp126481
846,https://www.gempundit.com/gemstones/hessonite/hessonite-gp118263
847,https://www.gempundit.com/gemstones/hessonite/hessonite-gp84636
848,https://www.gempundit.com/gemstones/hessonite/hessonite-gp135188
849,https://www.gempundit.com/gemstones/hessonite/hessonite-gp126431
850,https://www.gempundit.com/gemstones/hessonite/hessonite-gp15511
851,https://www.gempundit.com/gemstones/hessonite/hessonite-gp54127
852,https://www.gempundit.com/gemstones/hessonite/hessonite-gp19814
853,https://www.gempundit.com/gemstones/hessonite/hessonite-gp104770
854,https://www.gempundit.com/gemstones/hessonite/hessonite-gp81236
855,https://www.gempundit.com/gemstones/hessonite/hessonite-gp126440
856,https://www.gempundit.com/gemstones/hessonite/hessonite-gp81232
857,https://www.gempundit.com/gemstones/hessonite/hessonite-gp81214
858,https://www.gempundit.com/gemstones/hessonite/hessonite-gp21828
859,https://www.gempundit.com/gemstones/hessonite/hessonite-gp22327
860,https://www.gempundit.com/gemstones/hessonite/hessonite-gp48935
861,https://www.gempundit.com/gemstones/hessonite/hessonite-gp126436
862,https://www.gempundit.com/gemstones/hessonite/hessonite-gp126476
863,https://www.gempundit.com/gemstones/hessonite/hessonite-gp130459
864,https://www.gempundit.com/gemstones/hessonite/hessonite-gp17259
865,https://www.gempundit.com/gemstones/hessonite/hessonite-gp22318
866,https://www.gempundit.com/gemstones/hessonite/hessonite-gp44010
867,https://www.gempundit.com/gemstones/hessonite/hessonite-gp135186
868,https://www.gempundit.com/gemstones/hessonite/hessonite-gp127359
869,https://www.gempundit.com/gemstones/hessonite/hessonite-gp121693
870,https://www.gempundit.com/gemstones/hessonite/hessonite-gp22307
871,https://www.gempundit.com/gemstones/hessonite/hessonite-gp117361
872,https://www.gempundit.com/gemstones/hessonite/hessonite-gp126442
873,https://www.gempundit.com/gemstones/hessonite/hessonite-gp127356
874,https://www.gempundit.com/gemstones/hessonite/hessonite-gp117360
875,https://www.gempundit.com/gemstones/hessonite/hessonite-gp129596
876,https://www.gempundit.com/gemstones/hessonite/hessonite-gp79201
877,https://www.gempundit.com/gemstones/hessonite/hessonite-gp117370
878,https://www.gempundit.com/gemstones/hessonite/hessonite-gp126430
879,https://www.gempundit.com/gemstones/hessonite/hessonite-gp111145
880,https://www.gempundit.com/gemstones/hessonite/hessonite-gp79214
881,https://www.gempundit.com/gemstones/hessonite/hessonite-gp79206
882,https://www.gempundit.com/gemstones/hessonite/hessonite-gp130658
883,https://www.gempundit.com/gemstones/hessonite/hessonite-gp130435
884,https://www.gempundit.com/gemstones/hessonite/hessonite-gp121722
885,https://www.gempundit.com/gemstones/hessonite/hessonite-gp126490
886,https://www.gempundit.com/gemstones/hessonite/hessonite-gp129582
887,https://www.gempundit.com/gemstones/hessonite/hessonite-gp126486
888,https://www.gempundit.com/gemstones/hessonite/hessonite-gp121712
889,https://www.gempundit.com/gemstones/hessonite/hessonite-gp135189
890,https://www.gempundit.com/gemstones/hessonite/hessonite-gp130142
891,https://www.gempundit.com/gemstones/hessonite/hessonite-gp117663
892,https://www.gempundit.com/gemstones/hessonite/hessonite-gp127361
893,https://www.gempundit.com/gemstones/hessonite/hessonite-gp81218
894,https://www.gempundit.com/gemstones/hessonite/hessonite-gp130455
895,https://www.gempundit.com/gemstones/hessonite/hessonite-gp117585
896,https://www.gempundit.com/gemstones/hessonite/hessonite-gp84680
897,https://www.gempundit.com/gemstones/hessonite/hessonite-gp43959
898,https://www.gempundit.com/gemstones/hessonite/hessonite-gp121701
899,https://www.gempundit.com/gemstones/hessonite/hessonite-gp135187
900,https://www.gempundit.com/gemstones/hessonite/hessonite-gp22311
901,https://www.gempundit.com/gemstones/hessonite/hessonite-gp130657
902,https://www.gempundit.com/gemstones/hessonite/hessonite-gp129593
903,https://www.gempundit.com/gemstones/hessonite/hessonite-gp81209
904,https://www.gempundit.com/gemstones/hessonite/hessonite-gp54100
905,https://www.gempundit.com/gemstones/hessonite/hessonite-gp117354
906,https://www.gempundit.com/gemstones/hessonite/hessonite-gp15523
907,https://www.gempundit.com/gemstones/hessonite/hessonite-gp117359
908,https://www.gempundit.com/gemstones/hessonite/hessonite-gp135195
909,https://www.gempundit.com/gemstones/hessonite/hessonite-gp129591
910,https://www.gempundit.com/gemstones/hessonite/hessonite-gp130141
911,https://www.gempundit.com/gemstones/hessonite/hessonite-gp126494
912,https://www.gempundit.com/gemstones/hessonite/hessonite-gp44011
913,https://www.gempundit.com/gemstones/hessonite/hessonite-gp117582
914,https://www.gempundit.com/gemstones/hessonite/hessonite-gp126478
915,https://www.gempundit.com/gemstones/hessonite/hessonite-gp84675
916,https://www.gempundit.com/gemstones/hessonite/hessonite-gp76753
917,https://www.gempundit.com/gemstones/hessonite/hessonite-gp121704
918,https://www.gempundit.com/gemstones/hessonite/hessonite-gp54105
919,https://www.gempundit.com/gemstones/hessonite/hessonite-gp126473
920,https://www.gempundit.com/gemstones/hessonite/hessonite-gp130654
921,https://www.gempundit.com/gemstones/hessonite/hessonite-gp79196
922,https://www.gempundit.com/gemstones/hessonite/hessonite-gp127360
923,https://www.gempundit.com/gemstones/hessonite/hessonite-gp126459
924,https://www.gempundit.com/gemstones/hessonite/hessonite-gp84678
925,https://www.gempundit.com/gemstones/hessonite/hessonite-gp59577
926,https://www.gempundit.com/gemstones/hessonite/hessonite-gp126429
927,https://www.gempundit.com/gemstones/hessonite/hessonite-gp127357
928,https://www.gempundit.com/gemstones/hessonite/hessonite-gp54098
929,https://www.gempundit.com/gemstones/hessonite/hessonite-gp54142
930,https://www.gempundit.com/gemstones/hessonite/hessonite-gp135196
931,https://www.gempundit.com/gemstones/hessonite/hessonite-gp126479
932,https://www.gempundit.com/gemstones/hessonite/hessonite-gp54133
933,https://www.gempundit.com/gemstones/hessonite/hessonite-gp22322
934,https://www.gempundit.com/gemstones/hessonite/hessonite-gp130446
935,https://www.gempundit.com/gemstones/hessonite/hessonite-gp130430
936,https://www.gempundit.com/gemstones/hessonite/hessonite-gp84692
937,https://www.gempundit.com/gemstones/hessonite/hessonite-gp126472
938,https://www.gempundit.com/gemstones/hessonite/hessonite-gp84691
939,https://www.gempundit.com/gemstones/hessonite/hessonite-gp22354
940,https://www.gempundit.com/gemstones/hessonite/hessonite-gp127358
941,https://www.gempundit.com/gemstones/hessonite/hessonite-gp116549
942,https://www.gempundit.com/gemstones/hessonite/hessonite-gp84689
943,https://www.gempundit.com/gemstones/hessonite/hessonite-gp130642
944,https://www.gempundit.com/gemstones/hessonite/hessonite-gp121699
945,https://www.gempundit.com/gemstones/hessonite/hessonite-gp127354
946,https://www.gempundit.com/gemstones/hessonite/hessonite-gp127352
947,https://www.gempundit.com/gemstones/hessonite/hessonite-gp17258
948,https://www.gempundit.com/gemstones/hessonite/hessonite-gp135182
949,https://www.gempundit.com/gemstones/hessonite/hessonite-gp121696
950,https://www.gempundit.com/gemstones/hessonite/hessonite-gp117375
951,https://www.gempundit.com/gemstones/hessonite/hessonite-gp81228
952,https://www.gempundit.com/gemstones/hessonite/hessonite-gp117355
953,https://www.gempundit.com/gemstones/hessonite/hessonite-gp130428
954,https://www.gempundit.com/gemstones/hessonite/hessonite-gp54168
955,https://www.gempundit.com/gemstones/hessonite/hessonite-gp116534
956,https://www.gempundit.com/gemstones/hessonite/hessonite-gp130437
957,https://www.gempundit.com/gemstones/hessonite/hessonite-gp54107
958,https://www.gempundit.com/gemstones/hessonite/hessonite-gp76755
959,https://www.gempundit.com/gemstones/hessonite/hessonite-gp84686
960,https://www.gempundit.com/gemstones/hessonite/hessonite-gp84688
961,https://www.gempundit.com/gemstones/hessonite/hessonite-gp84698
962,https://www.gempundit.com/gemstones/hessonite/hessonite-gp127351
963,https://www.gempundit.com/gemstones/hessonite/hessonite-gp43994
964,https://www.gempundit.com/gemstones/hessonite/hessonite-gp54104
965,https://www.gempundit.com/gemstones/hessonite/hessonite-gp130454
966,https://www.gempundit.com/gemstones/hessonite/hessonite-gp126433
967,https://www.gempundit.com/gemstones/hessonite/hessonite-gp43946
968,https://www.gempundit.com/gemstones/hessonite/hessonite-gp121717
969,https://www.gempundit.com/gemstones/hessonite/hessonite-gp117362
970,https://www.gempundit.com/gemstones/hessonite/hessonite-gp130450
971,https://www.gempundit.com/gemstones/hessonite/hessonite-gp19575
972,https://www.gempundit.com/gemstones/hessonite/hessonite-gp118267
973,https://www.gempundit.com/gemstones/hessonite/hessonite-gp126444
974,https://www.gempundit.com/gemstones/hessonite/hessonite-gp121698
975,https://www.gempundit.com/gemstones/hessonite/hessonite-gp81230
976,https://www.gempundit.com/gemstones/hessonite/hessonite-gp44009
977,https://www.gempundit.com/gemstones/hessonite/hessonite-gp130138
978,https://www.gempundit.com/gemstones/hessonite/hessonite-gp130139
979,https://www.gempundit.com/gemstones/hessonite/hessonite-gp81215
980,https://www.gempundit.com/gemstones/hessonite/hessonite-gp130366
981,https://www.gempundit.com/gemstones/hessonite/hessonite-gp23107
982,https://www.gempundit.com/gemstones/hessonite/hessonite-gp126451
983,https://www.gempundit.com/gemstones/hessonite/hessonite-gp130448
984,https://www.gempundit.com/gemstones/hessonite/hessonite-gp127366
985,https://www.gempundit.com/gemstones/hessonite/hessonite-gp130640
986,https://www.gempundit.com/gemstones/hessonite/hessonite-gp76736
987,https://www.gempundit.com/gemstones/hessonite/hessonite-gp44027
988,https://www.gempundit.com/gemstones/hessonite/hessonite-gp130461
989,https://www.gempundit.com/gemstones/hessonite/hessonite-gp121702
990,https://www.gempundit.com/gemstones/hessonite/hessonite-gp130649
991,https://www.gempundit.com/gemstones/hessonite/hessonite-gp121697
992,https://www.gempundit.com/gemstones/hessonite/hessonite-gp117376
993,https://www.gempundit.com/gemstones/hessonite/hessonite-gp81211
994,https://www.gempundit.com/gemstones/hessonite/hessonite-gp54096
995,https://www.gempundit.com/gemstones/hessonite/hessonite-gp23112
996,https://www.gempundit.com/gemstones/hessonite/hessonite-gp121718
997,https://www.gempundit.com/gemstones/hessonite/hessonite-gp81212
998,https://www.gempundit.com/gemstones/hessonite/hessonite-gp121711
999,https://www.gempundit.com/gemstones/hessonite/hessonite-gp54097
1000,https://www.gempundit.com/gemstones/hessonite/hessonite-gp126432
1001,https://www.gempundit.com/gemstones/hessonite/hessonite-gp81248
1002,https://www.gempundit.com/gemstones/hessonite/hessonite-gp81204
1003,https://www.gempundit.com/gemstones/hessonite/hessonite-gp126445
1004,https://www.gempundit.com/gemstones/hessonite/hessonite-gp126498
1005,https://www.gempundit.com/gemstones/hessonite/hessonite-gp129590
1006,https://www.gempundit.com/gemstones/hessonite/hessonite-gp127353
1007,https://www.gempundit.com/gemstones/hessonite/hessonite-gp130445
1008,https://www.gempundit.com/gemstones/hessonite/hessonite-gp130639
1009,https://www.gempundit.com/gemstones/hessonite/hessonite-gp109811
1010,https://www.gempundit.com/gemstones/hessonite/hessonite-gp81216
1011,https://www.gempundit.com/gemstones/hessonite/hessonite-gp54166
1012,https://www.gempundit.com/gemstones/hessonite/hessonite-gp48922
1013,https://www.gempundit.com/gemstones/hessonite/hessonite-gp104786
1014,https://www.gempundit.com/gemstones/hessonite/hessonite-gp15436
1015,https://www.gempundit.com/gemstones/hessonite/hessonite-gp109786
1016,https://www.gempundit.com/gemstones/hessonite/hessonite-gp109796
1017,https://www.gempundit.com/gemstones/hessonite/hessonite-gp76739
1018,https://www.gempundit.com/gemstones/hessonite/hessonite-gp121721
1019,https://www.gempundit.com/gemstones/hessonite/hessonite-gp109802
1020,https://www.gempundit.com/gemstones/hessonite/hessonite-gp126496
1021,https://www.gempundit.com/gemstones/hessonite/hessonite-gp121703
1022,https://www.gempundit.com/gemstones/hessonite/hessonite-gp130137
1023,https://www.gempundit.com/gemstones/hessonite/hessonite-gp130641
1024,https://www.gempundit.com/gemstones/hessonite/hessonite-gp126491
1025,https://www.gempundit.com/gemstones/hessonite/hessonite-gp130432
1026,https://www.gempundit.com/gemstones/hessonite/hessonite-gp109792
1027,https://www.gempundit.com/gemstones/hessonite/hessonite-gp81203
1028,https://www.gempundit.com/gemstones/hessonite/hessonite-gp126497
1029,https://www.gempundit.com/gemstones/hessonite/hessonite-gp48923
1030,https://www.gempundit.com/gemstones/hessonite/hessonite-gp126434
1031,https://www.gempundit.com/gemstones/hessonite/hessonite-gp15516
1032,https://www.gempundit.com/gemstones/hessonite/hessonite-gp130452
1033,https://www.gempundit.com/gemstones/hessonite/hessonite-gp104781
1034,https://www.gempundit.com/gemstones/hessonite/hessonite-gp15435
1035,https://www.gempundit.com/gemstones/hessonite/hessonite-gp79205
1036,https://www.gempundit.com/gemstones/hessonite/hessonite-gp59590
1037,https://www.gempundit.com/gemstones/hessonite/hessonite-gp109813
1038,https://www.gempundit.com/gemstones/hessonite/hessonite-gp130648
1039,https://www.gempundit.com/gemstones/hessonite/hessonite-gp44003
1040,https://www.gempundit.com/gemstones/hessonite/hessonite-gp79195
1041,https://www.gempundit.com/gemstones/hessonite/hessonite-gp15514
1042,https://www.gempundit.com/gemstones/hessonite/hessonite-gp109812
1043,https://www.gempundit.com/gemstones/hessonite/hessonite-gp15515
1044,https://www.gempundit.com/gemstones/hessonite/hessonite-gp109800
1045,https://www.gempundit.com/gemstones/hessonite/hessonite-gp59800
1046,https://www.gempundit.com/gemstones/hessonite/hessonite-gp130427
1047,https://www.gempundit.com/gemstones/hessonite/hessonite-gp109814
1048,https://www.gempundit.com/gemstones/hessonite/hessonite-gp79203
1049,https://www.gempundit.com/gemstones/hessonite/hessonite-gp54165
1050,https://www.gempundit.com/gemstones/hessonite/hessonite-gp121687
1051,https://www.gempundit.com/gemstones/hessonite/hessonite-gp126443
1052,https://www.gempundit.com/gemstones/hessonite/hessonite-gp130433
1053,https://www.gempundit.com/gemstones/hessonite/hessonite-gp79194
1054,https://www.gempundit.com/gemstones/hessonite/hessonite-gp59592
1055,https://www.gempundit.com/gemstones/hessonite/hessonite-gp109787
1056,https://www.gempundit.com/gemstones/hessonite/hessonite-gp48957
1057,https://www.gempundit.com/gemstones/hessonite/hessonite-gp109780
1058,https://www.gempundit.com/gemstones/hessonite/hessonite-gp121700
1059,https://www.gempundit.com/gemstones/hessonite/hessonite-gp130426
1060,https://www.gempundit.com/gemstones/hessonite/hessonite-gp81247
1061,https://www.gempundit.com/gemstones/hessonite/hessonite-gp109805
1062,https://www.gempundit.com/gemstones/hessonite/hessonite-gp109795
1063,https://www.gempundit.com/gemstones/hessonite/hessonite-gp109784
1064,https://www.gempundit.com/gemstones/hessonite/hessonite-gp109782
1065,https://www.gempundit.com/gemstones/hessonite/hessonite-gp81205
1066,https://www.gempundit.com/gemstones/hessonite/hessonite-gp81202
1067,https://www.gempundit.com/gemstones/hessonite/hessonite-gp109483
1068,https://www.gempundit.com/gemstones/hessonite/hessonite-gp109484
