,Imperial Topaz
0,https://www.gempundit.com/gemstones/imperial-topaz/pink-topaz-gp88954
1,https://www.gempundit.com/gemstones/imperial-topaz/golden-topaz-gp99157
2,https://www.gempundit.com/gemstones/imperial-topaz/pink-topaz-gp99161
3,https://www.gempundit.com/gemstones/imperial-topaz/golden-topaz-gp99123
4,https://www.gempundit.com/gemstones/imperial-topaz/pink-topaz-gp99160
5,https://www.gempundit.com/gemstones/imperial-topaz/pink-topaz-gp99162
6,https://www.gempundit.com/gemstones/imperial-topaz/topaz-gp103337
7,https://www.gempundit.com/gemstones/imperial-topaz/topaz-gp99163
8,https://www.gempundit.com/gemstones/imperial-topaz/golden-topaz-gp99103
9,https://www.gempundit.com/gemstones/imperial-topaz/golden-topaz-gp99154
10,https://www.gempundit.com/gemstones/imperial-topaz/golden-topaz-gp99107
11,https://www.gempundit.com/gemstones/imperial-topaz/golden-topaz-gp99111
12,https://www.gempundit.com/gemstones/imperial-topaz/golden-topaz-gp99118
13,https://www.gempundit.com/gemstones/imperial-topaz/golden-topaz-gp99167
14,https://www.gempundit.com/gemstones/imperial-topaz/golden-topaz-gp99153
15,https://www.gempundit.com/gemstones/imperial-topaz/golden-topaz-gp99109
16,https://www.gempundit.com/gemstones/imperial-topaz/golden-topaz-gp99151
17,https://www.gempundit.com/gemstones/imperial-topaz/golden-topaz-gp99106
18,https://www.gempundit.com/gemstones/imperial-topaz/golden-topaz-gp99104
19,https://www.gempundit.com/gemstones/imperial-topaz/golden-topaz-gp99108
20,https://www.gempundit.com/gemstones/imperial-topaz/golden-topaz-gp99129
21,https://www.gempundit.com/gemstones/imperial-topaz/golden-topaz-gp99134
22,https://www.gempundit.com/gemstones/imperial-topaz/golden-topaz-gp99124
23,https://www.gempundit.com/gemstones/imperial-topaz/golden-topaz-gp99155
24,https://www.gempundit.com/gemstones/imperial-topaz/golden-topaz-gp99121
25,https://www.gempundit.com/gemstones/imperial-topaz/golden-topaz-gp99101
26,https://www.gempundit.com/gemstones/imperial-topaz/pink-topaz-gp88959
27,https://www.gempundit.com/gemstones/imperial-topaz/golden-topaz-gp99141
28,https://www.gempundit.com/gemstones/imperial-topaz/golden-topaz-gp99138
29,https://www.gempundit.com/gemstones/imperial-topaz/golden-topaz-gp99130
30,https://www.gempundit.com/gemstones/imperial-topaz/golden-topaz-gp99143
31,https://www.gempundit.com/gemstones/imperial-topaz/golden-topaz-gp99102
32,https://www.gempundit.com/gemstones/imperial-topaz/golden-topaz-gp99152
33,https://www.gempundit.com/gemstones/imperial-topaz/golden-topaz-gp99158
34,https://www.gempundit.com/gemstones/imperial-topaz/golden-topaz-gp99144
35,https://www.gempundit.com/gemstones/imperial-topaz/golden-topaz-gp99142
36,https://www.gempundit.com/gemstones/imperial-topaz/golden-topaz-gp99132
37,https://www.gempundit.com/gemstones/imperial-topaz/golden-topaz-gp99097
38,https://www.gempundit.com/gemstones/imperial-topaz/golden-topaz-gp99128
39,https://www.gempundit.com/gemstones/imperial-topaz/golden-topaz-gp99089
40,https://www.gempundit.com/gemstones/imperial-topaz/golden-topaz-gp88963
41,https://www.gempundit.com/gemstones/imperial-topaz/golden-topaz-gp99116
42,https://www.gempundit.com/gemstones/imperial-topaz/golden-topaz-gp88947
43,https://www.gempundit.com/gemstones/imperial-topaz/golden-topaz-gp99119
44,https://www.gempundit.com/gemstones/imperial-topaz/golden-topaz-gp99150
45,https://www.gempundit.com/gemstones/imperial-topaz/golden-topaz-gp99136
46,https://www.gempundit.com/gemstones/imperial-topaz/golden-topaz-gp99169
47,https://www.gempundit.com/gemstones/imperial-topaz/golden-topaz-gp99131
48,https://www.gempundit.com/gemstones/imperial-topaz/golden-topaz-gp99088
49,https://www.gempundit.com/gemstones/imperial-topaz/golden-topaz-gp99140
50,https://www.gempundit.com/gemstones/imperial-topaz/golden-topaz-gp99100
51,https://www.gempundit.com/gemstones/imperial-topaz/golden-topaz-gp99149
52,https://www.gempundit.com/gemstones/imperial-topaz/golden-topaz-gp99137
53,https://www.gempundit.com/gemstones/imperial-topaz/topaz-gp99120
54,https://www.gempundit.com/gemstones/imperial-topaz/golden-topaz-gp99170
55,https://www.gempundit.com/gemstones/imperial-topaz/golden-topaz-gp99127
56,https://www.gempundit.com/gemstones/imperial-topaz/golden-topaz-gp99094
57,https://www.gempundit.com/gemstones/imperial-topaz/golden-topaz-gp99091
58,https://www.gempundit.com/gemstones/imperial-topaz/golden-topaz-gp99090
59,https://www.gempundit.com/gemstones/imperial-topaz/golden-topaz-gp88966
60,https://www.gempundit.com/gemstones/imperial-topaz/golden-topaz-gp99122
61,https://www.gempundit.com/gemstones/imperial-topaz/golden-topaz-gp88967
62,https://www.gempundit.com/gemstones/imperial-topaz/golden-topaz-gp88951
63,https://www.gempundit.com/gemstones/imperial-topaz/golden-topaz-gp88946
64,https://www.gempundit.com/gemstones/imperial-topaz/topaz-gp103336
65,https://www.gempundit.com/gemstones/imperial-topaz/golden-topaz-gp99164
66,https://www.gempundit.com/gemstones/imperial-topaz/pink-topaz-gp88969
67,https://www.gempundit.com/gemstones/imperial-topaz/golden-topaz-gp99113
68,https://www.gempundit.com/gemstones/imperial-topaz/golden-topaz-gp99096
69,https://www.gempundit.com/gemstones/imperial-topaz/golden-topaz-gp88964
70,https://www.gempundit.com/gemstones/imperial-topaz/pink-topaz-gp88970
71,https://www.gempundit.com/gemstones/imperial-topaz/golden-topaz-gp99147
72,https://www.gempundit.com/gemstones/imperial-topaz/golden-topaz-gp99114
73,https://www.gempundit.com/gemstones/imperial-topaz/golden-topaz-gp99093
74,https://www.gempundit.com/gemstones/imperial-topaz/golden-topaz-gp88945
75,https://www.gempundit.com/gemstones/imperial-topaz/golden-topaz-gp99148
76,https://www.gempundit.com/gemstones/imperial-topaz/golden-topaz-gp99135
77,https://www.gempundit.com/gemstones/imperial-topaz/golden-topaz-gp99117
78,https://www.gempundit.com/gemstones/imperial-topaz/golden-topaz-gp99098
79,https://www.gempundit.com/gemstones/imperial-topaz/golden-topaz-gp99145
80,https://www.gempundit.com/gemstones/imperial-topaz/golden-topaz-gp99146
81,https://www.gempundit.com/gemstones/imperial-topaz/golden-topaz-gp88943
82,https://www.gempundit.com/gemstones/imperial-topaz/golden-topaz-gp88944
83,https://www.gempundit.com/gemstones/imperial-topaz/golden-topaz-gp99092
84,https://www.gempundit.com/gemstones/imperial-topaz/golden-topaz-gp99168
85,https://www.gempundit.com/gemstones/imperial-topaz/golden-topaz-gp99139
86,https://www.gempundit.com/gemstones/imperial-topaz/pink-topaz-gp88962
87,https://www.gempundit.com/gemstones/imperial-topaz/golden-topaz-gp88952
88,https://www.gempundit.com/gemstones/imperial-topaz/golden-topaz-gp88949
89,https://www.gempundit.com/gemstones/imperial-topaz/golden-topaz-gp88965
90,https://www.gempundit.com/gemstones/imperial-topaz/golden-topaz-gp88968
91,https://www.gempundit.com/gemstones/imperial-topaz/topaz-gp124757
92,https://www.gempundit.com/gemstones/imperial-topaz/topaz-gp124840
93,https://www.gempundit.com/gemstones/imperial-topaz/topaz-gp124835
94,https://www.gempundit.com/gemstones/imperial-topaz/topaz-gp124747
95,https://www.gempundit.com/gemstones/imperial-topaz/topaz-gp124752
96,https://www.gempundit.com/gemstones/imperial-topaz/topaz-gp124753
97,https://www.gempundit.com/gemstones/imperial-topaz/topaz-gp124746
98,https://www.gempundit.com/gemstones/imperial-topaz/topaz-gp124754
99,https://www.gempundit.com/gemstones/imperial-topaz/topaz-gp124742
100,https://www.gempundit.com/gemstones/imperial-topaz/topaz-gp124837
101,https://www.gempundit.com/gemstones/imperial-topaz/topaz-gp124743
102,https://www.gempundit.com/gemstones/imperial-topaz/topaz-gp124749
103,https://www.gempundit.com/gemstones/imperial-topaz/topaz-gp124744
104,https://www.gempundit.com/gemstones/imperial-topaz/topaz-gp124838
105,https://www.gempundit.com/gemstones/imperial-topaz/topaz-gp124745
106,https://www.gempundit.com/gemstones/imperial-topaz/topaz-gp124836
107,https://www.gempundit.com/gemstones/imperial-topaz/topaz-gp124758
108,https://www.gempundit.com/gemstones/imperial-topaz/topaz-gp124750
109,https://www.gempundit.com/gemstones/imperial-topaz/topaz-gp124748
110,https://www.gempundit.com/gemstones/imperial-topaz/topaz-gp124429
111,https://www.gempundit.com/gemstones/imperial-topaz/topaz-gp124756
112,https://www.gempundit.com/gemstones/imperial-topaz/topaz-gp124755
113,https://www.gempundit.com/gemstones/imperial-topaz/topaz-gp124839
114,https://www.gempundit.com/gemstones/imperial-topaz/topaz-gp105762
115,https://www.gempundit.com/gemstones/imperial-topaz/topaz-gp124759
116,https://www.gempundit.com/gemstones/imperial-topaz/topaz-gp124760
