,Jade Nephrite
0,https://www.gempundit.com/gemstones/jade-nephrite/nephrite-jade-gp23909
1,https://www.gempundit.com/gemstones/jade-nephrite/nephrite-jade-gp23853
2,https://www.gempundit.com/gemstones/jade-nephrite/nephrite-jade-gp23918
3,https://www.gempundit.com/gemstones/jade-nephrite/nephrite-jade-gp23892
4,https://www.gempundit.com/gemstones/jade-nephrite/jade-gp23884
5,https://www.gempundit.com/gemstones/jade-nephrite/nephrite-jade-gp23838
6,https://www.gempundit.com/gemstones/jade-nephrite/jade-gp23826
7,https://www.gempundit.com/gemstones/jade-nephrite/nephrite-jade-gp24024
8,https://www.gempundit.com/gemstones/jade-nephrite/nephrite-jade-gp23833
9,https://www.gempundit.com/gemstones/jade-nephrite/nephrite-jade-gp23876
10,https://www.gempundit.com/gemstones/jade-nephrite/nephrite-jade-gp23891
11,https://www.gempundit.com/gemstones/jade-nephrite/nephrite-jade-gp56981
12,https://www.gempundit.com/gemstones/jade-nephrite/nephrite-jade-gp56992
13,https://www.gempundit.com/gemstones/jade-nephrite/nephrite-jade-gp56989
14,https://www.gempundit.com/gemstones/jade-nephrite/nephrite-jade-gp23944
15,https://www.gempundit.com/gemstones/jade-nephrite/nephrite-jade-gp56974
16,https://www.gempundit.com/gemstones/jade-nephrite/nephrite-jade-gp24000
17,https://www.gempundit.com/gemstones/jade-nephrite/nephrite-jade-gp23953
18,https://www.gempundit.com/gemstones/jade-nephrite/nephrite-jade-gp23983
19,https://www.gempundit.com/gemstones/jade-nephrite/nephrite-jade-gp23976
20,https://www.gempundit.com/gemstones/jade-nephrite/nephrite-jade-gp23936
21,https://www.gempundit.com/gemstones/jade-nephrite/nephrite-jade-gp23914
22,https://www.gempundit.com/gemstones/jade-nephrite/nephrite-jade-gp23979
23,https://www.gempundit.com/gemstones/jade-nephrite/nephrite-jade-gp23901
24,https://www.gempundit.com/gemstones/jade-nephrite/nephrite-jade-gp23843
25,https://www.gempundit.com/gemstones/jade-nephrite/nephrite-jade-gp23998
26,https://www.gempundit.com/gemstones/jade-nephrite/nephrite-jade-gp24006
27,https://www.gempundit.com/gemstones/jade-nephrite/nephrite-jade-gp23910
28,https://www.gempundit.com/gemstones/jade-nephrite/jade-gp23857
29,https://www.gempundit.com/gemstones/jade-nephrite/jade-gp105940
30,https://www.gempundit.com/gemstones/jade-nephrite/jade-gp105939
31,https://www.gempundit.com/gemstones/jade-nephrite/nephrite-jade-gp-22738
32,https://www.gempundit.com/gemstones/jade-nephrite/nephrite-jade-gp22749
33,https://www.gempundit.com/gemstones/jade-nephrite/nephrite-jade-gp22744
34,https://www.gempundit.com/gemstones/jade-nephrite/jade-gp105901
35,https://www.gempundit.com/gemstones/jade-nephrite/nephrite-jade-6-41-carats-gp-22740
36,https://www.gempundit.com/gemstones/jade-nephrite/nephrite-jade-gp22731
37,https://www.gempundit.com/gemstones/jade-nephrite/nephrite-jade-gp22745
38,https://www.gempundit.com/gemstones/jade-nephrite/jade-gp105907
39,https://www.gempundit.com/gemstones/jade-nephrite/nephrite-jade-gp22747
40,https://www.gempundit.com/gemstones/jade-nephrite/jade-gp105915
41,https://www.gempundit.com/gemstones/jade-nephrite/jade-gp105921
42,https://www.gempundit.com/gemstones/jade-nephrite/nephrite-jade-gp22703
43,https://www.gempundit.com/gemstones/jade-nephrite/nephrite-jade-gp22732
44,https://www.gempundit.com/gemstones/jade-nephrite/nephrite-jade-gp56987
45,https://www.gempundit.com/gemstones/jade-nephrite/jade-gp105899
46,https://www.gempundit.com/gemstones/jade-nephrite/jade-gp105935
47,https://www.gempundit.com/gemstones/jade-nephrite/jade-gp105914
48,https://www.gempundit.com/gemstones/jade-nephrite/jade-gp105916
49,https://www.gempundit.com/gemstones/jade-nephrite/jade-gp105936
50,https://www.gempundit.com/gemstones/jade-nephrite/jade-gp105905
51,https://www.gempundit.com/gemstones/jade-nephrite/jade-gp76826
52,https://www.gempundit.com/gemstones/jade-nephrite/nephrite-jade-gp22702
53,https://www.gempundit.com/gemstones/jade-nephrite/jade-gp76854
54,https://www.gempundit.com/gemstones/jade-nephrite/jade-gp105919
55,https://www.gempundit.com/gemstones/jade-nephrite/jade-gp76823
56,https://www.gempundit.com/gemstones/jade-nephrite/nephrite-jade-gp22750
57,https://www.gempundit.com/gemstones/jade-nephrite/jade-gp105937
58,https://www.gempundit.com/gemstones/jade-nephrite/jade-gp105920
59,https://www.gempundit.com/gemstones/jade-nephrite/jade-gp76845
60,https://www.gempundit.com/gemstones/jade-nephrite/jade-gp76844
61,https://www.gempundit.com/gemstones/jade-nephrite/jade-gp105902
62,https://www.gempundit.com/gemstones/jade-nephrite/jade-gp76860
63,https://www.gempundit.com/gemstones/jade-nephrite/jade-gp76820
64,https://www.gempundit.com/gemstones/jade-nephrite/jade-gp76853
65,https://www.gempundit.com/gemstones/jade-nephrite/jade-gp105933
66,https://www.gempundit.com/gemstones/jade-nephrite/jade-gp105918
67,https://www.gempundit.com/gemstones/jade-nephrite/jade-gp105941
68,https://www.gempundit.com/gemstones/jade-nephrite/jade-gp105910
69,https://www.gempundit.com/gemstones/jade-nephrite/jade-gp105900
70,https://www.gempundit.com/gemstones/jade-nephrite/jade-gp105898
71,https://www.gempundit.com/gemstones/jade-nephrite/jade-gp105912
72,https://www.gempundit.com/gemstones/jade-nephrite/jade-gp105947
73,https://www.gempundit.com/gemstones/jade-nephrite/jade-gp105946
74,https://www.gempundit.com/gemstones/jade-nephrite/jade-gp105904
75,https://www.gempundit.com/gemstones/jade-nephrite/jade-gp105953
76,https://www.gempundit.com/gemstones/jade-nephrite/jade-gp105908
77,https://www.gempundit.com/gemstones/jade-nephrite/jade-gp105950
78,https://www.gempundit.com/gemstones/jade-nephrite/jade-gp76850
79,https://www.gempundit.com/gemstones/jade-nephrite/jade-gp105944
80,https://www.gempundit.com/gemstones/jade-nephrite/jade-gp105897
81,https://www.gempundit.com/gemstones/jade-nephrite/jade-gp105943
82,https://www.gempundit.com/gemstones/jade-nephrite/jade-gp105945
83,https://www.gempundit.com/gemstones/jade-nephrite/jade-gp76839
84,https://www.gempundit.com/gemstones/jade-nephrite/jade-gp76837
85,https://www.gempundit.com/gemstones/jade-nephrite/jade-gp76836
86,https://www.gempundit.com/gemstones/jade-nephrite/jade-gp105924
87,https://www.gempundit.com/gemstones/jade-nephrite/jade-gp105949
88,https://www.gempundit.com/gemstones/jade-nephrite/jade-gp76832
89,https://www.gempundit.com/gemstones/jade-nephrite/jade-gp105948
90,https://www.gempundit.com/gemstones/jade-nephrite/jade-gp76833
91,https://www.gempundit.com/gemstones/jade-nephrite/jade-gp76828
92,https://www.gempundit.com/gemstones/jade-nephrite/jade-gp105928
93,https://www.gempundit.com/gemstones/jade-nephrite/jade-gp105932
94,https://www.gempundit.com/gemstones/jade-nephrite/jade-gp105952
95,https://www.gempundit.com/gemstones/jade-nephrite/jade-gp105929
96,https://www.gempundit.com/gemstones/jade-nephrite/jade-gp76818
97,https://www.gempundit.com/gemstones/jade-nephrite/jade-gp105926
98,https://www.gempundit.com/gemstones/jade-nephrite/jade-gp105909
99,https://www.gempundit.com/gemstones/jade-nephrite/nephrite-jade-gp57005
100,https://www.gempundit.com/gemstones/jade-nephrite/jade-gp105927
101,https://www.gempundit.com/gemstones/jade-nephrite/jade-gp76849
102,https://www.gempundit.com/gemstones/jade-nephrite/jade-gp105917
103,https://www.gempundit.com/gemstones/jade-nephrite/nephrite-jade-gp56975
104,https://www.gempundit.com/gemstones/jade-nephrite/jade-gp76824
105,https://www.gempundit.com/gemstones/jade-nephrite/jade-gp105922
106,https://www.gempundit.com/gemstones/jade-nephrite/jade-gp76829
107,https://www.gempundit.com/gemstones/jade-nephrite/jade-gp105923
108,https://www.gempundit.com/gemstones/jade-nephrite/jade-gp105925
109,https://www.gempundit.com/gemstones/jade-nephrite/nephrite-jade-gp22741
110,https://www.gempundit.com/gemstones/jade-nephrite/nephrite-jade-gp22706
111,https://www.gempundit.com/gemstones/jade-nephrite/nephrite-jade-gp57003
112,https://www.gempundit.com/gemstones/jade-nephrite/nephrite-jade-gp22736
113,https://www.gempundit.com/gemstones/jade-nephrite/jade-gp29852
114,https://www.gempundit.com/gemstones/jade-nephrite/jade-gp105931
115,https://www.gempundit.com/gemstones/jade-nephrite/nephrite-jade-gp23917
116,https://www.gempundit.com/gemstones/jade-nephrite/jade-gp76830
117,https://www.gempundit.com/gemstones/jade-nephrite/nephrite-jade-gp22730
118,https://www.gempundit.com/gemstones/jade-nephrite/jade-gp29854
119,https://www.gempundit.com/gemstones/jade-nephrite/nephrite-jade-gp56982
120,https://www.gempundit.com/gemstones/jade-nephrite/jade-gp76821
121,https://www.gempundit.com/gemstones/jade-nephrite/nephrite-jade-gp22734
122,https://www.gempundit.com/gemstones/jade-nephrite/nephrite-jade-14-47-carats-gp-22704
123,https://www.gempundit.com/gemstones/jade-nephrite/jade-gp76814
124,https://www.gempundit.com/gemstones/jade-nephrite/jade-gp76813
125,https://www.gempundit.com/gemstones/jade-nephrite/jade-gp76812
126,https://www.gempundit.com/gemstones/jade-nephrite/jade-gp76817
127,https://www.gempundit.com/gemstones/jade-nephrite/jade-gp76816
128,https://www.gempundit.com/gemstones/jade-nephrite/jade-gp76809
129,https://www.gempundit.com/gemstones/jade-nephrite/jade-gp76810
130,https://www.gempundit.com/gemstones/jade-nephrite/jade-gp76805
131,https://www.gempundit.com/gemstones/jade-nephrite/jade-gp76811
132,https://www.gempundit.com/gemstones/jade-nephrite/jade-gp76806
133,https://www.gempundit.com/gemstones/jade-nephrite/jade-gp76808
134,https://www.gempundit.com/gemstones/jade-nephrite/jade-gp76807
