,Kyanite
0,https://www.gempundit.com/gemstones/kyanite/blue-kyanite-gp57776
1,https://www.gempundit.com/gemstones/kyanite/blue-kyanite-gp57765
2,https://www.gempundit.com/gemstones/kyanite/blue-kyanite-gp57777
3,https://www.gempundit.com/gemstones/kyanite/blue-kyanite-gp57823
4,https://www.gempundit.com/gemstones/kyanite/blue-kyanite-gp57854
5,https://www.gempundit.com/gemstones/kyanite/blue-kyanite-gp57785
6,https://www.gempundit.com/gemstones/kyanite/blue-kyanite-gp57856
7,https://www.gempundit.com/gemstones/kyanite/blue-kyanite-gp57845
8,https://www.gempundit.com/gemstones/kyanite/blue-kyanite-gp57887
9,https://www.gempundit.com/gemstones/kyanite/blue-kyanite-gp57885
10,https://www.gempundit.com/gemstones/kyanite/blue-kyanite-gp57873
11,https://www.gempundit.com/gemstones/kyanite/blue-kyanite-gp57858
12,https://www.gempundit.com/gemstones/kyanite/blue-kyanite-gp57831
13,https://www.gempundit.com/gemstones/kyanite/blue-kyanite-gp57816
14,https://www.gempundit.com/gemstones/kyanite/blue-kyanite-gp57859
15,https://www.gempundit.com/gemstones/kyanite/blue-kyanite-gp57835
16,https://www.gempundit.com/gemstones/kyanite/blue-kyanite-gp57814
17,https://www.gempundit.com/gemstones/kyanite/blue-kyanite-gp57904
18,https://www.gempundit.com/gemstones/kyanite/blue-kyanite-gp57784
19,https://www.gempundit.com/gemstones/kyanite/blue-kyanite-gp57901
20,https://www.gempundit.com/gemstones/kyanite/blue-kyanite-gp57868
21,https://www.gempundit.com/gemstones/kyanite/blue-kyanite-gp57840
22,https://www.gempundit.com/gemstones/kyanite/blue-kyanite-gp57815
23,https://www.gempundit.com/gemstones/kyanite/blue-kyanite-gp57843
24,https://www.gempundit.com/gemstones/kyanite/blue-kyanite-gp57833
25,https://www.gempundit.com/gemstones/kyanite/blue-kyanite-gp57867
26,https://www.gempundit.com/gemstones/kyanite/blue-kyanite-gp57841
27,https://www.gempundit.com/gemstones/kyanite/blue-kyanite-gp57825
28,https://www.gempundit.com/gemstones/kyanite/blue-kyanite-gp57910
29,https://www.gempundit.com/gemstones/kyanite/blue-kyanite-gp57909
30,https://www.gempundit.com/gemstones/kyanite/blue-kyanite-gp57876
31,https://www.gempundit.com/gemstones/kyanite/blue-kyanite-gp57874
32,https://www.gempundit.com/gemstones/kyanite/blue-kyanite-gp57870
33,https://www.gempundit.com/gemstones/kyanite/blue-kyanite-gp57827
34,https://www.gempundit.com/gemstones/kyanite/blue-kyanite-gp57862
35,https://www.gempundit.com/gemstones/kyanite/blue-kyanite-gp57822
36,https://www.gempundit.com/gemstones/kyanite/blue-kyanite-gp57775
37,https://www.gempundit.com/gemstones/kyanite/blue-kyanite-gp78737
38,https://www.gempundit.com/gemstones/kyanite/blue-kyanite-gp57853
39,https://www.gempundit.com/gemstones/kyanite/blue-kyanite-gp57847
40,https://www.gempundit.com/gemstones/kyanite/blue-kyanite-gp57898
41,https://www.gempundit.com/gemstones/kyanite/blue-kyanite-gp57764
42,https://www.gempundit.com/gemstones/kyanite/green-kyanite-gp65588
43,https://www.gempundit.com/gemstones/kyanite/blue-kyanite-gp57830
44,https://www.gempundit.com/gemstones/kyanite/green-kyanite-gp65582
45,https://www.gempundit.com/gemstones/kyanite/blue-kyanite-gp57871
46,https://www.gempundit.com/gemstones/kyanite/blue-kyanite-gp57869
47,https://www.gempundit.com/gemstones/kyanite/green-kyanite-gp65636
48,https://www.gempundit.com/gemstones/kyanite/kyanite-gp87005
49,https://www.gempundit.com/gemstones/kyanite/blue-kyanite-gp53918
50,https://www.gempundit.com/gemstones/kyanite/green-kyanite-gp65587
51,https://www.gempundit.com/gemstones/kyanite/green-kyanite-gp65585
52,https://www.gempundit.com/gemstones/kyanite/kyanite-gp87001
53,https://www.gempundit.com/gemstones/kyanite/green-kyanite-gp65589
54,https://www.gempundit.com/gemstones/kyanite/blue-kyanite-gp57889
55,https://www.gempundit.com/gemstones/kyanite/blue-kyanite-gp57881
56,https://www.gempundit.com/gemstones/kyanite/blue-kyanite-gp57884
57,https://www.gempundit.com/gemstones/kyanite/blue-kyanite-gp57790
58,https://www.gempundit.com/gemstones/kyanite/blue-kyanite-gp57768
59,https://www.gempundit.com/gemstones/kyanite/blue-kyanite-gp53912
60,https://www.gempundit.com/gemstones/kyanite/blue-kyanite-gp57855
61,https://www.gempundit.com/gemstones/kyanite/blue-kyanite-gp57770
62,https://www.gempundit.com/gemstones/kyanite/blue-kyanite-gp57767
63,https://www.gempundit.com/gemstones/kyanite/blue-kyanite-gp57968
64,https://www.gempundit.com/gemstones/kyanite/blue-kyanite-gp57778
65,https://www.gempundit.com/gemstones/kyanite/blue-kyanite-gp53902
66,https://www.gempundit.com/gemstones/kyanite/blue-kyanite-gp57911
67,https://www.gempundit.com/gemstones/kyanite/blue-kyanite-gp57893
68,https://www.gempundit.com/gemstones/kyanite/blue-kyanite-gp57787
69,https://www.gempundit.com/gemstones/kyanite/blue-kyanite-gp57907
70,https://www.gempundit.com/gemstones/kyanite/blue-kyanite-gp57897
71,https://www.gempundit.com/gemstones/kyanite/kyanite-gp87004
72,https://www.gempundit.com/gemstones/kyanite/blue-kyanite-gp57880
73,https://www.gempundit.com/gemstones/kyanite/blue-kyanite-gp57836
74,https://www.gempundit.com/gemstones/kyanite/blue-kyanite-gp57952
75,https://www.gempundit.com/gemstones/kyanite/blue-kyanite-gp57908
76,https://www.gempundit.com/gemstones/kyanite/blue-kyanite-gp53910
77,https://www.gempundit.com/gemstones/kyanite/blue-kyanite-gp57936
78,https://www.gempundit.com/gemstones/kyanite/blue-kyanite-gp57906
79,https://www.gempundit.com/gemstones/kyanite/blue-kyanite-gp57959
80,https://www.gempundit.com/gemstones/kyanite/blue-kyanite-gp57926
81,https://www.gempundit.com/gemstones/kyanite/blue-kyanite-gp53899
82,https://www.gempundit.com/gemstones/kyanite/green-kyanite-gp65579
83,https://www.gempundit.com/gemstones/kyanite/blue-kyanite-gp57832
84,https://www.gempundit.com/gemstones/kyanite/blue-kyanite-gp53909
85,https://www.gempundit.com/gemstones/kyanite/blue-kyanite-gp57829
86,https://www.gempundit.com/gemstones/kyanite/blue-kyanite-gp53911
87,https://www.gempundit.com/gemstones/kyanite/green-kyanite-gp65574
88,https://www.gempundit.com/gemstones/kyanite/blue-kyanite-gp57974
89,https://www.gempundit.com/gemstones/kyanite/blue-kyanite-gp57927
90,https://www.gempundit.com/gemstones/kyanite/blue-kyanite-gp53917
91,https://www.gempundit.com/gemstones/kyanite/green-kyanite-gp65634
92,https://www.gempundit.com/gemstones/kyanite/blue-kyanite-gp57828
93,https://www.gempundit.com/gemstones/kyanite/blue-kyanite-gp57810
94,https://www.gempundit.com/gemstones/kyanite/blue-kyanite-gp53898
95,https://www.gempundit.com/gemstones/kyanite/blue-kyanite-gp78732
96,https://www.gempundit.com/gemstones/kyanite/blue-kyanite-gp57844
97,https://www.gempundit.com/gemstones/kyanite/blue-kyanite-gp53908
98,https://www.gempundit.com/gemstones/kyanite/kyanite-gp87006
99,https://www.gempundit.com/gemstones/kyanite/blue-kyanite-gp57943
100,https://www.gempundit.com/gemstones/kyanite/blue-kyanite-gp57899
101,https://www.gempundit.com/gemstones/kyanite/blue-kyanite-gp57773
102,https://www.gempundit.com/gemstones/kyanite/blue-kyanite-gp78735
103,https://www.gempundit.com/gemstones/kyanite/blue-kyanite-gp78731
104,https://www.gempundit.com/gemstones/kyanite/blue-kyanite-gp57958
105,https://www.gempundit.com/gemstones/kyanite/blue-kyanite-gp57788
106,https://www.gempundit.com/gemstones/kyanite/blue-kyanite-gp57966
107,https://www.gempundit.com/gemstones/kyanite/blue-kyanite-gp57774
108,https://www.gempundit.com/gemstones/kyanite/blue-kyanite-gp53915
109,https://www.gempundit.com/gemstones/kyanite/blue-kyanite-gp78730
110,https://www.gempundit.com/gemstones/kyanite/blue-kyanite-gp57865
111,https://www.gempundit.com/gemstones/kyanite/blue-kyanite-gp53916
112,https://www.gempundit.com/gemstones/kyanite/green-kyanite-gp65576
113,https://www.gempundit.com/gemstones/kyanite/blue-kyanite-gp78733
114,https://www.gempundit.com/gemstones/kyanite/blue-kyanite-gp57967
115,https://www.gempundit.com/gemstones/kyanite/green-kyanite-gp65632
116,https://www.gempundit.com/gemstones/kyanite/green-kyanite-gp65596
117,https://www.gempundit.com/gemstones/kyanite/green-kyanite-gp65570
118,https://www.gempundit.com/gemstones/kyanite/blue-kyanite-gp57819
119,https://www.gempundit.com/gemstones/kyanite/blue-kyanite-gp78736
120,https://www.gempundit.com/gemstones/kyanite/blue-kyanite-gp57957
121,https://www.gempundit.com/gemstones/kyanite/blue-kyanite-gp57932
122,https://www.gempundit.com/gemstones/kyanite/blue-kyanite-gp57972
123,https://www.gempundit.com/gemstones/kyanite/blue-kyanite-gp57886
124,https://www.gempundit.com/gemstones/kyanite/blue-kyanite-gp57780
125,https://www.gempundit.com/gemstones/kyanite/blue-kyanite-gp78744
126,https://www.gempundit.com/gemstones/kyanite/kyanite-gp87003
127,https://www.gempundit.com/gemstones/kyanite/green-kyanite-gp65578
128,https://www.gempundit.com/gemstones/kyanite/blue-kyanite-gp57895
129,https://www.gempundit.com/gemstones/kyanite/green-kyanite-gp65626
130,https://www.gempundit.com/gemstones/kyanite/blue-kyanite-gp53904
131,https://www.gempundit.com/gemstones/kyanite/blue-kyanite-gp53900
132,https://www.gempundit.com/gemstones/kyanite/blue-kyanite-gp57947
133,https://www.gempundit.com/gemstones/kyanite/green-kyanite-gp65625
134,https://www.gempundit.com/gemstones/kyanite/blue-kyanite-gp57963
135,https://www.gempundit.com/gemstones/kyanite/blue-kyanite-gp57944
136,https://www.gempundit.com/gemstones/kyanite/blue-kyanite-gp57808
137,https://www.gempundit.com/gemstones/kyanite/blue-kyanite-gp57970
138,https://www.gempundit.com/gemstones/kyanite/blue-kyanite-gp57969
139,https://www.gempundit.com/gemstones/kyanite/green-kyanite-gp65601
140,https://www.gempundit.com/gemstones/kyanite/blue-kyanite-gp57946
141,https://www.gempundit.com/gemstones/kyanite/blue-kyanite-gp53907
142,https://www.gempundit.com/gemstones/kyanite/green-kyanite-gp65571
143,https://www.gempundit.com/gemstones/kyanite/green-kyanite-gp65617
144,https://www.gempundit.com/gemstones/kyanite/blue-kyanite-gp57939
145,https://www.gempundit.com/gemstones/kyanite/blue-kyanite-gp57900
146,https://www.gempundit.com/gemstones/kyanite/blue-kyanite-gp57797
147,https://www.gempundit.com/gemstones/kyanite/blue-kyanite-gp57769
148,https://www.gempundit.com/gemstones/kyanite/blue-kyanite-gp57955
149,https://www.gempundit.com/gemstones/kyanite/blue-kyanite-gp57949
150,https://www.gempundit.com/gemstones/kyanite/blue-kyanite-gp57945
151,https://www.gempundit.com/gemstones/kyanite/blue-kyanite-gp57938
152,https://www.gempundit.com/gemstones/kyanite/kyanite-gp87007
153,https://www.gempundit.com/gemstones/kyanite/green-kyanite-gp65568
154,https://www.gempundit.com/gemstones/kyanite/green-kyanite-gp65629
155,https://www.gempundit.com/gemstones/kyanite/green-kyanite-gp65566
156,https://www.gempundit.com/gemstones/kyanite/blue-kyanite-gp57942
157,https://www.gempundit.com/gemstones/kyanite/green-kyanite-gp65577
158,https://www.gempundit.com/gemstones/kyanite/green-kyanite-gp65592
159,https://www.gempundit.com/gemstones/kyanite/green-kyanite-gp65618
160,https://www.gempundit.com/gemstones/kyanite/green-kyanite-gp65603
161,https://www.gempundit.com/gemstones/kyanite/blue-kyanite-gp57935
162,https://www.gempundit.com/gemstones/kyanite/blue-kyanite-gp57931
163,https://www.gempundit.com/gemstones/kyanite/kyanite-gp85100
164,https://www.gempundit.com/gemstones/kyanite/green-kyanite-gp65604
165,https://www.gempundit.com/gemstones/kyanite/kyanite-gp85105
166,https://www.gempundit.com/gemstones/kyanite/green-kyanite-gp65631
167,https://www.gempundit.com/gemstones/kyanite/blue-kyanite-gp57782
168,https://www.gempundit.com/gemstones/kyanite/green-kyanite-gp65633
169,https://www.gempundit.com/gemstones/kyanite/green-kyanite-gp65616
170,https://www.gempundit.com/gemstones/kyanite/blue-kyanite-gp57916
171,https://www.gempundit.com/gemstones/kyanite/blue-kyanite-gp57848
172,https://www.gempundit.com/gemstones/kyanite/blue-kyanite-gp27802
173,https://www.gempundit.com/gemstones/kyanite/blue-kyanite-gp57991
174,https://www.gempundit.com/gemstones/kyanite/blue-kyanite-gp57954
175,https://www.gempundit.com/gemstones/kyanite/blue-kyanite-gp57821
176,https://www.gempundit.com/gemstones/kyanite/kyanite-gp85106
177,https://www.gempundit.com/gemstones/kyanite/blue-kyanite-gp57933
178,https://www.gempundit.com/gemstones/kyanite/blue-kyanite-gp12273
179,https://www.gempundit.com/gemstones/kyanite/green-kyanite-gp65594
180,https://www.gempundit.com/gemstones/kyanite/blue-kyanite-gp27789
181,https://www.gempundit.com/gemstones/kyanite/green-kyanite-gp65619
182,https://www.gempundit.com/gemstones/kyanite/blue-kyanite-gp57976
183,https://www.gempundit.com/gemstones/kyanite/blue-kyanite-gp57890
184,https://www.gempundit.com/gemstones/kyanite/blue-kyanite-gp57960
185,https://www.gempundit.com/gemstones/kyanite/blue-kyanite-gp17947
186,https://www.gempundit.com/gemstones/kyanite/kyanite-gp85108
187,https://www.gempundit.com/gemstones/kyanite/blue-kyanite-gp57834
188,https://www.gempundit.com/gemstones/kyanite/green-kyanite-gp65600
189,https://www.gempundit.com/gemstones/kyanite/blue-kyanite-gp57934
190,https://www.gempundit.com/gemstones/kyanite/blue-kyanite-gp57801
191,https://www.gempundit.com/gemstones/kyanite/blue-kyanite-gp57800
192,https://www.gempundit.com/gemstones/kyanite/blue-kyanite-gp17946
193,https://www.gempundit.com/gemstones/kyanite/blue-kyanite-gp57811
194,https://www.gempundit.com/gemstones/kyanite/blue-kyanite-gp12280
195,https://www.gempundit.com/gemstones/kyanite/kyanite-gp85107
196,https://www.gempundit.com/gemstones/kyanite/green-kyanite-gp65630
197,https://www.gempundit.com/gemstones/kyanite/blue-kyanite-gp57879
198,https://www.gempundit.com/gemstones/kyanite/blue-kyanite-gp57857
199,https://www.gempundit.com/gemstones/kyanite/green-kyanite-gp65627
200,https://www.gempundit.com/gemstones/kyanite/green-kyanite-gp65595
201,https://www.gempundit.com/gemstones/kyanite/blue-kyanite-gp57965
202,https://www.gempundit.com/gemstones/kyanite/green-kyanite-gp65622
203,https://www.gempundit.com/gemstones/kyanite/green-kyanite-gp65597
204,https://www.gempundit.com/gemstones/kyanite/kyanite-gp85101
205,https://www.gempundit.com/gemstones/kyanite/green-kyanite-gp65590
206,https://www.gempundit.com/gemstones/kyanite/blue-kyanite-gp57839
207,https://www.gempundit.com/gemstones/kyanite/blue-kyanite-gp57902
208,https://www.gempundit.com/gemstones/kyanite/green-kyanite-gp65628
209,https://www.gempundit.com/gemstones/kyanite/blue-kyanite-gp57896
210,https://www.gempundit.com/gemstones/kyanite/green-kyanite-gp65623
211,https://www.gempundit.com/gemstones/kyanite/blue-kyanite-gp57992
212,https://www.gempundit.com/gemstones/kyanite/blue-kyanite-gp56145
213,https://www.gempundit.com/gemstones/kyanite/green-kyanite-gp65572
214,https://www.gempundit.com/gemstones/kyanite/blue-kyanite-gp57807
215,https://www.gempundit.com/gemstones/kyanite/green-kyanite-gp65637
216,https://www.gempundit.com/gemstones/kyanite/green-kyanite-gp65612
217,https://www.gempundit.com/gemstones/kyanite/blue-kyanite-gp57953
218,https://www.gempundit.com/gemstones/kyanite/green-kyanite-gp65593
219,https://www.gempundit.com/gemstones/kyanite/blue-kyanite-gp57989
220,https://www.gempundit.com/gemstones/kyanite/blue-kyanite-gp78727
221,https://www.gempundit.com/gemstones/kyanite/green-kyanite-gp65573
222,https://www.gempundit.com/gemstones/kyanite/kyanite-gp87023
223,https://www.gempundit.com/gemstones/kyanite/kyanite-gp85102
224,https://www.gempundit.com/gemstones/kyanite/green-kyanite-gp65614
225,https://www.gempundit.com/gemstones/kyanite/green-kyanite-gp65569
226,https://www.gempundit.com/gemstones/kyanite/blue-kyanite-gp57971
227,https://www.gempundit.com/gemstones/kyanite/blue-kyanite-gp57837
228,https://www.gempundit.com/gemstones/kyanite/blue-kyanite-gp65642
229,https://www.gempundit.com/gemstones/kyanite/blue-kyanite-gp56215
230,https://www.gempundit.com/gemstones/kyanite/blue-kyanite-gp78726
231,https://www.gempundit.com/gemstones/kyanite/green-kyanite-gp65615
232,https://www.gempundit.com/gemstones/kyanite/blue-kyanite-gp65643
233,https://www.gempundit.com/gemstones/kyanite/green-kyanite-gp65624
234,https://www.gempundit.com/gemstones/kyanite/blue-kyanite-gp56216
235,https://www.gempundit.com/gemstones/kyanite/blue-kyanite-gp57981
236,https://www.gempundit.com/gemstones/kyanite/blue-kyanite-gp12278
237,https://www.gempundit.com/gemstones/kyanite/blue-kyanite-gp56229
238,https://www.gempundit.com/gemstones/kyanite/blue-kyanite-gp12283
239,https://www.gempundit.com/gemstones/kyanite/blue-kyanite-gp66555
240,https://www.gempundit.com/gemstones/kyanite/green-kyanite-gp65620
241,https://www.gempundit.com/gemstones/kyanite/blue-kyanite-gp57997
242,https://www.gempundit.com/gemstones/kyanite/blue-kyanite-gp56133
243,https://www.gempundit.com/gemstones/kyanite/blue-kyanite-gp56231
244,https://www.gempundit.com/gemstones/kyanite/green-kyanite-gp65567
245,https://www.gempundit.com/gemstones/kyanite/orange-kyanite-gp65558
246,https://www.gempundit.com/gemstones/kyanite/green-kyanite-gp65591
247,https://www.gempundit.com/gemstones/kyanite/blue-kyanite-gp56212
248,https://www.gempundit.com/gemstones/kyanite/green-kyanite-gp65605
249,https://www.gempundit.com/gemstones/kyanite/green-kyanite-gp65602
250,https://www.gempundit.com/gemstones/kyanite/blue-kyanite-gp58002
251,https://www.gempundit.com/gemstones/kyanite/blue-kyanite-gp57994
252,https://www.gempundit.com/gemstones/kyanite/blue-kyanite-gp57983
253,https://www.gempundit.com/gemstones/kyanite/blue-kyanite-gp57977
254,https://www.gempundit.com/gemstones/kyanite/green-kyanite-gp65613
255,https://www.gempundit.com/gemstones/kyanite/blue-kyanite-gp56139
256,https://www.gempundit.com/gemstones/kyanite/kyanite-gp62018
257,https://www.gempundit.com/gemstones/kyanite/blue-kyanite-gp57998
258,https://www.gempundit.com/gemstones/kyanite/blue-kyanite-gp57996
259,https://www.gempundit.com/gemstones/kyanite/blue-kyanite-gp57985
260,https://www.gempundit.com/gemstones/kyanite/blue-kyanite-gp57980
261,https://www.gempundit.com/gemstones/kyanite/orange-kyanite-gp65556
262,https://www.gempundit.com/gemstones/kyanite/blue-kyanite-gp56207
263,https://www.gempundit.com/gemstones/kyanite/green-kyanite-gp65621
264,https://www.gempundit.com/gemstones/kyanite/kyanite-gp85099
265,https://www.gempundit.com/gemstones/kyanite/green-kyanite-gp65575
266,https://www.gempundit.com/gemstones/kyanite/blue-kyanite-gp27796
267,https://www.gempundit.com/gemstones/kyanite/blue-kyanite-gp12290
268,https://www.gempundit.com/gemstones/kyanite/blue-kyanite-gp56225
269,https://www.gempundit.com/gemstones/kyanite/blue-kyanite-gp56143
270,https://www.gempundit.com/gemstones/kyanite/blue-kyanite-gp56169
271,https://www.gempundit.com/gemstones/kyanite/blue-kyanite-gp27779
272,https://www.gempundit.com/gemstones/kyanite/blue-kyanite-gp56213
273,https://www.gempundit.com/gemstones/kyanite/blue-kyanite-gp56209
274,https://www.gempundit.com/gemstones/kyanite/blue-kyanite-gp57987
275,https://www.gempundit.com/gemstones/kyanite/blue-kyanite-gp56141
276,https://www.gempundit.com/gemstones/kyanite/blue-kyanite-gp57986
277,https://www.gempundit.com/gemstones/kyanite/blue-kyanite-gp56210
278,https://www.gempundit.com/gemstones/kyanite/kyanite-gp62020
279,https://www.gempundit.com/gemstones/kyanite/orange-kyanite-gp65554
280,https://www.gempundit.com/gemstones/kyanite/blue-kyanite-gp66562
281,https://www.gempundit.com/gemstones/kyanite/blue-kyanite-gp56230
282,https://www.gempundit.com/gemstones/kyanite/kyanite-gp27797
283,https://www.gempundit.com/gemstones/kyanite/kyanite-gp87019
284,https://www.gempundit.com/gemstones/kyanite/kyanite-gp85103
285,https://www.gempundit.com/gemstones/kyanite/blue-kyanite-gp78723
286,https://www.gempundit.com/gemstones/kyanite/blue-kyanite-gp56167
287,https://www.gempundit.com/gemstones/kyanite/blue-kyanite-gp56224
288,https://www.gempundit.com/gemstones/kyanite/green-kyanite-gp65565
289,https://www.gempundit.com/gemstones/kyanite/blue-kyanite-gp57984
290,https://www.gempundit.com/gemstones/kyanite/kyanite-gp87022
291,https://www.gempundit.com/gemstones/kyanite/blue-kyanite-gp56223
292,https://www.gempundit.com/gemstones/kyanite/blue-kyanite-gp56168
293,https://www.gempundit.com/gemstones/kyanite/blue-kyanite-gp65639
294,https://www.gempundit.com/gemstones/kyanite/blue-kyanite-gp56233
295,https://www.gempundit.com/gemstones/kyanite/blue-kyanite-gp56205
296,https://www.gempundit.com/gemstones/kyanite/blue-kyanite-gp57990
297,https://www.gempundit.com/gemstones/kyanite/kyanite-gp87020
298,https://www.gempundit.com/gemstones/kyanite/blue-kyanite-gp66549
299,https://www.gempundit.com/gemstones/kyanite/blue-kyanite-gp65641
300,https://www.gempundit.com/gemstones/kyanite/green-kyanite-gp65584
301,https://www.gempundit.com/gemstones/kyanite/blue-kyanite-gp27811
302,https://www.gempundit.com/gemstones/kyanite/orange-kyanite-gp65561
303,https://www.gempundit.com/gemstones/kyanite/blue-kyanite-gp57988
304,https://www.gempundit.com/gemstones/kyanite/kyanite-gp87021
305,https://www.gempundit.com/gemstones/kyanite/blue-kyanite-gp56228
306,https://www.gempundit.com/gemstones/kyanite/blue-kyanite-gp57999
307,https://www.gempundit.com/gemstones/kyanite/blue-kyanite-gp58001
308,https://www.gempundit.com/gemstones/kyanite/blue-kyanite-gp56217
309,https://www.gempundit.com/gemstones/kyanite/blue-kyanite-gp56144
310,https://www.gempundit.com/gemstones/kyanite/blue-kyanite-gp56132
311,https://www.gempundit.com/gemstones/kyanite/blue-kyanite-gp56234
312,https://www.gempundit.com/gemstones/kyanite/blue-kyanite-gp56140
313,https://www.gempundit.com/gemstones/kyanite/blue-kyanite-gp78722
314,https://www.gempundit.com/gemstones/kyanite/blue-kyanite-gp57978
315,https://www.gempundit.com/gemstones/kyanite/blue-kyanite-gp56142
316,https://www.gempundit.com/gemstones/kyanite/blue-kyanite-gp56211
317,https://www.gempundit.com/gemstones/kyanite/blue-kyanite-gp66560
318,https://www.gempundit.com/gemstones/kyanite/blue-kyanite-gp56159
319,https://www.gempundit.com/gemstones/kyanite/green-kyanite-gp65611
320,https://www.gempundit.com/gemstones/kyanite/blue-kyanite-gp56164
321,https://www.gempundit.com/gemstones/kyanite/orange-kyanite-gp65560
322,https://www.gempundit.com/gemstones/kyanite/blue-kyanite-gp56137
323,https://www.gempundit.com/gemstones/kyanite/blue-kyanite-gp66554
324,https://www.gempundit.com/gemstones/kyanite/green-kyanite-gp65580
325,https://www.gempundit.com/gemstones/kyanite/blue-kyanite-gp57995
326,https://www.gempundit.com/gemstones/kyanite/blue-kyanite-gp56162
327,https://www.gempundit.com/gemstones/kyanite/blue-kyanite-gp56157
328,https://www.gempundit.com/gemstones/kyanite/kyanite-gp87027
329,https://www.gempundit.com/gemstones/kyanite/green-kyanite-gp65599
330,https://www.gempundit.com/gemstones/kyanite/orange-kyanite-gp65562
331,https://www.gempundit.com/gemstones/kyanite/blue-kyanite-gp56221
332,https://www.gempundit.com/gemstones/kyanite/blue-kyanite-gp66546
333,https://www.gempundit.com/gemstones/kyanite/blue-kyanite-gp56163
334,https://www.gempundit.com/gemstones/kyanite/blue-kyanite-gp56220
335,https://www.gempundit.com/gemstones/kyanite/blue-kyanite-gp57671
336,https://www.gempundit.com/gemstones/kyanite/blue-kyanite-gp56165
337,https://www.gempundit.com/gemstones/kyanite/blue-kyanite-gp65640
338,https://www.gempundit.com/gemstones/kyanite/blue-kyanite-gp57661
339,https://www.gempundit.com/gemstones/kyanite/kyanite-gp87028
340,https://www.gempundit.com/gemstones/kyanite/blue-kyanite-gp56191
341,https://www.gempundit.com/gemstones/kyanite/blue-kyanite-gp56222
342,https://www.gempundit.com/gemstones/kyanite/blue-kyanite-gp56179
343,https://www.gempundit.com/gemstones/kyanite/kyanite-gp87024
344,https://www.gempundit.com/gemstones/kyanite/blue-kyanite-gp59751
345,https://www.gempundit.com/gemstones/kyanite/kyanite-gp87032
346,https://www.gempundit.com/gemstones/kyanite/blue-kyanite-gp56160
347,https://www.gempundit.com/gemstones/kyanite/blue-kyanite-gp57660
348,https://www.gempundit.com/gemstones/kyanite/kyanite-gp85104
349,https://www.gempundit.com/gemstones/kyanite/blue-kyanite-gp66548
350,https://www.gempundit.com/gemstones/kyanite/blue-kyanite-gp66552
351,https://www.gempundit.com/gemstones/kyanite/blue-kyanite-gp57668
352,https://www.gempundit.com/gemstones/kyanite/blue-kyanite-gp56200
353,https://www.gempundit.com/gemstones/kyanite/blue-kyanite-gp56201
354,https://www.gempundit.com/gemstones/kyanite/blue-kyanite-gp27805
355,https://www.gempundit.com/gemstones/kyanite/blue-kyanite-gp56198
356,https://www.gempundit.com/gemstones/kyanite/blue-kyanite-gp56161
357,https://www.gempundit.com/gemstones/kyanite/blue-kyanite-gp56136
358,https://www.gempundit.com/gemstones/kyanite/blue-kyanite-gp56199
359,https://www.gempundit.com/gemstones/kyanite/blue-kyanite-gp56175
360,https://www.gempundit.com/gemstones/kyanite/blue-kyanite-gp56197
361,https://www.gempundit.com/gemstones/kyanite/blue-kyanite-gp56156
362,https://www.gempundit.com/gemstones/kyanite/blue-kyanite-gp78721
363,https://www.gempundit.com/gemstones/kyanite/green-kyanite-gp65610
364,https://www.gempundit.com/gemstones/kyanite/green-kyanite-gp65598
365,https://www.gempundit.com/gemstones/kyanite/blue-kyanite-gp56193
366,https://www.gempundit.com/gemstones/kyanite/kyanite-gp87013
367,https://www.gempundit.com/gemstones/kyanite/blue-kyanite-gp57665
368,https://www.gempundit.com/gemstones/kyanite/kyanite-gp87030
369,https://www.gempundit.com/gemstones/kyanite/blue-kyanite-gp66558
370,https://www.gempundit.com/gemstones/kyanite/orange-kyanite-gp65559
371,https://www.gempundit.com/gemstones/kyanite/blue-kyanite-gp56155
372,https://www.gempundit.com/gemstones/kyanite/blue-kyanite-gp56153
373,https://www.gempundit.com/gemstones/kyanite/blue-kyanite-gp66545
374,https://www.gempundit.com/gemstones/kyanite/green-kyanite-gp65564
375,https://www.gempundit.com/gemstones/kyanite/blue-kyanite-gp56174
376,https://www.gempundit.com/gemstones/kyanite/kyanite-gp62019
377,https://www.gempundit.com/gemstones/kyanite/kyanite-gp87018
378,https://www.gempundit.com/gemstones/kyanite/blue-kyanite-gp12270
379,https://www.gempundit.com/gemstones/kyanite/blue-kyanite-gp66553
380,https://www.gempundit.com/gemstones/kyanite/green-kyanite-gp65608
381,https://www.gempundit.com/gemstones/kyanite/blue-kyanite-gp56192
382,https://www.gempundit.com/gemstones/kyanite/blue-kyanite-gp56135
383,https://www.gempundit.com/gemstones/kyanite/blue-kyanite-gp56152
384,https://www.gempundit.com/gemstones/kyanite/kyanite-gp62017
385,https://www.gempundit.com/gemstones/kyanite/blue-kyanite-gp66550
386,https://www.gempundit.com/gemstones/kyanite/blue-kyanite-gp56189
387,https://www.gempundit.com/gemstones/kyanite/blue-kyanite-gp57663
388,https://www.gempundit.com/gemstones/kyanite/kyanite-gp87014
389,https://www.gempundit.com/gemstones/kyanite/orange-kyanite-gp65555
390,https://www.gempundit.com/gemstones/kyanite/blue-kyanite-gp56195
391,https://www.gempundit.com/gemstones/kyanite/blue-kyanite-gp57658
392,https://www.gempundit.com/gemstones/kyanite/blue-kyanite-gp56196
393,https://www.gempundit.com/gemstones/kyanite/blue-kyanite-gp56190
394,https://www.gempundit.com/gemstones/kyanite/blue-kyanite-gp56150
395,https://www.gempundit.com/gemstones/kyanite/blue-kyanite-gp56187
396,https://www.gempundit.com/gemstones/kyanite/blue-kyanite-gp78720
397,https://www.gempundit.com/gemstones/kyanite/blue-kyanite-gp78719
398,https://www.gempundit.com/gemstones/kyanite/blue-kyanite-gp66557
399,https://www.gempundit.com/gemstones/kyanite/green-kyanite-gp65583
400,https://www.gempundit.com/gemstones/kyanite/blue-kyanite-gp56185
401,https://www.gempundit.com/gemstones/kyanite/blue-kyanite-gp78718
402,https://www.gempundit.com/gemstones/kyanite/blue-kyanite-gp56181
403,https://www.gempundit.com/gemstones/kyanite/blue-kyanite-gp59750
404,https://www.gempundit.com/gemstones/kyanite/blue-kyanite-gp66563
405,https://www.gempundit.com/gemstones/kyanite/kyanite-gp87009
406,https://www.gempundit.com/gemstones/kyanite/blue-kyanite-gp59759
407,https://www.gempundit.com/gemstones/kyanite/kyanite-gp87029
408,https://www.gempundit.com/gemstones/kyanite/kyanite-gp87012
409,https://www.gempundit.com/gemstones/kyanite/kyanite-gp87034
410,https://www.gempundit.com/gemstones/kyanite/kyanite-gp87031
411,https://www.gempundit.com/gemstones/kyanite/blue-kyanite-gp56184
412,https://www.gempundit.com/gemstones/kyanite/kyanite-gp87035
413,https://www.gempundit.com/gemstones/kyanite/blue-kyanite-gp59745
414,https://www.gempundit.com/gemstones/kyanite/blue-kyanite-gp27808
415,https://www.gempundit.com/gemstones/kyanite/green-kyanite-gp65606
416,https://www.gempundit.com/gemstones/kyanite/blue-kyanite-gp59748
417,https://www.gempundit.com/gemstones/kyanite/blue-kyanite-gp66570
418,https://www.gempundit.com/gemstones/kyanite/blue-kyanite-gp59749
419,https://www.gempundit.com/gemstones/kyanite/blue-kyanite-gp59742
420,https://www.gempundit.com/gemstones/kyanite/blue-kyanite-gp66564
421,https://www.gempundit.com/gemstones/kyanite/blue-kyanite-gp59754
422,https://www.gempundit.com/gemstones/kyanite/blue-kyanite-gp59755
423,https://www.gempundit.com/gemstones/kyanite/blue-kyanite-gp66569
424,https://www.gempundit.com/gemstones/kyanite/blue-kyanite-gp66567
425,https://www.gempundit.com/gemstones/kyanite/blue-kyanite-gp59747
426,https://www.gempundit.com/gemstones/kyanite/blue-kyanite-gp59758
427,https://www.gempundit.com/gemstones/kyanite/blue-kyanite-gp59756
428,https://www.gempundit.com/gemstones/kyanite/blue-kyanite-gp59743
