,Lemon Quartz
0,https://www.gempundit.com/gemstones/lemon-quartz/lemon-quartz-gp133896
1,https://www.gempundit.com/gemstones/lemon-quartz/lemon-quartz-gp133885
2,https://www.gempundit.com/gemstones/lemon-quartz/lemon-quartz-gp67751
3,https://www.gempundit.com/gemstones/lemon-quartz/lemon-quartz-gp103713
4,https://www.gempundit.com/gemstones/lemon-quartz/lemon-quartz-gp133893
5,https://www.gempundit.com/gemstones/lemon-quartz/lemon-quartz-gp103705
6,https://www.gempundit.com/gemstones/lemon-quartz/lemon-quartz-gp103707
7,https://www.gempundit.com/gemstones/lemon-quartz/lemon-quartz-gp103709
8,https://www.gempundit.com/gemstones/lemon-quartz/lemon-quartz-gp67770
9,https://www.gempundit.com/gemstones/lemon-quartz/lemon-quartz-gp133887
10,https://www.gempundit.com/gemstones/lemon-quartz/lemon-quartz-gp67767
11,https://www.gempundit.com/gemstones/lemon-quartz/lemon-quartz-gp67759
12,https://www.gempundit.com/gemstones/lemon-quartz/lemon-quartz-gp67755
13,https://www.gempundit.com/gemstones/lemon-quartz/lemon-quartz-gp67745
14,https://www.gempundit.com/gemstones/lemon-quartz/lemon-quartz-gp67769
15,https://www.gempundit.com/gemstones/lemon-quartz/lemon-quartz-gp67741
16,https://www.gempundit.com/gemstones/lemon-quartz/lemon-quartz-gp67758
17,https://www.gempundit.com/gemstones/lemon-quartz/lemon-quartz-gp67749
18,https://www.gempundit.com/gemstones/lemon-quartz/lemon-quartz-gp67757
19,https://www.gempundit.com/gemstones/lemon-quartz/lemon-quartz-gp103714
20,https://www.gempundit.com/gemstones/lemon-quartz/lemon-quartz-gp103706
21,https://www.gempundit.com/gemstones/lemon-quartz/lemon-quartz-gp67746
22,https://www.gempundit.com/gemstones/lemon-quartz/lemon-quartz-gp67761
23,https://www.gempundit.com/gemstones/lemon-quartz/lemon-quartz-gp67784
24,https://www.gempundit.com/gemstones/lemon-quartz/lemon-quartz-gp67756
25,https://www.gempundit.com/gemstones/lemon-quartz/lemon-quartz-gp67760
26,https://www.gempundit.com/gemstones/lemon-quartz/lemon-quartz-gp67785
27,https://www.gempundit.com/gemstones/lemon-quartz/lemon-quartz-gp67735
28,https://www.gempundit.com/gemstones/lemon-quartz/lemon-quartz-gp67742
29,https://www.gempundit.com/gemstones/lemon-quartz/lemon-quartz-gp67754
30,https://www.gempundit.com/gemstones/lemon-quartz/lemon-quartz-gp67762
31,https://www.gempundit.com/gemstones/lemon-quartz/lemon-quartz-gp67768
32,https://www.gempundit.com/gemstones/lemon-quartz/lemon-quartz-gp67737
33,https://www.gempundit.com/gemstones/lemon-quartz/lemon-quartz-gp133883
34,https://www.gempundit.com/gemstones/lemon-quartz/lemon-quartz-gp67766
35,https://www.gempundit.com/gemstones/lemon-quartz/lemon-quartz-gp67748
36,https://www.gempundit.com/gemstones/lemon-quartz/lemon-quartz-gp133888
37,https://www.gempundit.com/gemstones/lemon-quartz/lemon-quartz-gp133894
38,https://www.gempundit.com/gemstones/lemon-quartz/lemon-quartz-gp67753
39,https://www.gempundit.com/gemstones/lemon-quartz/lemon-quartz-gp67747
40,https://www.gempundit.com/gemstones/lemon-quartz/lemon-quartz-gp67734
41,https://www.gempundit.com/gemstones/lemon-quartz/lemon-quartz-gp133884
42,https://www.gempundit.com/gemstones/lemon-quartz/lemon-quartz-gp67763
43,https://www.gempundit.com/gemstones/lemon-quartz/lemon-quartz-gp133889
44,https://www.gempundit.com/gemstones/lemon-quartz/lemon-quartz-gp67738
45,https://www.gempundit.com/gemstones/lemon-quartz/lemon-quartz-gp133897
46,https://www.gempundit.com/gemstones/lemon-quartz/lemon-quartz-gp67743
47,https://www.gempundit.com/gemstones/lemon-quartz/lemon-quartz-gp133895
48,https://www.gempundit.com/gemstones/lemon-quartz/lemon-quartz-gp133892
49,https://www.gempundit.com/gemstones/lemon-quartz/lemon-quartz-gp103708
50,https://www.gempundit.com/gemstones/lemon-quartz/lemon-quartz-gp133891
51,https://www.gempundit.com/gemstones/lemon-quartz/lemon-quartz-gp67764
52,https://www.gempundit.com/gemstones/lemon-quartz/lemon-quartz-gp67732
53,https://www.gempundit.com/gemstones/lemon-quartz/lemon-quartz-gp133898
54,https://www.gempundit.com/gemstones/lemon-quartz/lemon-quartz-gp67733
55,https://www.gempundit.com/gemstones/lemon-quartz/lemon-quartz-gp133890
56,https://www.gempundit.com/gemstones/lemon-quartz/lemon-quartz-gp67730
57,https://www.gempundit.com/gemstones/lemon-quartz/lemon-quartz-gp67731
58,https://www.gempundit.com/gemstones/lemon-quartz/lemon-quartz-gp103715
59,https://www.gempundit.com/gemstones/lemon-quartz/lemon-quartz-gp49127
60,https://www.gempundit.com/gemstones/lemon-quartz/lemon-quartz-gp103710
61,https://www.gempundit.com/gemstones/lemon-quartz/lemon-quartz-gp67728
62,https://www.gempundit.com/gemstones/lemon-quartz/lemon-quartz-gp67726
63,https://www.gempundit.com/gemstones/lemon-quartz/lemon-quartz-gp67724
64,https://www.gempundit.com/gemstones/lemon-quartz/lemon-quartz-gp67727
65,https://www.gempundit.com/gemstones/lemon-quartz/lemon-quartz-gp67729
66,https://www.gempundit.com/gemstones/lemon-quartz/lemon-quartz-gp67723
67,https://www.gempundit.com/gemstones/lemon-quartz/lemon-quartz-gp126080
68,https://www.gempundit.com/gemstones/lemon-quartz/lemon-quartz-gp103729
69,https://www.gempundit.com/gemstones/lemon-quartz/lemon-quartz-gp119176
70,https://www.gempundit.com/gemstones/lemon-quartz/lemon-quartz-gp126085
71,https://www.gempundit.com/gemstones/lemon-quartz/lemon-quartz-gp126082
72,https://www.gempundit.com/gemstones/lemon-quartz/lemon-quartz-gp126083
73,https://www.gempundit.com/gemstones/lemon-quartz/lemon-quartz-gp126084
74,https://www.gempundit.com/gemstones/lemon-quartz/lemon-quartz-gp119177
75,https://www.gempundit.com/gemstones/lemon-quartz/lemon-quartz-gp126081
76,https://www.gempundit.com/gemstones/lemon-quartz/lemon-quartz-gp119175
