,Moldavite
0,https://www.gempundit.com/gemstones/moldavite/moldavite-gp66932
1,https://www.gempundit.com/gemstones/moldavite/moldavite-gp66967
2,https://www.gempundit.com/gemstones/moldavite/moldavite-gp66965
3,https://www.gempundit.com/gemstones/moldavite/moldavite-gp64379
4,https://www.gempundit.com/gemstones/moldavite/moldavite-gp64373
5,https://www.gempundit.com/gemstones/moldavite/moldavite-gp64333
6,https://www.gempundit.com/gemstones/moldavite/moldavite-gp64332
7,https://www.gempundit.com/gemstones/moldavite/moldavite-gp64327
8,https://www.gempundit.com/gemstones/moldavite/moldavite-gp64316
9,https://www.gempundit.com/gemstones/moldavite/moldavite-gp64290
10,https://www.gempundit.com/gemstones/moldavite/moldavite-gp64277
11,https://www.gempundit.com/gemstones/moldavite/moldavite-gp70187
12,https://www.gempundit.com/gemstones/moldavite/moldavite-gp70182
13,https://www.gempundit.com/gemstones/moldavite/moldavite-gp70178
14,https://www.gempundit.com/gemstones/moldavite/moldavite-gp70176
15,https://www.gempundit.com/gemstones/moldavite/moldavite-gp70174
16,https://www.gempundit.com/gemstones/moldavite/moldavite-gp70173
17,https://www.gempundit.com/gemstones/moldavite/moldavite-gp70172
18,https://www.gempundit.com/gemstones/moldavite/moldavite-gp70171
19,https://www.gempundit.com/gemstones/moldavite/moldavite-gp70170
20,https://www.gempundit.com/gemstones/moldavite/moldavite-gp70168
21,https://www.gempundit.com/gemstones/moldavite/moldavite-gp70167
22,https://www.gempundit.com/gemstones/moldavite/moldavite-gp70166
23,https://www.gempundit.com/gemstones/moldavite/moldavite-gp70165
24,https://www.gempundit.com/gemstones/moldavite/moldavite-gp70164
25,https://www.gempundit.com/gemstones/moldavite/moldavite-gp70163
26,https://www.gempundit.com/gemstones/moldavite/moldavite-gp70161
27,https://www.gempundit.com/gemstones/moldavite/moldavite-gp70160
28,https://www.gempundit.com/gemstones/moldavite/moldavite-gp70158
29,https://www.gempundit.com/gemstones/moldavite/moldavite-gp70156
30,https://www.gempundit.com/gemstones/moldavite/moldavite-gp70155
31,https://www.gempundit.com/gemstones/moldavite/moldavite-gp70154
32,https://www.gempundit.com/gemstones/moldavite/moldavite-gp70153
33,https://www.gempundit.com/gemstones/moldavite/moldavite-gp70152
34,https://www.gempundit.com/gemstones/moldavite/moldavite-gp70150
35,https://www.gempundit.com/gemstones/moldavite/moldavite-gp70149
36,https://www.gempundit.com/gemstones/moldavite/moldavite-gp70148
37,https://www.gempundit.com/gemstones/moldavite/moldavite-gp70147
38,https://www.gempundit.com/gemstones/moldavite/moldavite-gp70146
39,https://www.gempundit.com/gemstones/moldavite/moldavite-gp70145
40,https://www.gempundit.com/gemstones/moldavite/moldavite-gp70144
41,https://www.gempundit.com/gemstones/moldavite/moldavite-gp70143
42,https://www.gempundit.com/gemstones/moldavite/moldavite-gp70142
43,https://www.gempundit.com/gemstones/moldavite/moldavite-gp70141
44,https://www.gempundit.com/gemstones/moldavite/moldavite-gp70140
45,https://www.gempundit.com/gemstones/moldavite/moldavite-gp70139
46,https://www.gempundit.com/gemstones/moldavite/moldavite-gp70138
47,https://www.gempundit.com/gemstones/moldavite/moldavite-gp70137
48,https://www.gempundit.com/gemstones/moldavite/moldavite-gp70136
49,https://www.gempundit.com/gemstones/moldavite/moldavite-gp70134
50,https://www.gempundit.com/gemstones/moldavite/moldavite-gp70133
51,https://www.gempundit.com/gemstones/moldavite/moldavite-gp70132
52,https://www.gempundit.com/gemstones/moldavite/moldavite-gp70129
53,https://www.gempundit.com/gemstones/moldavite/moldavite-gp70128
54,https://www.gempundit.com/gemstones/moldavite/moldavite-gp70127
55,https://www.gempundit.com/gemstones/moldavite/moldavite-gp70126
56,https://www.gempundit.com/gemstones/moldavite/moldavite-gp70123
57,https://www.gempundit.com/gemstones/moldavite/moldavite-gp70121
58,https://www.gempundit.com/gemstones/moldavite/moldavite-gp70119
59,https://www.gempundit.com/gemstones/moldavite/moldavite-gp70117
60,https://www.gempundit.com/gemstones/moldavite/moldavite-gp70116
61,https://www.gempundit.com/gemstones/moldavite/moldavite-gp70115
62,https://www.gempundit.com/gemstones/moldavite/moldavite-gp70114
63,https://www.gempundit.com/gemstones/moldavite/moldavite-gp70113
64,https://www.gempundit.com/gemstones/moldavite/moldavite-gp70112
65,https://www.gempundit.com/gemstones/moldavite/moldavite-gp70111
66,https://www.gempundit.com/gemstones/moldavite/moldavite-gp70110
67,https://www.gempundit.com/gemstones/moldavite/moldavite-gp70109
68,https://www.gempundit.com/gemstones/moldavite/moldavite-gp70107
69,https://www.gempundit.com/gemstones/moldavite/moldavite-gp70106
70,https://www.gempundit.com/gemstones/moldavite/moldavite-gp70105
71,https://www.gempundit.com/gemstones/moldavite/moldavite-gp70104
72,https://www.gempundit.com/gemstones/moldavite/moldavite-gp70102
73,https://www.gempundit.com/gemstones/moldavite/moldavite-gp70101
74,https://www.gempundit.com/gemstones/moldavite/moldavite-gp70100
75,https://www.gempundit.com/gemstones/moldavite/moldavite-gp70099
76,https://www.gempundit.com/gemstones/moldavite/moldavite-gp70097
77,https://www.gempundit.com/gemstones/moldavite/moldavite-gp70096
78,https://www.gempundit.com/gemstones/moldavite/moldavite-gp70095
79,https://www.gempundit.com/gemstones/moldavite/moldavite-gp70093
80,https://www.gempundit.com/gemstones/moldavite/moldavite-gp70091
81,https://www.gempundit.com/gemstones/moldavite/moldavite-gp70090
82,https://www.gempundit.com/gemstones/moldavite/moldavite-gp70089
83,https://www.gempundit.com/gemstones/moldavite/moldavite-gp70088
84,https://www.gempundit.com/gemstones/moldavite/moldavite-gp70087
85,https://www.gempundit.com/gemstones/moldavite/moldavite-gp70086
86,https://www.gempundit.com/gemstones/moldavite/moldavite-gp70084
87,https://www.gempundit.com/gemstones/moldavite/moldavite-gp70083
88,https://www.gempundit.com/gemstones/moldavite/moldavite-gp70082
89,https://www.gempundit.com/gemstones/moldavite/moldavite-gp70081
90,https://www.gempundit.com/gemstones/moldavite/moldavite-gp70080
91,https://www.gempundit.com/gemstones/moldavite/moldavite-gp70079
92,https://www.gempundit.com/gemstones/moldavite/moldavite-gp70078
93,https://www.gempundit.com/gemstones/moldavite/moldavite-gp70076
94,https://www.gempundit.com/gemstones/moldavite/moldavite-gp70075
95,https://www.gempundit.com/gemstones/moldavite/moldavite-gp70074
96,https://www.gempundit.com/gemstones/moldavite/moldavite-gp70073
97,https://www.gempundit.com/gemstones/moldavite/moldavite-gp70072
98,https://www.gempundit.com/gemstones/moldavite/moldavite-gp70070
99,https://www.gempundit.com/gemstones/moldavite/moldavite-gp70069
100,https://www.gempundit.com/gemstones/moldavite/moldavite-gp70068
101,https://www.gempundit.com/gemstones/moldavite/moldavite-gp70066
102,https://www.gempundit.com/gemstones/moldavite/moldavite-gp70065
103,https://www.gempundit.com/gemstones/moldavite/moldavite-gp70064
104,https://www.gempundit.com/gemstones/moldavite/moldavite-gp70063
105,https://www.gempundit.com/gemstones/moldavite/moldavite-gp70062
106,https://www.gempundit.com/gemstones/moldavite/moldavite-gp70058
107,https://www.gempundit.com/gemstones/moldavite/moldavite-gp70056
108,https://www.gempundit.com/gemstones/moldavite/moldavite-gp70030
109,https://www.gempundit.com/gemstones/moldavite/moldavite-gp70029
110,https://www.gempundit.com/gemstones/moldavite/moldavite-gp70028
111,https://www.gempundit.com/gemstones/moldavite/moldavite-gp70027
112,https://www.gempundit.com/gemstones/moldavite/moldavite-gp70026
113,https://www.gempundit.com/gemstones/moldavite/moldavite-gp70025
114,https://www.gempundit.com/gemstones/moldavite/moldavite-gp70024
115,https://www.gempundit.com/gemstones/moldavite/moldavite-gp70023
116,https://www.gempundit.com/gemstones/moldavite/moldavite-gp70011
117,https://www.gempundit.com/gemstones/moldavite/moldavite-gp70010
118,https://www.gempundit.com/gemstones/moldavite/moldavite-gp70009
119,https://www.gempundit.com/gemstones/moldavite/moldavite-gp70006
120,https://www.gempundit.com/gemstones/moldavite/moldavite-gp70004
121,https://www.gempundit.com/gemstones/moldavite/moldavite-gp70003
122,https://www.gempundit.com/gemstones/moldavite/moldavite-gp70002
123,https://www.gempundit.com/gemstones/moldavite/moldavite-gp70001
124,https://www.gempundit.com/gemstones/moldavite/moldavite-gp70000
125,https://www.gempundit.com/gemstones/moldavite/moldavite-gp69999
126,https://www.gempundit.com/gemstones/moldavite/moldavite-gp69998
127,https://www.gempundit.com/gemstones/moldavite/moldavite-gp69996
128,https://www.gempundit.com/gemstones/moldavite/moldavite-gp69995
129,https://www.gempundit.com/gemstones/moldavite/moldavite-gp69993
130,https://www.gempundit.com/gemstones/moldavite/moldavite-gp69992
131,https://www.gempundit.com/gemstones/moldavite/moldavite-gp69990
132,https://www.gempundit.com/gemstones/moldavite/moldavite-gp69971
133,https://www.gempundit.com/gemstones/moldavite/moldavite-gp69970
134,https://www.gempundit.com/gemstones/moldavite/moldavite-gp69969
135,https://www.gempundit.com/gemstones/moldavite/moldavite-gp69968
136,https://www.gempundit.com/gemstones/moldavite/moldavite-gp69967
137,https://www.gempundit.com/gemstones/moldavite/moldavite-gp69965
138,https://www.gempundit.com/gemstones/moldavite/moldavite-gp69964
139,https://www.gempundit.com/gemstones/moldavite/moldavite-gp69960
140,https://www.gempundit.com/gemstones/moldavite/moldavite-gp69957
141,https://www.gempundit.com/gemstones/moldavite/moldavite-gp69950
142,https://www.gempundit.com/gemstones/moldavite/moldavite-gp69947
143,https://www.gempundit.com/gemstones/moldavite/moldavite-gp70059
144,https://www.gempundit.com/gemstones/moldavite/moldavite-gp70057
145,https://www.gempundit.com/gemstones/moldavite/moldavite-gp70054
146,https://www.gempundit.com/gemstones/moldavite/moldavite-gp70051
147,https://www.gempundit.com/gemstones/moldavite/moldavite-gp70050
148,https://www.gempundit.com/gemstones/moldavite/moldavite-gp70049
149,https://www.gempundit.com/gemstones/moldavite/moldavite-gp70048
150,https://www.gempundit.com/gemstones/moldavite/moldavite-gp70047
151,https://www.gempundit.com/gemstones/moldavite/moldavite-gp70046
152,https://www.gempundit.com/gemstones/moldavite/moldavite-gp70045
153,https://www.gempundit.com/gemstones/moldavite/moldavite-gp70044
154,https://www.gempundit.com/gemstones/moldavite/moldavite-gp70043
155,https://www.gempundit.com/gemstones/moldavite/moldavite-gp70042
156,https://www.gempundit.com/gemstones/moldavite/moldavite-gp70041
157,https://www.gempundit.com/gemstones/moldavite/moldavite-gp70039
158,https://www.gempundit.com/gemstones/moldavite/moldavite-gp70037
159,https://www.gempundit.com/gemstones/moldavite/moldavite-gp70036
160,https://www.gempundit.com/gemstones/moldavite/moldavite-gp70034
161,https://www.gempundit.com/gemstones/moldavite/moldavite-gp70032
162,https://www.gempundit.com/gemstones/moldavite/moldavite-gp70021
163,https://www.gempundit.com/gemstones/moldavite/moldavite-gp70019
164,https://www.gempundit.com/gemstones/moldavite/moldavite-gp70018
165,https://www.gempundit.com/gemstones/moldavite/moldavite-gp70017
166,https://www.gempundit.com/gemstones/moldavite/moldavite-gp70016
167,https://www.gempundit.com/gemstones/moldavite/moldavite-gp70015
168,https://www.gempundit.com/gemstones/moldavite/moldavite-gp70014
169,https://www.gempundit.com/gemstones/moldavite/moldavite-gp70013
170,https://www.gempundit.com/gemstones/moldavite/moldavite-gp70012
171,https://www.gempundit.com/gemstones/moldavite/moldavite-gp69991
172,https://www.gempundit.com/gemstones/moldavite/moldavite-gp69989
173,https://www.gempundit.com/gemstones/moldavite/moldavite-gp69988
174,https://www.gempundit.com/gemstones/moldavite/moldavite-gp69987
175,https://www.gempundit.com/gemstones/moldavite/moldavite-gp69986
176,https://www.gempundit.com/gemstones/moldavite/moldavite-gp69985
177,https://www.gempundit.com/gemstones/moldavite/moldavite-gp69984
178,https://www.gempundit.com/gemstones/moldavite/moldavite-gp69982
179,https://www.gempundit.com/gemstones/moldavite/moldavite-gp69981
180,https://www.gempundit.com/gemstones/moldavite/moldavite-gp69980
181,https://www.gempundit.com/gemstones/moldavite/moldavite-gp69979
182,https://www.gempundit.com/gemstones/moldavite/moldavite-gp69977
183,https://www.gempundit.com/gemstones/moldavite/moldavite-gp69976
184,https://www.gempundit.com/gemstones/moldavite/moldavite-gp69975
185,https://www.gempundit.com/gemstones/moldavite/moldavite-gp69974
186,https://www.gempundit.com/gemstones/moldavite/moldavite-gp69973
187,https://www.gempundit.com/gemstones/moldavite/moldavite-gp69963
188,https://www.gempundit.com/gemstones/moldavite/moldavite-gp69962
189,https://www.gempundit.com/gemstones/moldavite/moldavite-gp69961
190,https://www.gempundit.com/gemstones/moldavite/moldavite-gp69959
191,https://www.gempundit.com/gemstones/moldavite/moldavite-gp69958
192,https://www.gempundit.com/gemstones/moldavite/moldavite-gp69956
193,https://www.gempundit.com/gemstones/moldavite/moldavite-gp69955
194,https://www.gempundit.com/gemstones/moldavite/moldavite-gp69952
195,https://www.gempundit.com/gemstones/moldavite/moldavite-gp66784
196,https://www.gempundit.com/gemstones/moldavite/moldavite-gp66781
197,https://www.gempundit.com/gemstones/moldavite/moldavite-gp66780
198,https://www.gempundit.com/gemstones/moldavite/moldavite-gp66779
199,https://www.gempundit.com/gemstones/moldavite/moldavite-gp66765
200,https://www.gempundit.com/gemstones/moldavite/moldavite-gp66758
201,https://www.gempundit.com/gemstones/moldavite/moldavite-gp66751
202,https://www.gempundit.com/gemstones/moldavite/moldavite-gp66750
203,https://www.gempundit.com/gemstones/moldavite/moldavite-gp66786
204,https://www.gempundit.com/gemstones/moldavite/moldavite-gp66785
205,https://www.gempundit.com/gemstones/moldavite/moldavite-gp66783
206,https://www.gempundit.com/gemstones/moldavite/moldavite-gp66782
207,https://www.gempundit.com/gemstones/moldavite/moldavite-gp66778
208,https://www.gempundit.com/gemstones/moldavite/moldavite-gp66777
209,https://www.gempundit.com/gemstones/moldavite/moldavite-gp66776
210,https://www.gempundit.com/gemstones/moldavite/moldavite-gp66766
211,https://www.gempundit.com/gemstones/moldavite/moldavite-gp66764
212,https://www.gempundit.com/gemstones/moldavite/moldavite-gp66763
213,https://www.gempundit.com/gemstones/moldavite/moldavite-gp66762
214,https://www.gempundit.com/gemstones/moldavite/moldavite-gp66761
215,https://www.gempundit.com/gemstones/moldavite/moldavite-gp66760
216,https://www.gempundit.com/gemstones/moldavite/moldavite-gp66759
217,https://www.gempundit.com/gemstones/moldavite/moldavite-gp66757
218,https://www.gempundit.com/gemstones/moldavite/moldavite-gp66755
219,https://www.gempundit.com/gemstones/moldavite/moldavite-gp66753
220,https://www.gempundit.com/gemstones/moldavite/moldavite-gp66752
221,https://www.gempundit.com/gemstones/moldavite/moldavite-gp66749
222,https://www.gempundit.com/gemstones/moldavite/moldavite-gp66748
223,https://www.gempundit.com/gemstones/moldavite/moldavite-gp66775
224,https://www.gempundit.com/gemstones/moldavite/moldavite-gp66885
225,https://www.gempundit.com/gemstones/moldavite/moldavite-gp66884
226,https://www.gempundit.com/gemstones/moldavite/moldavite-gp66883
227,https://www.gempundit.com/gemstones/moldavite/moldavite-gp66882
228,https://www.gempundit.com/gemstones/moldavite/moldavite-gp66881
229,https://www.gempundit.com/gemstones/moldavite/moldavite-gp66880
230,https://www.gempundit.com/gemstones/moldavite/moldavite-gp66879
231,https://www.gempundit.com/gemstones/moldavite/moldavite-gp66878
232,https://www.gempundit.com/gemstones/moldavite/moldavite-gp66877
233,https://www.gempundit.com/gemstones/moldavite/moldavite-gp66876
234,https://www.gempundit.com/gemstones/moldavite/moldavite-gp66875
235,https://www.gempundit.com/gemstones/moldavite/moldavite-gp66873
236,https://www.gempundit.com/gemstones/moldavite/moldavite-gp66872
237,https://www.gempundit.com/gemstones/moldavite/moldavite-gp66870
238,https://www.gempundit.com/gemstones/moldavite/moldavite-gp66869
239,https://www.gempundit.com/gemstones/moldavite/moldavite-gp66868
240,https://www.gempundit.com/gemstones/moldavite/moldavite-gp66867
241,https://www.gempundit.com/gemstones/moldavite/moldavite-gp66865
242,https://www.gempundit.com/gemstones/moldavite/moldavite-gp66863
243,https://www.gempundit.com/gemstones/moldavite/moldavite-gp66862
244,https://www.gempundit.com/gemstones/moldavite/moldavite-gp66861
245,https://www.gempundit.com/gemstones/moldavite/moldavite-gp66860
246,https://www.gempundit.com/gemstones/moldavite/moldavite-gp66856
247,https://www.gempundit.com/gemstones/moldavite/moldavite-gp66855
248,https://www.gempundit.com/gemstones/moldavite/moldavite-gp66854
249,https://www.gempundit.com/gemstones/moldavite/moldavite-gp66853
250,https://www.gempundit.com/gemstones/moldavite/moldavite-gp66852
251,https://www.gempundit.com/gemstones/moldavite/moldavite-gp66851
252,https://www.gempundit.com/gemstones/moldavite/moldavite-gp66850
253,https://www.gempundit.com/gemstones/moldavite/moldavite-gp66849
254,https://www.gempundit.com/gemstones/moldavite/moldavite-gp66848
255,https://www.gempundit.com/gemstones/moldavite/moldavite-gp66846
256,https://www.gempundit.com/gemstones/moldavite/moldavite-gp66845
257,https://www.gempundit.com/gemstones/moldavite/moldavite-gp66844
258,https://www.gempundit.com/gemstones/moldavite/moldavite-gp66843
259,https://www.gempundit.com/gemstones/moldavite/moldavite-gp66842
260,https://www.gempundit.com/gemstones/moldavite/moldavite-gp66841
261,https://www.gempundit.com/gemstones/moldavite/moldavite-gp66840
262,https://www.gempundit.com/gemstones/moldavite/moldavite-gp66839
263,https://www.gempundit.com/gemstones/moldavite/moldavite-gp66838
264,https://www.gempundit.com/gemstones/moldavite/moldavite-gp66837
265,https://www.gempundit.com/gemstones/moldavite/moldavite-gp66836
266,https://www.gempundit.com/gemstones/moldavite/moldavite-gp66835
267,https://www.gempundit.com/gemstones/moldavite/moldavite-gp66834
268,https://www.gempundit.com/gemstones/moldavite/moldavite-gp66833
269,https://www.gempundit.com/gemstones/moldavite/moldavite-gp66832
270,https://www.gempundit.com/gemstones/moldavite/moldavite-gp66829
271,https://www.gempundit.com/gemstones/moldavite/moldavite-gp66826
272,https://www.gempundit.com/gemstones/moldavite/moldavite-gp66825
273,https://www.gempundit.com/gemstones/moldavite/moldavite-gp66823
274,https://www.gempundit.com/gemstones/moldavite/moldavite-gp66821
275,https://www.gempundit.com/gemstones/moldavite/moldavite-gp66820
276,https://www.gempundit.com/gemstones/moldavite/moldavite-gp66819
277,https://www.gempundit.com/gemstones/moldavite/moldavite-gp66818
278,https://www.gempundit.com/gemstones/moldavite/moldavite-gp66816
279,https://www.gempundit.com/gemstones/moldavite/moldavite-gp66815
280,https://www.gempundit.com/gemstones/moldavite/moldavite-gp66814
281,https://www.gempundit.com/gemstones/moldavite/moldavite-gp66813
282,https://www.gempundit.com/gemstones/moldavite/moldavite-gp66812
283,https://www.gempundit.com/gemstones/moldavite/moldavite-gp66811
284,https://www.gempundit.com/gemstones/moldavite/moldavite-gp66810
285,https://www.gempundit.com/gemstones/moldavite/moldavite-gp66809
286,https://www.gempundit.com/gemstones/moldavite/moldavite-gp66808
287,https://www.gempundit.com/gemstones/moldavite/moldavite-gp66806
288,https://www.gempundit.com/gemstones/moldavite/moldavite-gp66805
289,https://www.gempundit.com/gemstones/moldavite/moldavite-gp66804
290,https://www.gempundit.com/gemstones/moldavite/moldavite-gp66803
291,https://www.gempundit.com/gemstones/moldavite/moldavite-gp66801
292,https://www.gempundit.com/gemstones/moldavite/moldavite-gp66800
293,https://www.gempundit.com/gemstones/moldavite/moldavite-gp66799
294,https://www.gempundit.com/gemstones/moldavite/moldavite-gp66798
295,https://www.gempundit.com/gemstones/moldavite/moldavite-gp66797
296,https://www.gempundit.com/gemstones/moldavite/moldavite-gp66795
297,https://www.gempundit.com/gemstones/moldavite/moldavite-gp66794
298,https://www.gempundit.com/gemstones/moldavite/moldavite-gp66793
299,https://www.gempundit.com/gemstones/moldavite/moldavite-gp66792
300,https://www.gempundit.com/gemstones/moldavite/moldavite-gp66791
301,https://www.gempundit.com/gemstones/moldavite/moldavite-gp66790
302,https://www.gempundit.com/gemstones/moldavite/moldavite-gp66774
303,https://www.gempundit.com/gemstones/moldavite/moldavite-gp66773
304,https://www.gempundit.com/gemstones/moldavite/moldavite-gp66772
305,https://www.gempundit.com/gemstones/moldavite/moldavite-gp66771
306,https://www.gempundit.com/gemstones/moldavite/moldavite-gp66770
307,https://www.gempundit.com/gemstones/moldavite/moldavite-gp66769
308,https://www.gempundit.com/gemstones/moldavite/moldavite-gp66768
309,https://www.gempundit.com/gemstones/moldavite/moldavite-gp66767
310,https://www.gempundit.com/gemstones/moldavite/moldavite-gp66961
311,https://www.gempundit.com/gemstones/moldavite/moldavite-gp66957
312,https://www.gempundit.com/gemstones/moldavite/moldavite-gp66934
313,https://www.gempundit.com/gemstones/moldavite/moldavite-gp66929
314,https://www.gempundit.com/gemstones/moldavite/moldavite-gp67051
315,https://www.gempundit.com/gemstones/moldavite/moldavite-gp67009
316,https://www.gempundit.com/gemstones/moldavite/moldavite-gp66984
317,https://www.gempundit.com/gemstones/moldavite/moldavite-gp66975
318,https://www.gempundit.com/gemstones/moldavite/moldavite-gp66966
319,https://www.gempundit.com/gemstones/moldavite/moldavite-gp66963
320,https://www.gempundit.com/gemstones/moldavite/moldavite-gp66960
321,https://www.gempundit.com/gemstones/moldavite/moldavite-gp66959
322,https://www.gempundit.com/gemstones/moldavite/moldavite-gp66958
323,https://www.gempundit.com/gemstones/moldavite/moldavite-gp66956
324,https://www.gempundit.com/gemstones/moldavite/moldavite-gp66955
325,https://www.gempundit.com/gemstones/moldavite/moldavite-gp66953
326,https://www.gempundit.com/gemstones/moldavite/moldavite-gp66952
327,https://www.gempundit.com/gemstones/moldavite/moldavite-gp66951
328,https://www.gempundit.com/gemstones/moldavite/moldavite-gp66950
329,https://www.gempundit.com/gemstones/moldavite/moldavite-gp66948
330,https://www.gempundit.com/gemstones/moldavite/moldavite-gp66941
331,https://www.gempundit.com/gemstones/moldavite/moldavite-gp66937
332,https://www.gempundit.com/gemstones/moldavite/moldavite-gp66936
333,https://www.gempundit.com/gemstones/moldavite/moldavite-gp66935
334,https://www.gempundit.com/gemstones/moldavite/moldavite-gp66930
335,https://www.gempundit.com/gemstones/moldavite/moldavite-gp66928
336,https://www.gempundit.com/gemstones/moldavite/moldavite-gp66927
337,https://www.gempundit.com/gemstones/moldavite/moldavite-gp66926
338,https://www.gempundit.com/gemstones/moldavite/moldavite-gp66925
339,https://www.gempundit.com/gemstones/moldavite/moldavite-gp66924
340,https://www.gempundit.com/gemstones/moldavite/moldavite-gp66919
341,https://www.gempundit.com/gemstones/moldavite/moldavite-gp66917
342,https://www.gempundit.com/gemstones/moldavite/moldavite-gp66915
343,https://www.gempundit.com/gemstones/moldavite/moldavite-gp66904
344,https://www.gempundit.com/gemstones/moldavite/moldavite-gp66991
345,https://www.gempundit.com/gemstones/moldavite/moldavite-gp66990
346,https://www.gempundit.com/gemstones/moldavite/moldavite-gp66988
347,https://www.gempundit.com/gemstones/moldavite/moldavite-gp66986
348,https://www.gempundit.com/gemstones/moldavite/moldavite-gp66985
349,https://www.gempundit.com/gemstones/moldavite/moldavite-gp66982
350,https://www.gempundit.com/gemstones/moldavite/moldavite-gp66980
351,https://www.gempundit.com/gemstones/moldavite/moldavite-gp66976
352,https://www.gempundit.com/gemstones/moldavite/moldavite-gp66954
353,https://www.gempundit.com/gemstones/moldavite/moldavite-gp66918
354,https://www.gempundit.com/gemstones/moldavite/moldavite-gp66908
355,https://www.gempundit.com/gemstones/moldavite/moldavite-gp66907
356,https://www.gempundit.com/gemstones/moldavite/moldavite-gp66899
357,https://www.gempundit.com/gemstones/moldavite/moldavite-gp66896
358,https://www.gempundit.com/gemstones/moldavite/moldavite-gp64385
359,https://www.gempundit.com/gemstones/moldavite/moldavite-gp64383
360,https://www.gempundit.com/gemstones/moldavite/moldavite-gp64381
361,https://www.gempundit.com/gemstones/moldavite/moldavite-gp64378
362,https://www.gempundit.com/gemstones/moldavite/moldavite-gp64375
363,https://www.gempundit.com/gemstones/moldavite/moldavite-gp64374
364,https://www.gempundit.com/gemstones/moldavite/moldavite-gp64366
365,https://www.gempundit.com/gemstones/moldavite/moldavite-gp64363
366,https://www.gempundit.com/gemstones/moldavite/moldavite-gp64361
367,https://www.gempundit.com/gemstones/moldavite/moldavite-gp64359
368,https://www.gempundit.com/gemstones/moldavite/moldavite-gp64354
369,https://www.gempundit.com/gemstones/moldavite/moldavite-gp64353
370,https://www.gempundit.com/gemstones/moldavite/moldavite-gp64352
371,https://www.gempundit.com/gemstones/moldavite/moldavite-gp64348
372,https://www.gempundit.com/gemstones/moldavite/moldavite-gp64346
373,https://www.gempundit.com/gemstones/moldavite/moldavite-gp64345
374,https://www.gempundit.com/gemstones/moldavite/moldavite-gp64340
375,https://www.gempundit.com/gemstones/moldavite/moldavite-gp64337
376,https://www.gempundit.com/gemstones/moldavite/moldavite-gp64328
377,https://www.gempundit.com/gemstones/moldavite/moldavite-gp64326
378,https://www.gempundit.com/gemstones/moldavite/moldavite-gp64325
379,https://www.gempundit.com/gemstones/moldavite/moldavite-gp64324
380,https://www.gempundit.com/gemstones/moldavite/moldavite-gp64320
381,https://www.gempundit.com/gemstones/moldavite/moldavite-gp64318
382,https://www.gempundit.com/gemstones/moldavite/moldavite-gp64317
383,https://www.gempundit.com/gemstones/moldavite/moldavite-gp64314
384,https://www.gempundit.com/gemstones/moldavite/moldavite-gp64312
385,https://www.gempundit.com/gemstones/moldavite/moldavite-gp64310
386,https://www.gempundit.com/gemstones/moldavite/moldavite-gp64309
387,https://www.gempundit.com/gemstones/moldavite/moldavite-gp64306
388,https://www.gempundit.com/gemstones/moldavite/moldavite-gp64305
389,https://www.gempundit.com/gemstones/moldavite/moldavite-gp64304
390,https://www.gempundit.com/gemstones/moldavite/moldavite-gp64302
391,https://www.gempundit.com/gemstones/moldavite/moldavite-gp64301
392,https://www.gempundit.com/gemstones/moldavite/moldavite-gp64300
393,https://www.gempundit.com/gemstones/moldavite/moldavite-gp64298
394,https://www.gempundit.com/gemstones/moldavite/moldavite-gp64297
395,https://www.gempundit.com/gemstones/moldavite/moldavite-gp64294
396,https://www.gempundit.com/gemstones/moldavite/moldavite-gp64293
397,https://www.gempundit.com/gemstones/moldavite/moldavite-gp64289
398,https://www.gempundit.com/gemstones/moldavite/moldavite-gp64287
399,https://www.gempundit.com/gemstones/moldavite/moldavite-gp64286
400,https://www.gempundit.com/gemstones/moldavite/moldavite-gp64284
401,https://www.gempundit.com/gemstones/moldavite/moldavite-gp64281
402,https://www.gempundit.com/gemstones/moldavite/moldavite-gp64280
403,https://www.gempundit.com/gemstones/moldavite/moldavite-gp64275
404,https://www.gempundit.com/gemstones/moldavite/moldavite-gp64268
405,https://www.gempundit.com/gemstones/moldavite/moldavite-gp64267
406,https://www.gempundit.com/gemstones/moldavite/moldavite-gp64266
407,https://www.gempundit.com/gemstones/moldavite/moldavite-gp64265
408,https://www.gempundit.com/gemstones/moldavite/moldavite-gp63420
409,https://www.gempundit.com/gemstones/moldavite/moldavite-gp56958
410,https://www.gempundit.com/gemstones/moldavite/moldavite-gp56955
411,https://www.gempundit.com/gemstones/moldavite/moldavite-gp56951
412,https://www.gempundit.com/gemstones/moldavite/moldavite-gp56950
413,https://www.gempundit.com/gemstones/moldavite/moldavite-gp56948
414,https://www.gempundit.com/gemstones/moldavite/moldavite-gp56945
415,https://www.gempundit.com/gemstones/moldavite/moldavite-gp56944
416,https://www.gempundit.com/gemstones/moldavite/moldavite-gp56942
417,https://www.gempundit.com/gemstones/moldavite/moldavite-gp56941
418,https://www.gempundit.com/gemstones/moldavite/moldavite-gp56940
419,https://www.gempundit.com/gemstones/moldavite/moldavite-gp56936
420,https://www.gempundit.com/gemstones/moldavite/moldavite-gp56935
421,https://www.gempundit.com/gemstones/moldavite/moldavite-gp53835
422,https://www.gempundit.com/gemstones/moldavite/moldavite-gp53812
423,https://www.gempundit.com/gemstones/moldavite/moldavite-gp53808
424,https://www.gempundit.com/gemstones/moldavite/moldavite-gp53797
425,https://www.gempundit.com/gemstones/moldavite/moldavite-gp53794
426,https://www.gempundit.com/gemstones/moldavite/moldavite-gp53790
427,https://www.gempundit.com/gemstones/moldavite/moldavite-gp53779
428,https://www.gempundit.com/gemstones/moldavite/moldavite-gp53759
429,https://www.gempundit.com/gemstones/moldavite/moldavite-gp53823
430,https://www.gempundit.com/gemstones/moldavite/moldavite-gp53816
431,https://www.gempundit.com/gemstones/moldavite/moldavite-gp53813
432,https://www.gempundit.com/gemstones/moldavite/moldavite-gp53805
433,https://www.gempundit.com/gemstones/moldavite/moldavite-gp53792
434,https://www.gempundit.com/gemstones/moldavite/moldavite-gp53787
435,https://www.gempundit.com/gemstones/moldavite/moldavite-gp53838
436,https://www.gempundit.com/gemstones/moldavite/moldavite-gp53837
437,https://www.gempundit.com/gemstones/moldavite/moldavite-gp53820
438,https://www.gempundit.com/gemstones/moldavite/moldavite-gp53818
439,https://www.gempundit.com/gemstones/moldavite/moldavite-gp48660
440,https://www.gempundit.com/gemstones/moldavite/moldavite-gp48699
441,https://www.gempundit.com/gemstones/moldavite/moldavite-gp48680
442,https://www.gempundit.com/gemstones/moldavite/moldavite-gp48670
443,https://www.gempundit.com/gemstones/moldavite/moldavite-gp48667
444,https://www.gempundit.com/gemstones/moldavite/moldavite-gp44757
445,https://www.gempundit.com/gemstones/moldavite/moldavite-gp44631
446,https://www.gempundit.com/gemstones/moldavite/moldavite-gp66968
