,Orange Sapphire
0,https://www.gempundit.com/gemstones/orange-sapphire/orange-sapphire-gp109443
1,https://www.gempundit.com/gemstones/orange-sapphire/orange-sapphire-gp109098
2,https://www.gempundit.com/gemstones/orange-sapphire/orange-sapphire-gp134293
3,https://www.gempundit.com/gemstones/orange-sapphire/orange-sapphire-gp111925
4,https://www.gempundit.com/gemstones/orange-sapphire/yellow-sapphire-gp124455
5,https://www.gempundit.com/gemstones/orange-sapphire/orange-sapphire-gp1238777
6,https://www.gempundit.com/gemstones/orange-sapphire/orange-sapphire-gp134292
7,https://www.gempundit.com/gemstones/orange-sapphire/orange-sapphire-gp111931
8,https://www.gempundit.com/gemstones/orange-sapphire/orange-sapphire-gp134290
9,https://www.gempundit.com/gemstones/orange-sapphire/orange-sapphire-gp134291
10,https://www.gempundit.com/gemstones/orange-sapphire/orange-sapphire-gp107964
11,https://www.gempundit.com/gemstones/orange-sapphire/orange-sapphire-gp107965
12,https://www.gempundit.com/gemstones/orange-sapphire/orange-sapphire-gp47443
13,https://www.gempundit.com/gemstones/orange-sapphire/orange-sapphire-gp1238737
14,https://www.gempundit.com/gemstones/orange-sapphire/orange-sapphire-gp1238738
