,Paraiba Tourmaline
0,https://www.gempundit.com/gemstones/paraiba-tourmaline/paraiba-tourmaline-gp98511
1,https://www.gempundit.com/gemstones/paraiba-tourmaline/paraiba-tourmaline-gp106381
2,https://www.gempundit.com/gemstones/paraiba-tourmaline/paraiba-tourmaline-gp106374
3,https://www.gempundit.com/gemstones/paraiba-tourmaline/paraiba-tourmaline-gp106473
4,https://www.gempundit.com/gemstones/paraiba-tourmaline/paraiba-tourmaline-gp106355
5,https://www.gempundit.com/gemstones/paraiba-tourmaline/paraiba-tourmaline-gp98519
6,https://www.gempundit.com/gemstones/paraiba-tourmaline/paraiba-tourmaline-gp106358
7,https://www.gempundit.com/gemstones/paraiba-tourmaline/paraiba-tourmaline-gp105996
8,https://www.gempundit.com/gemstones/paraiba-tourmaline/paraiba-tourmaline-gp106373
9,https://www.gempundit.com/gemstones/paraiba-tourmaline/paraiba-tourmaline-gp106405
10,https://www.gempundit.com/gemstones/paraiba-tourmaline/paraiba-tourmaline-gp106028
11,https://www.gempundit.com/gemstones/paraiba-tourmaline/paraiba-tourmaline-gp106003
12,https://www.gempundit.com/gemstones/paraiba-tourmaline/paraiba-tourmaline-gp106043
13,https://www.gempundit.com/gemstones/paraiba-tourmaline/paraiba-tourmaline-gp106376
14,https://www.gempundit.com/gemstones/paraiba-tourmaline/paraiba-tourmaline-gp106357
15,https://www.gempundit.com/gemstones/paraiba-tourmaline/paraiba-tourmaline-gp106032
16,https://www.gempundit.com/gemstones/paraiba-tourmaline/paraiba-tourmaline-gp106354
17,https://www.gempundit.com/gemstones/paraiba-tourmaline/paraiba-tourmaline-gp105973
18,https://www.gempundit.com/gemstones/paraiba-tourmaline/paraiba-tourmaline-gp106388
19,https://www.gempundit.com/gemstones/paraiba-tourmaline/paraiba-tourmaline-gp106362
20,https://www.gempundit.com/gemstones/paraiba-tourmaline/paraiba-tourmaline-gp106030
21,https://www.gempundit.com/gemstones/paraiba-tourmaline/paraiba-tourmaline-gp105991
22,https://www.gempundit.com/gemstones/paraiba-tourmaline/paraiba-tourmaline-gp105977
23,https://www.gempundit.com/gemstones/paraiba-tourmaline/paraiba-tourmaline-gp105976
24,https://www.gempundit.com/gemstones/paraiba-tourmaline/paraiba-tourmaline-gp105975
25,https://www.gempundit.com/gemstones/paraiba-tourmaline/paraiba-tourmaline-gp106406
26,https://www.gempundit.com/gemstones/paraiba-tourmaline/paraiba-tourmaline-gp106372
27,https://www.gempundit.com/gemstones/paraiba-tourmaline/paraiba-tourmaline-gp106365
28,https://www.gempundit.com/gemstones/paraiba-tourmaline/paraiba-tourmaline-gp105999
29,https://www.gempundit.com/gemstones/paraiba-tourmaline/paraiba-tourmaline-gp106408
30,https://www.gempundit.com/gemstones/paraiba-tourmaline/paraiba-tourmaline-gp106031
31,https://www.gempundit.com/gemstones/paraiba-tourmaline/paraiba-tourmaline-gp106404
32,https://www.gempundit.com/gemstones/paraiba-tourmaline/paraiba-tourmaline-gp106370
33,https://www.gempundit.com/gemstones/paraiba-tourmaline/paraiba-tourmaline-gp98514
34,https://www.gempundit.com/gemstones/paraiba-tourmaline/paraiba-tourmaline-gp106425
35,https://www.gempundit.com/gemstones/paraiba-tourmaline/paraiba-tourmaline-gp106018
36,https://www.gempundit.com/gemstones/paraiba-tourmaline/paraiba-tourmaline-gp105980
37,https://www.gempundit.com/gemstones/paraiba-tourmaline/paraiba-tourmaline-gp124736
38,https://www.gempundit.com/gemstones/paraiba-tourmaline/paraiba-tourmaline-gp105968
39,https://www.gempundit.com/gemstones/paraiba-tourmaline/paraiba-tourmaline-gp106364
40,https://www.gempundit.com/gemstones/paraiba-tourmaline/paraiba-tourmaline-gp105979
41,https://www.gempundit.com/gemstones/paraiba-tourmaline/paraiba-tourmaline-gp106444
42,https://www.gempundit.com/gemstones/paraiba-tourmaline/paraiba-tourmaline-gp106412
43,https://www.gempundit.com/gemstones/paraiba-tourmaline/paraiba-tourmaline-gp105984
44,https://www.gempundit.com/gemstones/paraiba-tourmaline/paraiba-tourmaline-gp105966
45,https://www.gempundit.com/gemstones/paraiba-tourmaline/paraiba-tourmaline-gp106352
46,https://www.gempundit.com/gemstones/paraiba-tourmaline/paraiba-tourmaline-gp106023
47,https://www.gempundit.com/gemstones/paraiba-tourmaline/paraiba-tourmaline-gp106402
48,https://www.gempundit.com/gemstones/paraiba-tourmaline/paraiba-tourmaline-gp106345
49,https://www.gempundit.com/gemstones/paraiba-tourmaline/paraiba-tourmaline-gp106421
50,https://www.gempundit.com/gemstones/paraiba-tourmaline/paraiba-tourmaline-gp106393
51,https://www.gempundit.com/gemstones/paraiba-tourmaline/paraiba-tourmaline-gp106033
52,https://www.gempundit.com/gemstones/paraiba-tourmaline/paraiba-tourmaline-gp98513
53,https://www.gempundit.com/gemstones/paraiba-tourmaline/paraiba-tourmaline-gp106377
54,https://www.gempundit.com/gemstones/paraiba-tourmaline/paraiba-tourmaline-gp105965
55,https://www.gempundit.com/gemstones/paraiba-tourmaline/paraiba-tourmaline-gp106042
56,https://www.gempundit.com/gemstones/paraiba-tourmaline/paraiba-tourmaline-gp106006
57,https://www.gempundit.com/gemstones/paraiba-tourmaline/paraiba-tourmaline-gp106422
58,https://www.gempundit.com/gemstones/paraiba-tourmaline/paraiba-tourmaline-gp106382
59,https://www.gempundit.com/gemstones/paraiba-tourmaline/paraiba-tourmaline-gp106348
60,https://www.gempundit.com/gemstones/paraiba-tourmaline/paraiba-tourmaline-gp106347
61,https://www.gempundit.com/gemstones/paraiba-tourmaline/paraiba-tourmaline-gp106428
62,https://www.gempundit.com/gemstones/paraiba-tourmaline/paraiba-tourmaline-gp106369
63,https://www.gempundit.com/gemstones/paraiba-tourmaline/paraiba-tourmaline-gp106360
64,https://www.gempundit.com/gemstones/paraiba-tourmaline/paraiba-tourmaline-gp106000
65,https://www.gempundit.com/gemstones/paraiba-tourmaline/paraiba-tourmaline-gp106438
66,https://www.gempundit.com/gemstones/paraiba-tourmaline/paraiba-tourmaline-gp106035
67,https://www.gempundit.com/gemstones/paraiba-tourmaline/paraiba-tourmaline-gp106038
68,https://www.gempundit.com/gemstones/paraiba-tourmaline/paraiba-tourmaline-gp106044
69,https://www.gempundit.com/gemstones/paraiba-tourmaline/paraiba-tourmaline-gp106005
70,https://www.gempundit.com/gemstones/paraiba-tourmaline/paraiba-tourmaline-gp106378
71,https://www.gempundit.com/gemstones/paraiba-tourmaline/paraiba-tourmaline-gp106021
72,https://www.gempundit.com/gemstones/paraiba-tourmaline/paraiba-tourmaline-gp106426
73,https://www.gempundit.com/gemstones/paraiba-tourmaline/paraiba-tourmaline-gp106359
74,https://www.gempundit.com/gemstones/paraiba-tourmaline/paraiba-tourmaline-gp105963
75,https://www.gempundit.com/gemstones/paraiba-tourmaline/paraiba-tourmaline-gp98509
76,https://www.gempundit.com/gemstones/paraiba-tourmaline/paraiba-tourmaline-gp98506
77,https://www.gempundit.com/gemstones/paraiba-tourmaline/paraiba-tourmaline-gp106346
78,https://www.gempundit.com/gemstones/paraiba-tourmaline/paraiba-tourmaline-gp106390
79,https://www.gempundit.com/gemstones/paraiba-tourmaline/paraiba-tourmaline-gp106387
80,https://www.gempundit.com/gemstones/paraiba-tourmaline/paraiba-tourmaline-gp106363
81,https://www.gempundit.com/gemstones/paraiba-tourmaline/paraiba-tourmaline-gp105985
82,https://www.gempundit.com/gemstones/paraiba-tourmaline/paraiba-tourmaline-gp98505
83,https://www.gempundit.com/gemstones/paraiba-tourmaline/paraiba-tourmaline-gp106413
84,https://www.gempundit.com/gemstones/paraiba-tourmaline/paraiba-tourmaline-gp106368
85,https://www.gempundit.com/gemstones/paraiba-tourmaline/paraiba-tourmaline-gp106041
86,https://www.gempundit.com/gemstones/paraiba-tourmaline/paraiba-tourmaline-gp106356
87,https://www.gempundit.com/gemstones/paraiba-tourmaline/paraiba-tourmaline-gp106414
88,https://www.gempundit.com/gemstones/paraiba-tourmaline/paraiba-tourmaline-gp106391
89,https://www.gempundit.com/gemstones/paraiba-tourmaline/paraiba-tourmaline-gp106026
90,https://www.gempundit.com/gemstones/paraiba-tourmaline/paraiba-tourmaline-gp98512
91,https://www.gempundit.com/gemstones/paraiba-tourmaline/paraiba-tourmaline-gp98504
92,https://www.gempundit.com/gemstones/paraiba-tourmaline/paraiba-tourmaline-gp106403
93,https://www.gempundit.com/gemstones/paraiba-tourmaline/paraiba-tourmaline-gp106371
94,https://www.gempundit.com/gemstones/paraiba-tourmaline/paraiba-tourmaline-gp106020
95,https://www.gempundit.com/gemstones/paraiba-tourmaline/paraiba-tourmaline-gp106353
96,https://www.gempundit.com/gemstones/paraiba-tourmaline/paraiba-tourmaline-gp105967
97,https://www.gempundit.com/gemstones/paraiba-tourmaline/paraiba-tourmaline-gp106380
98,https://www.gempundit.com/gemstones/paraiba-tourmaline/paraiba-tourmaline-gp105972
99,https://www.gempundit.com/gemstones/paraiba-tourmaline/paraiba-tourmaline-gp106407
100,https://www.gempundit.com/gemstones/paraiba-tourmaline/paraiba-tourmaline-gp106351
101,https://www.gempundit.com/gemstones/paraiba-tourmaline/paraiba-tourmaline-gp106361
102,https://www.gempundit.com/gemstones/paraiba-tourmaline/paraiba-tourmaline-gp106424
103,https://www.gempundit.com/gemstones/paraiba-tourmaline/paraiba-tourmaline-gp98534
104,https://www.gempundit.com/gemstones/paraiba-tourmaline/paraiba-tourmaline-gp106415
105,https://www.gempundit.com/gemstones/paraiba-tourmaline/paraiba-tourmaline-gp105978
106,https://www.gempundit.com/gemstones/paraiba-tourmaline/paraiba-tourmaline-gp106417
107,https://www.gempundit.com/gemstones/paraiba-tourmaline/paraiba-tourmaline-gp98507
108,https://www.gempundit.com/gemstones/paraiba-tourmaline/paraiba-tourmaline-gp106434
109,https://www.gempundit.com/gemstones/paraiba-tourmaline/paraiba-tourmaline-gp98525
110,https://www.gempundit.com/gemstones/paraiba-tourmaline/paraiba-tourmaline-gp98518
111,https://www.gempundit.com/gemstones/paraiba-tourmaline/paraiba-tourmaline-gp124737
112,https://www.gempundit.com/gemstones/paraiba-tourmaline/paraiba-tourmaline-gp106409
113,https://www.gempundit.com/gemstones/paraiba-tourmaline/paraiba-tourmaline-gp106495
114,https://www.gempundit.com/gemstones/paraiba-tourmaline/paraiba-tourmaline-gp105969
115,https://www.gempundit.com/gemstones/paraiba-tourmaline/paraiba-tourmaline-gp98530
116,https://www.gempundit.com/gemstones/paraiba-tourmaline/paraiba-tourmaline-gp124738
117,https://www.gempundit.com/gemstones/paraiba-tourmaline/tourmaline-gp124266
118,https://www.gempundit.com/gemstones/paraiba-tourmaline/paraiba-tourmaline-gp98522
119,https://www.gempundit.com/gemstones/paraiba-tourmaline/paraiba-tourmaline-gp106443
120,https://www.gempundit.com/gemstones/paraiba-tourmaline/paraiba-tourmaline-gp125124
121,https://www.gempundit.com/gemstones/paraiba-tourmaline/paraiba-tourmaline-gp106493
122,https://www.gempundit.com/gemstones/paraiba-tourmaline/paraiba-tourmaline-gp106491
123,https://www.gempundit.com/gemstones/paraiba-tourmaline/paraiba-tourmaline-gp106013
124,https://www.gempundit.com/gemstones/paraiba-tourmaline/paraiba-tourmaline-gp106437
125,https://www.gempundit.com/gemstones/paraiba-tourmaline/paraiba-tourmaline-gp129121
126,https://www.gempundit.com/gemstones/paraiba-tourmaline/paraiba-tourmaline-gp124740
127,https://www.gempundit.com/gemstones/paraiba-tourmaline/paraiba-tourmaline-gp106440
128,https://www.gempundit.com/gemstones/paraiba-tourmaline/paraiba-tourmaline-gp98527
129,https://www.gempundit.com/gemstones/paraiba-tourmaline/paraiba-tourmaline-gp98528
130,https://www.gempundit.com/gemstones/paraiba-tourmaline/paraiba-tourmaline-gp98517
131,https://www.gempundit.com/gemstones/paraiba-tourmaline/paraiba-tourmaline-gp105989
132,https://www.gempundit.com/gemstones/paraiba-tourmaline/paraiba-tourmaline-gp106014
133,https://www.gempundit.com/gemstones/paraiba-tourmaline/paraiba-tourmaline-gp98538
134,https://www.gempundit.com/gemstones/paraiba-tourmaline/paraiba-tourmaline-gp98529
135,https://www.gempundit.com/gemstones/paraiba-tourmaline/paraiba-tourmaline-gp106040
136,https://www.gempundit.com/gemstones/paraiba-tourmaline/paraiba-tourmaline-gp106019
137,https://www.gempundit.com/gemstones/paraiba-tourmaline/paraiba-tourmaline-gp98532
138,https://www.gempundit.com/gemstones/paraiba-tourmaline/paraiba-tourmaline-gp106433
139,https://www.gempundit.com/gemstones/paraiba-tourmaline/paraiba-tourmaline-gp106435
140,https://www.gempundit.com/gemstones/paraiba-tourmaline/paraiba-tourmaline-gp105982
141,https://www.gempundit.com/gemstones/paraiba-tourmaline/paraiba-tourmaline-gp98516
142,https://www.gempundit.com/gemstones/paraiba-tourmaline/paraiba-tourmaline-gp106494
143,https://www.gempundit.com/gemstones/paraiba-tourmaline/paraiba-tourmaline-gp105964
144,https://www.gempundit.com/gemstones/paraiba-tourmaline/paraiba-tourmaline-gp98508
145,https://www.gempundit.com/gemstones/paraiba-tourmaline/paraiba-tourmaline-gp106034
146,https://www.gempundit.com/gemstones/paraiba-tourmaline/paraiba-tourmaline-gp106012
147,https://www.gempundit.com/gemstones/paraiba-tourmaline/paraiba-tourmaline-gp98539
148,https://www.gempundit.com/gemstones/paraiba-tourmaline/paraiba-tourmaline-gp106411
149,https://www.gempundit.com/gemstones/paraiba-tourmaline/paraiba-tourmaline-gp106400
150,https://www.gempundit.com/gemstones/paraiba-tourmaline/paraiba-tourmaline-gp105990
151,https://www.gempundit.com/gemstones/paraiba-tourmaline/paraiba-tourmaline-gp125364
152,https://www.gempundit.com/gemstones/paraiba-tourmaline/paraiba-tourmaline-gp98533
153,https://www.gempundit.com/gemstones/paraiba-tourmaline/paraiba-tourmaline-gp98526
154,https://www.gempundit.com/gemstones/paraiba-tourmaline/tourmaline-gp124267
155,https://www.gempundit.com/gemstones/paraiba-tourmaline/paraiba-tourmaline-gp98503
156,https://www.gempundit.com/gemstones/paraiba-tourmaline/paraiba-tourmaline-gp106036
157,https://www.gempundit.com/gemstones/paraiba-tourmaline/paraiba-tourmaline-gp98524
158,https://www.gempundit.com/gemstones/paraiba-tourmaline/paraiba-tourmaline-gp106037
159,https://www.gempundit.com/gemstones/paraiba-tourmaline/paraiba-tourmaline-gp95965
160,https://www.gempundit.com/gemstones/paraiba-tourmaline/paraiba-tourmaline-gp105961
161,https://www.gempundit.com/gemstones/paraiba-tourmaline/paraiba-tourmaline-gp106445
162,https://www.gempundit.com/gemstones/paraiba-tourmaline/paraiba-tourmaline-gp98536
163,https://www.gempundit.com/gemstones/paraiba-tourmaline/paraiba-tourmaline-gp127651
164,https://www.gempundit.com/gemstones/paraiba-tourmaline/paraiba-tourmaline-gp98535
165,https://www.gempundit.com/gemstones/paraiba-tourmaline/paraiba-tourmaline-gp106395
166,https://www.gempundit.com/gemstones/paraiba-tourmaline/tourmaline-gp124268
167,https://www.gempundit.com/gemstones/paraiba-tourmaline/paraiba-tourmaline-gp106436
168,https://www.gempundit.com/gemstones/paraiba-tourmaline/paraiba-tourmaline-gp106389
169,https://www.gempundit.com/gemstones/paraiba-tourmaline/paraiba-tourmaline-gp106419
170,https://www.gempundit.com/gemstones/paraiba-tourmaline/paraiba-tourmaline-gp98531
171,https://www.gempundit.com/gemstones/paraiba-tourmaline/paraiba-tourmaline-gp98540
172,https://www.gempundit.com/gemstones/paraiba-tourmaline/paraiba-tourmaline-gp106029
173,https://www.gempundit.com/gemstones/paraiba-tourmaline/paraiba-tourmaline-gp105981
174,https://www.gempundit.com/gemstones/paraiba-tourmaline/paraiba-tourmaline-gp106015
175,https://www.gempundit.com/gemstones/paraiba-tourmaline/paraiba-tourmaline-gp98510
176,https://www.gempundit.com/gemstones/paraiba-tourmaline/paraiba-tourmaline-gp106401
177,https://www.gempundit.com/gemstones/paraiba-tourmaline/paraiba-tourmaline-gp106441
178,https://www.gempundit.com/gemstones/paraiba-tourmaline/paraiba-tourmaline-gp106011
179,https://www.gempundit.com/gemstones/paraiba-tourmaline/paraiba-tourmaline-gp105970
180,https://www.gempundit.com/gemstones/paraiba-tourmaline/paraiba-tourmaline-gp95967
181,https://www.gempundit.com/gemstones/paraiba-tourmaline/paraiba-tourmaline-gp125363
182,https://www.gempundit.com/gemstones/paraiba-tourmaline/paraiba-tourmaline-gp106489
183,https://www.gempundit.com/gemstones/paraiba-tourmaline/paraiba-tourmaline-gp95962
184,https://www.gempundit.com/gemstones/paraiba-tourmaline/paraiba-tourmaline-gp106416
185,https://www.gempundit.com/gemstones/paraiba-tourmaline/paraiba-tourmaline-gp106486
186,https://www.gempundit.com/gemstones/paraiba-tourmaline/paraiba-tourmaline-gp106397
187,https://www.gempundit.com/gemstones/paraiba-tourmaline/paraiba-tourmaline-gp106398
188,https://www.gempundit.com/gemstones/paraiba-tourmaline/paraiba-tourmaline-gp106004
189,https://www.gempundit.com/gemstones/paraiba-tourmaline/paraiba-tourmaline-gp106499
190,https://www.gempundit.com/gemstones/paraiba-tourmaline/paraiba-tourmaline-gp106439
191,https://www.gempundit.com/gemstones/paraiba-tourmaline/paraiba-tourmaline-gp95968
192,https://www.gempundit.com/gemstones/paraiba-tourmaline/paraiba-tourmaline-gp106430
193,https://www.gempundit.com/gemstones/paraiba-tourmaline/paraiba-tourmaline-gp106487
194,https://www.gempundit.com/gemstones/paraiba-tourmaline/paraiba-tourmaline-gp113216
195,https://www.gempundit.com/gemstones/paraiba-tourmaline/paraiba-tourmaline-gp129122
196,https://www.gempundit.com/gemstones/paraiba-tourmaline/paraiba-tourmaline-gp131623
197,https://www.gempundit.com/gemstones/paraiba-tourmaline/paraiba-tourmaline-gp113652
198,https://www.gempundit.com/gemstones/paraiba-tourmaline/paraiba-tourmaline-gp98520
199,https://www.gempundit.com/gemstones/paraiba-tourmaline/paraiba-tourmaline-gp95957
200,https://www.gempundit.com/gemstones/paraiba-tourmaline/paraiba-tourmaline-gp113653
201,https://www.gempundit.com/gemstones/paraiba-tourmaline/paraiba-tourmaline-gp95971
202,https://www.gempundit.com/gemstones/paraiba-tourmaline/paraiba-tourmaline-gp95996
203,https://www.gempundit.com/gemstones/paraiba-tourmaline/paraiba-tourmaline-gp106453
204,https://www.gempundit.com/gemstones/paraiba-tourmaline/paraiba-tourmaline-gp106449
205,https://www.gempundit.com/gemstones/paraiba-tourmaline/paraiba-tourmaline-gp128648
206,https://www.gempundit.com/gemstones/paraiba-tourmaline/paraiba-tourmaline-gp95963
207,https://www.gempundit.com/gemstones/paraiba-tourmaline/paraiba-tourmaline-gp132096
208,https://www.gempundit.com/gemstones/paraiba-tourmaline/tourmaline-gp124804
209,https://www.gempundit.com/gemstones/paraiba-tourmaline/paraiba-tourmaline-gp106418
210,https://www.gempundit.com/gemstones/paraiba-tourmaline/paraiba-tourmaline-gp95966
211,https://www.gempundit.com/gemstones/paraiba-tourmaline/paraiba-tourmaline-gp105957
212,https://www.gempundit.com/gemstones/paraiba-tourmaline/paraiba-tourmaline-gp105960
213,https://www.gempundit.com/gemstones/paraiba-tourmaline/paraiba-tourmaline-gp95960
214,https://www.gempundit.com/gemstones/paraiba-tourmaline/tourmaline-gp124271
215,https://www.gempundit.com/gemstones/paraiba-tourmaline/paraiba-tourmaline-gp95961
216,https://www.gempundit.com/gemstones/paraiba-tourmaline/tourmaline-gp124269
217,https://www.gempundit.com/gemstones/paraiba-tourmaline/paraiba-tourmaline-gp95964
218,https://www.gempundit.com/gemstones/paraiba-tourmaline/paraiba-tourmaline-gp95970
219,https://www.gempundit.com/gemstones/paraiba-tourmaline/tourmaline-gp124764
220,https://www.gempundit.com/gemstones/paraiba-tourmaline/tourmaline-gp124270
221,https://www.gempundit.com/gemstones/paraiba-tourmaline/tourmaline-gp124762
222,https://www.gempundit.com/gemstones/paraiba-tourmaline/paraiba-tourmaline-gp95959
223,https://www.gempundit.com/gemstones/paraiba-tourmaline/paraiba-tourmaline-gp95995
224,https://www.gempundit.com/gemstones/paraiba-tourmaline/tourmaline-gp124763
225,https://www.gempundit.com/gemstones/paraiba-tourmaline/paraiba-tourmaline-gp95969
226,https://www.gempundit.com/gemstones/paraiba-tourmaline/tourmaline-gp124273
227,https://www.gempundit.com/gemstones/paraiba-tourmaline/paraiba-tourmaline-gp106452
228,https://www.gempundit.com/gemstones/paraiba-tourmaline/paraiba-tourmaline-gp98542
229,https://www.gempundit.com/gemstones/paraiba-tourmaline/paraiba-tourmaline-gp124531
230,https://www.gempundit.com/gemstones/paraiba-tourmaline/pink-tourmaline-gp125351
231,https://www.gempundit.com/gemstones/paraiba-tourmaline/tourmaline-gp123965
232,https://www.gempundit.com/gemstones/paraiba-tourmaline/tourmaline-gp124761
233,https://www.gempundit.com/gemstones/paraiba-tourmaline/paraiba-tourmaline-gp105958
234,https://www.gempundit.com/gemstones/paraiba-tourmaline/paraiba-tourmaline-gp95972
235,https://www.gempundit.com/gemstones/paraiba-tourmaline/tourmaline-gp127917
236,https://www.gempundit.com/gemstones/paraiba-tourmaline/paraiba-tourmaline-gp128649
237,https://www.gempundit.com/gemstones/paraiba-tourmaline/paraiba-tourmaline-gp128650
