,Peridot
0,https://www.gempundit.com/gemstones/peridot/peridot-gp106163
1,https://www.gempundit.com/gemstones/peridot/peridot-gp91401
2,https://www.gempundit.com/gemstones/peridot/peridot-gp112458
3,https://www.gempundit.com/gemstones/peridot/peridot-gp112455
4,https://www.gempundit.com/gemstones/peridot/peridot-gp106113
5,https://www.gempundit.com/gemstones/peridot/peridot-gp106120
6,https://www.gempundit.com/gemstones/peridot/peridot-gp106111
7,https://www.gempundit.com/gemstones/peridot/peridot-gp93899
8,https://www.gempundit.com/gemstones/peridot/peridot-gp106112
9,https://www.gempundit.com/gemstones/peridot/peridot-gp91391
10,https://www.gempundit.com/gemstones/peridot/peridot-gp106097
11,https://www.gempundit.com/gemstones/peridot/peridot-gp106142
12,https://www.gempundit.com/gemstones/peridot/peridot-gp106141
13,https://www.gempundit.com/gemstones/peridot/peridot-gp103648
14,https://www.gempundit.com/gemstones/peridot/peridot-gp106099
15,https://www.gempundit.com/gemstones/peridot/peridot-gp106115
16,https://www.gempundit.com/gemstones/peridot/peridot-gp106139
17,https://www.gempundit.com/gemstones/peridot/peridot-gp106052
18,https://www.gempundit.com/gemstones/peridot/peridot-gp106114
19,https://www.gempundit.com/gemstones/peridot/peridot-gp106116
20,https://www.gempundit.com/gemstones/peridot/peridot-gp106119
21,https://www.gempundit.com/gemstones/peridot/peridot-gp106109
22,https://www.gempundit.com/gemstones/peridot/peridot-gp106117
23,https://www.gempundit.com/gemstones/peridot/peridot-gp106057
24,https://www.gempundit.com/gemstones/peridot/peridot-gp91400
25,https://www.gempundit.com/gemstones/peridot/peridot-gp106059
26,https://www.gempundit.com/gemstones/peridot/peridot-gp103652
27,https://www.gempundit.com/gemstones/peridot/peridot-gp93889
28,https://www.gempundit.com/gemstones/peridot/peridot-gp91377
29,https://www.gempundit.com/gemstones/peridot/peridot-gp106118
30,https://www.gempundit.com/gemstones/peridot/peridot-gp106110
31,https://www.gempundit.com/gemstones/peridot/peridot-gp106074
32,https://www.gempundit.com/gemstones/peridot/peridot-gp103647
33,https://www.gempundit.com/gemstones/peridot/peridot-gp93891
34,https://www.gempundit.com/gemstones/peridot/peridot-gp91379
35,https://www.gempundit.com/gemstones/peridot/peridot-gp93877
36,https://www.gempundit.com/gemstones/peridot/peridot-gp91380
37,https://www.gempundit.com/gemstones/peridot/peridot-gp93896
38,https://www.gempundit.com/gemstones/peridot/peridot-gp106103
39,https://www.gempundit.com/gemstones/peridot/peridot-gp93879
40,https://www.gempundit.com/gemstones/peridot/peridot-gp103638
41,https://www.gempundit.com/gemstones/peridot/peridot-gp116054
42,https://www.gempundit.com/gemstones/peridot/peridot-gp91383
43,https://www.gempundit.com/gemstones/peridot/peridot-gp91389
44,https://www.gempundit.com/gemstones/peridot/peridot-gp107072
45,https://www.gempundit.com/gemstones/peridot/peridot-gp116046
46,https://www.gempundit.com/gemstones/peridot/peridot-gp107062
47,https://www.gempundit.com/gemstones/peridot/peridot-gp106085
48,https://www.gempundit.com/gemstones/peridot/peridot-gp116047
49,https://www.gempundit.com/gemstones/peridot/peridot-gp93873
50,https://www.gempundit.com/gemstones/peridot/peridot-gp107067
51,https://www.gempundit.com/gemstones/peridot/peridot-gp116058
52,https://www.gempundit.com/gemstones/peridot/peridot-gp93876
53,https://www.gempundit.com/gemstones/peridot/peridot-gp103645
54,https://www.gempundit.com/gemstones/peridot/peridot-gp106084
55,https://www.gempundit.com/gemstones/peridot/peridot-gp116051
56,https://www.gempundit.com/gemstones/peridot/peridot-gp107058
57,https://www.gempundit.com/gemstones/peridot/peridot-gp116069
58,https://www.gempundit.com/gemstones/peridot/peridot-gp106169
59,https://www.gempundit.com/gemstones/peridot/peridot-gp107068
60,https://www.gempundit.com/gemstones/peridot/peridot-gp116063
61,https://www.gempundit.com/gemstones/peridot/peridot-gp103608
62,https://www.gempundit.com/gemstones/peridot/peridot-gp116059
63,https://www.gempundit.com/gemstones/peridot/peridot-gp116044
64,https://www.gempundit.com/gemstones/peridot/peridot-gp106089
65,https://www.gempundit.com/gemstones/peridot/peridot-gp88677
66,https://www.gempundit.com/gemstones/peridot/peridot-gp116066
67,https://www.gempundit.com/gemstones/peridot/peridot-gp107066
68,https://www.gempundit.com/gemstones/peridot/peridot-gp103624
69,https://www.gempundit.com/gemstones/peridot/peridot-gp103644
70,https://www.gempundit.com/gemstones/peridot/peridot-gp107065
71,https://www.gempundit.com/gemstones/peridot/peridot-gp106075
72,https://www.gempundit.com/gemstones/peridot/peridot-gp103611
73,https://www.gempundit.com/gemstones/peridot/peridot-gp93878
74,https://www.gempundit.com/gemstones/peridot/peridot-gp103634
75,https://www.gempundit.com/gemstones/peridot/peridot-gp106135
76,https://www.gempundit.com/gemstones/peridot/peridot-gp93875
77,https://www.gempundit.com/gemstones/peridot/peridot-gp116072
78,https://www.gempundit.com/gemstones/peridot/peridot-gp103609
79,https://www.gempundit.com/gemstones/peridot/peridot-gp103615
80,https://www.gempundit.com/gemstones/peridot/peridot-gp116075
81,https://www.gempundit.com/gemstones/peridot/peridot-gp116045
82,https://www.gempundit.com/gemstones/peridot/peridot-gp106091
83,https://www.gempundit.com/gemstones/peridot/peridot-gp116055
84,https://www.gempundit.com/gemstones/peridot/peridot-gp93906
85,https://www.gempundit.com/gemstones/peridot/peridot-gp88669
86,https://www.gempundit.com/gemstones/peridot/peridot-gp116064
87,https://www.gempundit.com/gemstones/peridot/peridot-gp107063
88,https://www.gempundit.com/gemstones/peridot/peridot-gp103607
89,https://www.gempundit.com/gemstones/peridot/peridot-gp116056
90,https://www.gempundit.com/gemstones/peridot/peridot-gp116068
91,https://www.gempundit.com/gemstones/peridot/peridot-gp116070
92,https://www.gempundit.com/gemstones/peridot/peridot-gp116065
93,https://www.gempundit.com/gemstones/peridot/peridot-gp106076
94,https://www.gempundit.com/gemstones/peridot/peridot-gp103603
95,https://www.gempundit.com/gemstones/peridot/peridot-gp106077
96,https://www.gempundit.com/gemstones/peridot/peridot-gp107077
97,https://www.gempundit.com/gemstones/peridot/peridot-gp93874
98,https://www.gempundit.com/gemstones/peridot/peridot-gp106082
99,https://www.gempundit.com/gemstones/peridot/peridot-gp106079
100,https://www.gempundit.com/gemstones/peridot/peridot-gp106170
101,https://www.gempundit.com/gemstones/peridot/peridot-gp107060
102,https://www.gempundit.com/gemstones/peridot/peridot-gp107057
103,https://www.gempundit.com/gemstones/peridot/peridot-gp107055
104,https://www.gempundit.com/gemstones/peridot/peridot-gp106083
105,https://www.gempundit.com/gemstones/peridot/peridot-gp107064
106,https://www.gempundit.com/gemstones/peridot/peridot-gp106087
107,https://www.gempundit.com/gemstones/peridot/peridot-gp92327
108,https://www.gempundit.com/gemstones/peridot/peridot-gp116073
109,https://www.gempundit.com/gemstones/peridot/peridot-gp116061
110,https://www.gempundit.com/gemstones/peridot/peridot-gp107061
111,https://www.gempundit.com/gemstones/peridot/peridot-gp103622
112,https://www.gempundit.com/gemstones/peridot/peridot-gp116071
113,https://www.gempundit.com/gemstones/peridot/peridot-gp106143
114,https://www.gempundit.com/gemstones/peridot/peridot-gp103637
115,https://www.gempundit.com/gemstones/peridot/peridot-gp116050
116,https://www.gempundit.com/gemstones/peridot/peridot-gp106092
117,https://www.gempundit.com/gemstones/peridot/peridot-gp103599
118,https://www.gempundit.com/gemstones/peridot/peridot-gp106061
119,https://www.gempundit.com/gemstones/peridot/peridot-gp103632
120,https://www.gempundit.com/gemstones/peridot/peridot-gp107056
121,https://www.gempundit.com/gemstones/peridot/peridot-gp103627
122,https://www.gempundit.com/gemstones/peridot/peridot-gp106078
123,https://www.gempundit.com/gemstones/peridot/peridot-gp103618
124,https://www.gempundit.com/gemstones/peridot/peridot-gp116062
125,https://www.gempundit.com/gemstones/peridot/peridot-gp93883
126,https://www.gempundit.com/gemstones/peridot/peridot-gp106127
127,https://www.gempundit.com/gemstones/peridot/peridot-gp103617
128,https://www.gempundit.com/gemstones/peridot/peridot-gp103612
129,https://www.gempundit.com/gemstones/peridot/peridot-gp88672
130,https://www.gempundit.com/gemstones/peridot/peridot-gp88648
131,https://www.gempundit.com/gemstones/peridot/peridot-gp88654
132,https://www.gempundit.com/gemstones/peridot/peridot-gp103616
133,https://www.gempundit.com/gemstones/peridot/peridot-gp106080
134,https://www.gempundit.com/gemstones/peridot/peridot-gp88649
135,https://www.gempundit.com/gemstones/peridot/peridot-gp116049
136,https://www.gempundit.com/gemstones/peridot/peridot-gp103620
137,https://www.gempundit.com/gemstones/peridot/peridot-gp103621
138,https://www.gempundit.com/gemstones/peridot/peridot-gp103640
139,https://www.gempundit.com/gemstones/peridot/peridot-gp103600
140,https://www.gempundit.com/gemstones/peridot/peridot-gp93895
141,https://www.gempundit.com/gemstones/peridot/peridot-gp103606
142,https://www.gempundit.com/gemstones/peridot/peridot-gp106069
143,https://www.gempundit.com/gemstones/peridot/peridot-gp107059
144,https://www.gempundit.com/gemstones/peridot/peridot-gp103631
145,https://www.gempundit.com/gemstones/peridot/peridot-gp103630
146,https://www.gempundit.com/gemstones/peridot/peridot-gp103623
147,https://www.gempundit.com/gemstones/peridot/peridot-gp88668
148,https://www.gempundit.com/gemstones/peridot/peridot-gp107054
149,https://www.gempundit.com/gemstones/peridot/peridot-gp106137
150,https://www.gempundit.com/gemstones/peridot/peridot-gp106086
151,https://www.gempundit.com/gemstones/peridot/peridot-gp107073
152,https://www.gempundit.com/gemstones/peridot/peridot-gp103633
153,https://www.gempundit.com/gemstones/peridot/peridot-gp107078
154,https://www.gempundit.com/gemstones/peridot/peridot-gp93894
155,https://www.gempundit.com/gemstones/peridot/peridot-gp93881
156,https://www.gempundit.com/gemstones/peridot/peridot-gp106090
157,https://www.gempundit.com/gemstones/peridot/peridot-gp103625
158,https://www.gempundit.com/gemstones/peridot/peridot-gp103619
159,https://www.gempundit.com/gemstones/peridot/peridot-gp107075
160,https://www.gempundit.com/gemstones/peridot/peridot-gp88625
161,https://www.gempundit.com/gemstones/peridot/peridot-gp103636
162,https://www.gempundit.com/gemstones/peridot/peridot-gp93910
163,https://www.gempundit.com/gemstones/peridot/peridot-gp116074
164,https://www.gempundit.com/gemstones/peridot/peridot-gp107620
165,https://www.gempundit.com/gemstones/peridot/peridot-gp103601
166,https://www.gempundit.com/gemstones/peridot/peridot-gp107080
167,https://www.gempundit.com/gemstones/peridot/peridot-gp106088
168,https://www.gempundit.com/gemstones/peridot/peridot-gp107090
169,https://www.gempundit.com/gemstones/peridot/peridot-gp103635
170,https://www.gempundit.com/gemstones/peridot/peridot-gp93905
171,https://www.gempundit.com/gemstones/peridot/peridot-gp106081
172,https://www.gempundit.com/gemstones/peridot/peridot-gp88631
173,https://www.gempundit.com/gemstones/peridot/peridot-gp107109
174,https://www.gempundit.com/gemstones/peridot/peridot-gp107619
175,https://www.gempundit.com/gemstones/peridot/peridot-gp107081
176,https://www.gempundit.com/gemstones/peridot/peridot-gp88650
177,https://www.gempundit.com/gemstones/peridot/peridot-gp107613
178,https://www.gempundit.com/gemstones/peridot/peridot-gp107102
179,https://www.gempundit.com/gemstones/peridot/peridot-gp103628
180,https://www.gempundit.com/gemstones/peridot/peridot-gp88678
181,https://www.gempundit.com/gemstones/peridot/peridot-gp107112
182,https://www.gempundit.com/gemstones/peridot/peridot-gp116106
183,https://www.gempundit.com/gemstones/peridot/peridot-gp103656
184,https://www.gempundit.com/gemstones/peridot/peridot-gp107618
185,https://www.gempundit.com/gemstones/peridot/peridot-gp88671
186,https://www.gempundit.com/gemstones/peridot/peridot-gp103613
187,https://www.gempundit.com/gemstones/peridot/peridot-gp107110
188,https://www.gempundit.com/gemstones/peridot/peridot-gp103595
189,https://www.gempundit.com/gemstones/peridot/peridot-gp99037
190,https://www.gempundit.com/gemstones/peridot/peridot-gp107627
191,https://www.gempundit.com/gemstones/peridot/peridot-gp107637
192,https://www.gempundit.com/gemstones/peridot/peridot-gp116105
193,https://www.gempundit.com/gemstones/peridot/peridot-gp107082
194,https://www.gempundit.com/gemstones/peridot/peridot-gp107667
195,https://www.gempundit.com/gemstones/peridot/peridot-gp121195
196,https://www.gempundit.com/gemstones/peridot/peridot-gp107612
197,https://www.gempundit.com/gemstones/peridot/peridot-gp107103
198,https://www.gempundit.com/gemstones/peridot/peridot-gp103614
199,https://www.gempundit.com/gemstones/peridot/peridot-gp107049
200,https://www.gempundit.com/gemstones/peridot/peridot-gp107095
201,https://www.gempundit.com/gemstones/peridot/peridot-gp107092
202,https://www.gempundit.com/gemstones/peridot/peridot-gp103643
203,https://www.gempundit.com/gemstones/peridot/peridot-gp126329
204,https://www.gempundit.com/gemstones/peridot/peridot-gp107105
205,https://www.gempundit.com/gemstones/peridot/peridot-gp107047
206,https://www.gempundit.com/gemstones/peridot/peridot-gp116102
207,https://www.gempundit.com/gemstones/peridot/peridot-gp107621
208,https://www.gempundit.com/gemstones/peridot/peridot-gp107100
209,https://www.gempundit.com/gemstones/peridot/peridot-gp88644
210,https://www.gempundit.com/gemstones/peridot/peridot-gp107043
211,https://www.gempundit.com/gemstones/peridot/peridot-gp103598
212,https://www.gempundit.com/gemstones/peridot/peridot-gp107088
213,https://www.gempundit.com/gemstones/peridot/peridot-gp121199
214,https://www.gempundit.com/gemstones/peridot/peridot-gp107107
215,https://www.gempundit.com/gemstones/peridot/peridot-gp107051
216,https://www.gempundit.com/gemstones/peridot/peridot-gp126340
217,https://www.gempundit.com/gemstones/peridot/peridot-gp103610
218,https://www.gempundit.com/gemstones/peridot/peridot-gp126338
219,https://www.gempundit.com/gemstones/peridot/peridot-gp126325
220,https://www.gempundit.com/gemstones/peridot/peridot-gp107091
221,https://www.gempundit.com/gemstones/peridot/peridot-gp107086
222,https://www.gempundit.com/gemstones/peridot/peridot-gp116048
223,https://www.gempundit.com/gemstones/peridot/peridot-gp126316
224,https://www.gempundit.com/gemstones/peridot/peridot-gp88666
225,https://www.gempundit.com/gemstones/peridot/peridot-gp126307
226,https://www.gempundit.com/gemstones/peridot/peridot-gp121179
227,https://www.gempundit.com/gemstones/peridot/peridot-gp107111
228,https://www.gempundit.com/gemstones/peridot/peridot-gp126342
229,https://www.gempundit.com/gemstones/peridot/peridot-gp107632
230,https://www.gempundit.com/gemstones/peridot/peridot-gp107040
231,https://www.gempundit.com/gemstones/peridot/peridot-gp106147
232,https://www.gempundit.com/gemstones/peridot/peridot-gp121563
233,https://www.gempundit.com/gemstones/peridot/peridot-gp107611
234,https://www.gempundit.com/gemstones/peridot/peridot-gp121181
235,https://www.gempundit.com/gemstones/peridot/peridot-gp116132
236,https://www.gempundit.com/gemstones/peridot/peridot-gp107041
237,https://www.gempundit.com/gemstones/peridot/peridot-gp103596
238,https://www.gempundit.com/gemstones/peridot/peridot-gp121172
239,https://www.gempundit.com/gemstones/peridot/peridot-gp116104
240,https://www.gempundit.com/gemstones/peridot/peridot-gp99038
241,https://www.gempundit.com/gemstones/peridot/peridot-gp92325
242,https://www.gempundit.com/gemstones/peridot/peridot-gp101937
243,https://www.gempundit.com/gemstones/peridot/peridot-gp126345
244,https://www.gempundit.com/gemstones/peridot/peridot-gp126313
245,https://www.gempundit.com/gemstones/peridot/peridot-gp107096
246,https://www.gempundit.com/gemstones/peridot/peridot-gp116090
247,https://www.gempundit.com/gemstones/peridot/peridot-gp101943
248,https://www.gempundit.com/gemstones/peridot/peridot-gp126301
249,https://www.gempundit.com/gemstones/peridot/peridot-gp126323
250,https://www.gempundit.com/gemstones/peridot/peridot-gp116095
251,https://www.gempundit.com/gemstones/peridot/peridot-gp107671
252,https://www.gempundit.com/gemstones/peridot/peridot-gp126330
253,https://www.gempundit.com/gemstones/peridot/peridot-gp126302
254,https://www.gempundit.com/gemstones/peridot/peridot-gp126314
255,https://www.gempundit.com/gemstones/peridot/peridot-gp121171
256,https://www.gempundit.com/gemstones/peridot/peridot-gp116128
257,https://www.gempundit.com/gemstones/peridot/peridot-gp116129
258,https://www.gempundit.com/gemstones/peridot/peridot-gp116089
259,https://www.gempundit.com/gemstones/peridot/peridot-gp126326
260,https://www.gempundit.com/gemstones/peridot/peridot-gp116103
261,https://www.gempundit.com/gemstones/peridot/peridot-gp103604
262,https://www.gempundit.com/gemstones/peridot/peridot-gp103594
263,https://www.gempundit.com/gemstones/peridot/peridot-gp101939
264,https://www.gempundit.com/gemstones/peridot/peridot-gp126357
265,https://www.gempundit.com/gemstones/peridot/peridot-gp116116
266,https://www.gempundit.com/gemstones/peridot/peridot-gp107664
267,https://www.gempundit.com/gemstones/peridot/peridot-gp106072
268,https://www.gempundit.com/gemstones/peridot/peridot-gp92334
269,https://www.gempundit.com/gemstones/peridot/peridot-gp107113
270,https://www.gempundit.com/gemstones/peridot/peridot-gp107045
271,https://www.gempundit.com/gemstones/peridot/peridot-gp126327
272,https://www.gempundit.com/gemstones/peridot/peridot-gp107050
273,https://www.gempundit.com/gemstones/peridot/peridot-gp126335
274,https://www.gempundit.com/gemstones/peridot/peridot-gp121178
275,https://www.gempundit.com/gemstones/peridot/peridot-gp121156
276,https://www.gempundit.com/gemstones/peridot/peridot-gp107629
277,https://www.gempundit.com/gemstones/peridot/peridot-gp101945
278,https://www.gempundit.com/gemstones/peridot/peridot-gp107665
279,https://www.gempundit.com/gemstones/peridot/peridot-gp101941
280,https://www.gempundit.com/gemstones/peridot/peridot-gp116136
281,https://www.gempundit.com/gemstones/peridot/peridot-gp107089
282,https://www.gempundit.com/gemstones/peridot/peridot-gp106158
283,https://www.gempundit.com/gemstones/peridot/peridot-gp99036
284,https://www.gempundit.com/gemstones/peridot/peridot-gp121182
285,https://www.gempundit.com/gemstones/peridot/peridot-gp106150
286,https://www.gempundit.com/gemstones/peridot/peridot-gp106148
287,https://www.gempundit.com/gemstones/peridot/peridot-gp116130
288,https://www.gempundit.com/gemstones/peridot/peridot-gp107633
289,https://www.gempundit.com/gemstones/peridot/peridot-gp107616
290,https://www.gempundit.com/gemstones/peridot/peridot-gp126351
291,https://www.gempundit.com/gemstones/peridot/peridot-gp116123
292,https://www.gempundit.com/gemstones/peridot/peridot-gp107048
293,https://www.gempundit.com/gemstones/peridot/peridot-gp126337
294,https://www.gempundit.com/gemstones/peridot/peridot-gp107104
295,https://www.gempundit.com/gemstones/peridot/peridot-gp121217
296,https://www.gempundit.com/gemstones/peridot/peridot-gp107626
297,https://www.gempundit.com/gemstones/peridot/peridot-gp107108
298,https://www.gempundit.com/gemstones/peridot/peridot-gp107097
299,https://www.gempundit.com/gemstones/peridot/peridot-gp121187
300,https://www.gempundit.com/gemstones/peridot/peridot-gp124660
301,https://www.gempundit.com/gemstones/peridot/peridot-gp107098
302,https://www.gempundit.com/gemstones/peridot/peridot-gp121193
303,https://www.gempundit.com/gemstones/peridot/peridot-gp126349
304,https://www.gempundit.com/gemstones/peridot/peridot-gp126353
305,https://www.gempundit.com/gemstones/peridot/peridot-gp121175
306,https://www.gempundit.com/gemstones/peridot/peridot-gp106124
307,https://www.gempundit.com/gemstones/peridot/peridot-gp121180
308,https://www.gempundit.com/gemstones/peridot/peridot-gp107093
309,https://www.gempundit.com/gemstones/peridot/peridot-gp126350
310,https://www.gempundit.com/gemstones/peridot/peridot-gp126304
311,https://www.gempundit.com/gemstones/peridot/peridot-gp126296
312,https://www.gempundit.com/gemstones/peridot/peridot-gp121213
313,https://www.gempundit.com/gemstones/peridot/peridot-gp107042
314,https://www.gempundit.com/gemstones/peridot/peridot-gp121186
315,https://www.gempundit.com/gemstones/peridot/peridot-gp106125
316,https://www.gempundit.com/gemstones/peridot/peridot-gp107099
317,https://www.gempundit.com/gemstones/peridot/peridot-gp121185
318,https://www.gempundit.com/gemstones/peridot/peridot-gp99039
319,https://www.gempundit.com/gemstones/peridot/peridot-gp121196
320,https://www.gempundit.com/gemstones/peridot/peridot-gp106160
321,https://www.gempundit.com/gemstones/peridot/peridot-gp121197
322,https://www.gempundit.com/gemstones/peridot/peridot-gp121216
323,https://www.gempundit.com/gemstones/peridot/peridot-gp92336
324,https://www.gempundit.com/gemstones/peridot/peridot-gp107046
325,https://www.gempundit.com/gemstones/peridot/peridot-gp116097
326,https://www.gempundit.com/gemstones/peridot/peridot-gp107052
327,https://www.gempundit.com/gemstones/peridot/peridot-gp106146
328,https://www.gempundit.com/gemstones/peridot/peridot-gp99029
329,https://www.gempundit.com/gemstones/peridot/peridot-gp107101
330,https://www.gempundit.com/gemstones/peridot/peridot-gp116115
331,https://www.gempundit.com/gemstones/peridot/peridot-gp106161
332,https://www.gempundit.com/gemstones/peridot/peridot-gp126318
333,https://www.gempundit.com/gemstones/peridot/peridot-gp107094
334,https://www.gempundit.com/gemstones/peridot/peridot-gp126339
335,https://www.gempundit.com/gemstones/peridot/peridot-gp116131
336,https://www.gempundit.com/gemstones/peridot/peridot-gp106121
337,https://www.gempundit.com/gemstones/peridot/peridot-gp106063
338,https://www.gempundit.com/gemstones/peridot/peridot-gp107085
339,https://www.gempundit.com/gemstones/peridot/peridot-gp106064
340,https://www.gempundit.com/gemstones/peridot/peridot-gp121173
341,https://www.gempundit.com/gemstones/peridot/peridot-gp107106
342,https://www.gempundit.com/gemstones/peridot/peridot-gp107660
343,https://www.gempundit.com/gemstones/peridot/peridot-gp106123
344,https://www.gempundit.com/gemstones/peridot/peridot-gp126348
345,https://www.gempundit.com/gemstones/peridot/peridot-gp121157
346,https://www.gempundit.com/gemstones/peridot/peridot-gp107678
347,https://www.gempundit.com/gemstones/peridot/peridot-gp106129
348,https://www.gempundit.com/gemstones/peridot/peridot-gp116111
349,https://www.gempundit.com/gemstones/peridot/peridot-gp126354
350,https://www.gempundit.com/gemstones/peridot/peridot-gp126334
351,https://www.gempundit.com/gemstones/peridot/peridot-gp121215
352,https://www.gempundit.com/gemstones/peridot/peridot-gp107053
353,https://www.gempundit.com/gemstones/peridot/peridot-gp101935
354,https://www.gempundit.com/gemstones/peridot/peridot-gp126355
355,https://www.gempundit.com/gemstones/peridot/peridot-gp121170
356,https://www.gempundit.com/gemstones/peridot/peridot-gp126341
357,https://www.gempundit.com/gemstones/peridot/peridot-gp107668
358,https://www.gempundit.com/gemstones/peridot/peridot-gp99032
359,https://www.gempundit.com/gemstones/peridot/peridot-gp121174
360,https://www.gempundit.com/gemstones/peridot/peridot-gp107661
361,https://www.gempundit.com/gemstones/peridot/peridot-gp126328
362,https://www.gempundit.com/gemstones/peridot/peridot-gp121560
363,https://www.gempundit.com/gemstones/peridot/peridot-gp121194
364,https://www.gempundit.com/gemstones/peridot/peridot-gp116107
365,https://www.gempundit.com/gemstones/peridot/peridot-gp126324
366,https://www.gempundit.com/gemstones/peridot/peridot-gp117548
367,https://www.gempundit.com/gemstones/peridot/peridot-gp107635
368,https://www.gempundit.com/gemstones/peridot/peridot-gp106122
369,https://www.gempundit.com/gemstones/peridot/peridot-gp126332
370,https://www.gempundit.com/gemstones/peridot/peridot-gp126309
371,https://www.gempundit.com/gemstones/peridot/peridot-gp116080
372,https://www.gempundit.com/gemstones/peridot/peridot-gp107634
373,https://www.gempundit.com/gemstones/peridot/peridot-gp121201
374,https://www.gempundit.com/gemstones/peridot/peridot-gp106164
375,https://www.gempundit.com/gemstones/peridot/peridot-gp121198
376,https://www.gempundit.com/gemstones/peridot/peridot-gp117541
377,https://www.gempundit.com/gemstones/peridot/peridot-gp99035
378,https://www.gempundit.com/gemstones/peridot/peridot-gp116124
379,https://www.gempundit.com/gemstones/peridot/peridot-gp107639
380,https://www.gempundit.com/gemstones/peridot/peridot-gp106145
381,https://www.gempundit.com/gemstones/peridot/peridot-gp126352
382,https://www.gempundit.com/gemstones/peridot/peridot-gp117540
383,https://www.gempundit.com/gemstones/peridot/peridot-gp107610
384,https://www.gempundit.com/gemstones/peridot/peridot-gp126306
385,https://www.gempundit.com/gemstones/peridot/peridot-gp117561
386,https://www.gempundit.com/gemstones/peridot/peridot-gp107662
387,https://www.gempundit.com/gemstones/peridot/peridot-gp101944
388,https://www.gempundit.com/gemstones/peridot/peridot-gp126299
389,https://www.gempundit.com/gemstones/peridot/peridot-gp124668
390,https://www.gempundit.com/gemstones/peridot/peridot-gp117545
391,https://www.gempundit.com/gemstones/peridot/peridot-gp116110
392,https://www.gempundit.com/gemstones/peridot/peridot-gp126347
393,https://www.gempundit.com/gemstones/peridot/peridot-gp107666
394,https://www.gempundit.com/gemstones/peridot/peridot-gp107628
395,https://www.gempundit.com/gemstones/peridot/peridot-gp107672
396,https://www.gempundit.com/gemstones/peridot/peridot-gp107630
397,https://www.gempundit.com/gemstones/peridot/peridot-gp126308
398,https://www.gempundit.com/gemstones/peridot/peridot-gp107044
399,https://www.gempundit.com/gemstones/peridot/peridot-gp124632
400,https://www.gempundit.com/gemstones/peridot/peridot-gp121177
401,https://www.gempundit.com/gemstones/peridot/peridot-gp121176
402,https://www.gempundit.com/gemstones/peridot/peridot-gp116126
403,https://www.gempundit.com/gemstones/peridot/peridot-gp116113
404,https://www.gempundit.com/gemstones/peridot/peridot-gp126331
405,https://www.gempundit.com/gemstones/peridot/peridot-gp117537
406,https://www.gempundit.com/gemstones/peridot/peridot-gp107622
407,https://www.gempundit.com/gemstones/peridot/peridot-gp121212
408,https://www.gempundit.com/gemstones/peridot/peridot-gp107650
409,https://www.gempundit.com/gemstones/peridot/peridot-gp116084
410,https://www.gempundit.com/gemstones/peridot/peridot-gp121210
411,https://www.gempundit.com/gemstones/peridot/peridot-gp121184
412,https://www.gempundit.com/gemstones/peridot/peridot-gp117559
413,https://www.gempundit.com/gemstones/peridot/peridot-gp106152
414,https://www.gempundit.com/gemstones/peridot/peridot-gp117538
415,https://www.gempundit.com/gemstones/peridot/peridot-gp124645
416,https://www.gempundit.com/gemstones/peridot/peridot-gp107646
417,https://www.gempundit.com/gemstones/peridot/peridot-gp124613
418,https://www.gempundit.com/gemstones/peridot/peridot-gp106070
419,https://www.gempundit.com/gemstones/peridot/peridot-gp116119
420,https://www.gempundit.com/gemstones/peridot/peridot-gp116114
421,https://www.gempundit.com/gemstones/peridot/peridot-gp107659
422,https://www.gempundit.com/gemstones/peridot/peridot-gp124661
423,https://www.gempundit.com/gemstones/peridot/peridot-gp117539
424,https://www.gempundit.com/gemstones/peridot/peridot-gp107649
425,https://www.gempundit.com/gemstones/peridot/peridot-gp107643
426,https://www.gempundit.com/gemstones/peridot/peridot-gp126320
427,https://www.gempundit.com/gemstones/peridot/peridot-gp106065
428,https://www.gempundit.com/gemstones/peridot/peridot-gp126344
429,https://www.gempundit.com/gemstones/peridot/peridot-gp124642
430,https://www.gempundit.com/gemstones/peridot/peridot-gp121160
431,https://www.gempundit.com/gemstones/peridot/peridot-gp126321
432,https://www.gempundit.com/gemstones/peridot/peridot-gp121211
433,https://www.gempundit.com/gemstones/peridot/peridot-gp121168
434,https://www.gempundit.com/gemstones/peridot/peridot-gp117560
435,https://www.gempundit.com/gemstones/peridot/peridot-gp121209
436,https://www.gempundit.com/gemstones/peridot/peridot-gp126303
437,https://www.gempundit.com/gemstones/peridot/peridot-gp121159
438,https://www.gempundit.com/gemstones/peridot/peridot-gp116127
439,https://www.gempundit.com/gemstones/peridot/peridot-gp121564
440,https://www.gempundit.com/gemstones/peridot/peridot-gp116096
441,https://www.gempundit.com/gemstones/peridot/peridot-gp126319
442,https://www.gempundit.com/gemstones/peridot/peridot-gp106165
443,https://www.gempundit.com/gemstones/peridot/peridot-gp121203
444,https://www.gempundit.com/gemstones/peridot/peridot-gp116108
445,https://www.gempundit.com/gemstones/peridot/peridot-gp126317
446,https://www.gempundit.com/gemstones/peridot/peridot-gp124647
447,https://www.gempundit.com/gemstones/peridot/peridot-gp116042
448,https://www.gempundit.com/gemstones/peridot/peridot-gp124654
449,https://www.gempundit.com/gemstones/peridot/peridot-gp116125
450,https://www.gempundit.com/gemstones/peridot/peridot-gp116099
451,https://www.gempundit.com/gemstones/peridot/peridot-gp126356
452,https://www.gempundit.com/gemstones/peridot/peridot-gp124646
453,https://www.gempundit.com/gemstones/peridot/peridot-gp116085
454,https://www.gempundit.com/gemstones/peridot/peridot-gp126343
455,https://www.gempundit.com/gemstones/peridot/peridot-gp107673
456,https://www.gempundit.com/gemstones/peridot/peridot-gp126336
457,https://www.gempundit.com/gemstones/peridot/peridot-gp121562
458,https://www.gempundit.com/gemstones/peridot/peridot-gp116112
459,https://www.gempundit.com/gemstones/peridot/peridot-gp121153
460,https://www.gempundit.com/gemstones/peridot/peridot-gp107663
461,https://www.gempundit.com/gemstones/peridot/peridot-gp101942
462,https://www.gempundit.com/gemstones/peridot/peridot-gp126312
463,https://www.gempundit.com/gemstones/peridot/peridot-gp117564
464,https://www.gempundit.com/gemstones/peridot/peridot-gp107658
465,https://www.gempundit.com/gemstones/peridot/peridot-gp107647
466,https://www.gempundit.com/gemstones/peridot/peridot-gp106157
467,https://www.gempundit.com/gemstones/peridot/peridot-gp117549
468,https://www.gempundit.com/gemstones/peridot/peridot-gp126315
469,https://www.gempundit.com/gemstones/peridot/peridot-gp126322
470,https://www.gempundit.com/gemstones/peridot/peridot-gp121158
471,https://www.gempundit.com/gemstones/peridot/peridot-gp117551
472,https://www.gempundit.com/gemstones/peridot/peridot-gp116092
473,https://www.gempundit.com/gemstones/peridot/peridot-gp124650
474,https://www.gempundit.com/gemstones/peridot/peridot-gp124610
475,https://www.gempundit.com/gemstones/peridot/peridot-gp124633
476,https://www.gempundit.com/gemstones/peridot/peridot-gp117543
477,https://www.gempundit.com/gemstones/peridot/peridot-gp124655
478,https://www.gempundit.com/gemstones/peridot/peridot-gp124612
479,https://www.gempundit.com/gemstones/peridot/peridot-gp107648
480,https://www.gempundit.com/gemstones/peridot/peridot-gp121155
481,https://www.gempundit.com/gemstones/peridot/peridot-gp117554
482,https://www.gempundit.com/gemstones/peridot/peridot-gp124630
483,https://www.gempundit.com/gemstones/peridot/peridot-gp126298
484,https://www.gempundit.com/gemstones/peridot/peridot-gp116121
485,https://www.gempundit.com/gemstones/peridot/peridot-gp124644
486,https://www.gempundit.com/gemstones/peridot/peridot-gp107654
487,https://www.gempundit.com/gemstones/peridot/peridot-gp124653
488,https://www.gempundit.com/gemstones/peridot/peridot-gp121219
489,https://www.gempundit.com/gemstones/peridot/peridot-gp121202
490,https://www.gempundit.com/gemstones/peridot/peridot-gp117550
491,https://www.gempundit.com/gemstones/peridot/peridot-gp107657
492,https://www.gempundit.com/gemstones/peridot/peridot-gp124641
493,https://www.gempundit.com/gemstones/peridot/peridot-gp124652
494,https://www.gempundit.com/gemstones/peridot/peridot-gp126333
495,https://www.gempundit.com/gemstones/peridot/peridot-gp121207
496,https://www.gempundit.com/gemstones/peridot/peridot-gp121218
497,https://www.gempundit.com/gemstones/peridot/peridot-gp117552
498,https://www.gempundit.com/gemstones/peridot/peridot-gp107670
499,https://www.gempundit.com/gemstones/peridot/peridot-gp126310
500,https://www.gempundit.com/gemstones/peridot/peridot-gp121208
501,https://www.gempundit.com/gemstones/peridot/peridot-gp116083
502,https://www.gempundit.com/gemstones/peridot/peridot-gp117558
503,https://www.gempundit.com/gemstones/peridot/peridot-gp124611
504,https://www.gempundit.com/gemstones/peridot/peridot-gp124657
505,https://www.gempundit.com/gemstones/peridot/peridot-gp106132
506,https://www.gempundit.com/gemstones/peridot/peridot-gp124659
507,https://www.gempundit.com/gemstones/peridot/peridot-gp124614
508,https://www.gempundit.com/gemstones/peridot/peridot-gp121166
509,https://www.gempundit.com/gemstones/peridot/peridot-gp116043
510,https://www.gempundit.com/gemstones/peridot/peridot-gp106151
511,https://www.gempundit.com/gemstones/peridot/peridot-gp116078
512,https://www.gempundit.com/gemstones/peridot/peridot-gp124666
513,https://www.gempundit.com/gemstones/peridot/peridot-gp124643
514,https://www.gempundit.com/gemstones/peridot/peridot-gp121154
515,https://www.gempundit.com/gemstones/peridot/peridot-gp121561
516,https://www.gempundit.com/gemstones/peridot/peridot-gp126297
517,https://www.gempundit.com/gemstones/peridot/peridot-gp124618
518,https://www.gempundit.com/gemstones/peridot/peridot-gp116100
519,https://www.gempundit.com/gemstones/peridot/peridot-gp126294
520,https://www.gempundit.com/gemstones/peridot/peridot-gp121221
521,https://www.gempundit.com/gemstones/peridot/peridot-gp106067
522,https://www.gempundit.com/gemstones/peridot/peridot-gp107652
523,https://www.gempundit.com/gemstones/peridot/peridot-gp116091
524,https://www.gempundit.com/gemstones/peridot/peridot-gp116117
525,https://www.gempundit.com/gemstones/peridot/peridot-gp117555
526,https://www.gempundit.com/gemstones/peridot/peridot-gp124631
527,https://www.gempundit.com/gemstones/peridot/peridot-gp124628
528,https://www.gempundit.com/gemstones/peridot/peridot-gp124639
529,https://www.gempundit.com/gemstones/peridot/peridot-gp121206
530,https://www.gempundit.com/gemstones/peridot/peridot-gp126311
531,https://www.gempundit.com/gemstones/peridot/peridot-gp124658
532,https://www.gempundit.com/gemstones/peridot/peridot-gp124607
533,https://www.gempundit.com/gemstones/peridot/peridot-gp107675
534,https://www.gempundit.com/gemstones/peridot/peridot-gp126300
535,https://www.gempundit.com/gemstones/peridot/peridot-gp121150
536,https://www.gempundit.com/gemstones/peridot/peridot-gp124609
537,https://www.gempundit.com/gemstones/peridot/peridot-gp107651
538,https://www.gempundit.com/gemstones/peridot/peridot-gp126295
539,https://www.gempundit.com/gemstones/peridot/peridot-gp126283
540,https://www.gempundit.com/gemstones/peridot/peridot-gp126305
541,https://www.gempundit.com/gemstones/peridot/peridot-gp116077
542,https://www.gempundit.com/gemstones/peridot/peridot-gp124640
543,https://www.gempundit.com/gemstones/peridot/peridot-gp99034
544,https://www.gempundit.com/gemstones/peridot/peridot-gp126902
545,https://www.gempundit.com/gemstones/peridot/peridot-gp124608
546,https://www.gempundit.com/gemstones/peridot/peridot-gp124638
547,https://www.gempundit.com/gemstones/peridot/peridot-gp107674
548,https://www.gempundit.com/gemstones/peridot/peridot-gp107645
549,https://www.gempundit.com/gemstones/peridot/peridot-gp121559
550,https://www.gempundit.com/gemstones/peridot/peridot-gp121204
551,https://www.gempundit.com/gemstones/peridot/peridot-gp116098
552,https://www.gempundit.com/gemstones/peridot/peridot-gp124648
553,https://www.gempundit.com/gemstones/peridot/peridot-gp126903
554,https://www.gempundit.com/gemstones/peridot/peridot-gp124627
555,https://www.gempundit.com/gemstones/peridot/peridot-gp124637
556,https://www.gempundit.com/gemstones/peridot/peridot-gp121222
557,https://www.gempundit.com/gemstones/peridot/peridot-gp126287
558,https://www.gempundit.com/gemstones/peridot/peridot-gp116122
559,https://www.gempundit.com/gemstones/peridot/peridot-gp126292
560,https://www.gempundit.com/gemstones/peridot/peridot-gp124606
561,https://www.gempundit.com/gemstones/peridot/peridot-gp124604
562,https://www.gempundit.com/gemstones/peridot/peridot-gp127915
563,https://www.gempundit.com/gemstones/peridot/peridot-gp116082
564,https://www.gempundit.com/gemstones/peridot/peridot-gp124662
565,https://www.gempundit.com/gemstones/peridot/peridot-gp116118
566,https://www.gempundit.com/gemstones/peridot/peridot-gp124625
567,https://www.gempundit.com/gemstones/peridot/peridot-gp116088
568,https://www.gempundit.com/gemstones/peridot/peridot-gp116138
569,https://www.gempundit.com/gemstones/peridot/peridot-gp99033
570,https://www.gempundit.com/gemstones/peridot/peridot-gp126290
571,https://www.gempundit.com/gemstones/peridot/peridot-gp121183
572,https://www.gempundit.com/gemstones/peridot/peridot-gp126286
573,https://www.gempundit.com/gemstones/peridot/peridot-gp124626
574,https://www.gempundit.com/gemstones/peridot/peridot-gp124624
575,https://www.gempundit.com/gemstones/peridot/peridot-gp116142
576,https://www.gempundit.com/gemstones/peridot/peridot-gp116144
577,https://www.gempundit.com/gemstones/peridot/peridot-gp124635
578,https://www.gempundit.com/gemstones/peridot/peridot-gp126293
579,https://www.gempundit.com/gemstones/peridot/peridot-gp124615
580,https://www.gempundit.com/gemstones/peridot/peridot-gp124636
581,https://www.gempundit.com/gemstones/peridot/peridot-gp124622
582,https://www.gempundit.com/gemstones/peridot/peridot-gp126288
583,https://www.gempundit.com/gemstones/peridot/peridot-gp124623
584,https://www.gempundit.com/gemstones/peridot/peridot-gp121188
585,https://www.gempundit.com/gemstones/peridot/peridot-gp99026
586,https://www.gempundit.com/gemstones/peridot/peridot-gp124601
587,https://www.gempundit.com/gemstones/peridot/peridot-gp124656
588,https://www.gempundit.com/gemstones/peridot/peridot-gp124603
589,https://www.gempundit.com/gemstones/peridot/peridot-gp124664
590,https://www.gempundit.com/gemstones/peridot/peridot-gp124602
591,https://www.gempundit.com/gemstones/peridot/peridot-gp124665
592,https://www.gempundit.com/gemstones/peridot/peridot-gp126291
593,https://www.gempundit.com/gemstones/peridot/peridot-gp124669
594,https://www.gempundit.com/gemstones/peridot/peridot-gp121200
595,https://www.gempundit.com/gemstones/peridot/peridot-gp124617
596,https://www.gempundit.com/gemstones/peridot/peridot-gp124621
597,https://www.gempundit.com/gemstones/peridot/peridot-gp126094
598,https://www.gempundit.com/gemstones/peridot/peridot-gp125699
599,https://www.gempundit.com/gemstones/peridot/peridot-gp116143
600,https://www.gempundit.com/gemstones/peridot/peridot-gp124600
601,https://www.gempundit.com/gemstones/peridot/peridot-gp116079
602,https://www.gempundit.com/gemstones/peridot/peridot-gp124620
603,https://www.gempundit.com/gemstones/peridot/peridot-gp124616
604,https://www.gempundit.com/gemstones/peridot/peridot-gp124634
605,https://www.gempundit.com/gemstones/peridot/peridot-gp116141
606,https://www.gempundit.com/gemstones/peridot/peridot-gp124663
607,https://www.gempundit.com/gemstones/peridot/peridot-gp126281
608,https://www.gempundit.com/gemstones/peridot/peridot-gp125975
609,https://www.gempundit.com/gemstones/peridot/peridot-gp125976
610,https://www.gempundit.com/gemstones/peridot/peridot-gp124619
611,https://www.gempundit.com/gemstones/peridot/peridot-gp124423
612,https://www.gempundit.com/gemstones/peridot/peridot-gp1238795
613,https://www.gempundit.com/gemstones/peridot/peridot-gp130025
