,Pink Morganite
0,https://www.gempundit.com/gemstones/pink-morganite/morganite-gp88752
1,https://www.gempundit.com/gemstones/pink-morganite/morganite-gp105640
2,https://www.gempundit.com/gemstones/pink-morganite/morganite-gp105641
3,https://www.gempundit.com/gemstones/pink-morganite/morganite-gp88748
4,https://www.gempundit.com/gemstones/pink-morganite/morganite-gp88746
5,https://www.gempundit.com/gemstones/pink-morganite/morganite-gp105719
6,https://www.gempundit.com/gemstones/pink-morganite/morganite-gp88755
7,https://www.gempundit.com/gemstones/pink-morganite/morganite-gp88743
8,https://www.gempundit.com/gemstones/pink-morganite/morganite-gp112479
9,https://www.gempundit.com/gemstones/pink-morganite/morganite-gp112477
10,https://www.gempundit.com/gemstones/pink-morganite/morganite-gp55172
11,https://www.gempundit.com/gemstones/pink-morganite/morganite-gp88760
12,https://www.gempundit.com/gemstones/pink-morganite/morganite-gp88751
13,https://www.gempundit.com/gemstones/pink-morganite/morganite-gp88753
14,https://www.gempundit.com/gemstones/pink-morganite/morganite-gp88749
15,https://www.gempundit.com/gemstones/pink-morganite/morganite-gp88744
16,https://www.gempundit.com/gemstones/pink-morganite/morganite-gp105660
17,https://www.gempundit.com/gemstones/pink-morganite/morganite-gp88758
18,https://www.gempundit.com/gemstones/pink-morganite/morganite-gp105720
19,https://www.gempundit.com/gemstones/pink-morganite/morganite-gp88741
20,https://www.gempundit.com/gemstones/pink-morganite/morganite-gp67803
21,https://www.gempundit.com/gemstones/pink-morganite/morganite-gp88745
22,https://www.gempundit.com/gemstones/pink-morganite/morganite-gp88747
23,https://www.gempundit.com/gemstones/pink-morganite/morganite-gp55186
24,https://www.gempundit.com/gemstones/pink-morganite/morganite-gp88750
25,https://www.gempundit.com/gemstones/pink-morganite/morganite-gp67800
26,https://www.gempundit.com/gemstones/pink-morganite/morganite-gp67799
27,https://www.gempundit.com/gemstones/pink-morganite/morganite-gp88757
28,https://www.gempundit.com/gemstones/pink-morganite/morganite-gp55182
29,https://www.gempundit.com/gemstones/pink-morganite/morganite-gp105639
30,https://www.gempundit.com/gemstones/pink-morganite/morganite-gp55185
31,https://www.gempundit.com/gemstones/pink-morganite/morganite-gp105658
32,https://www.gempundit.com/gemstones/pink-morganite/morganite-gp112474
33,https://www.gempundit.com/gemstones/pink-morganite/morganite-gp67795
34,https://www.gempundit.com/gemstones/pink-morganite/morganite-gp105638
35,https://www.gempundit.com/gemstones/pink-morganite/morganite-gp55192
36,https://www.gempundit.com/gemstones/pink-morganite/morganite-gp55187
37,https://www.gempundit.com/gemstones/pink-morganite/morganite-gp105636
38,https://www.gempundit.com/gemstones/pink-morganite/morganite-gp112475
39,https://www.gempundit.com/gemstones/pink-morganite/morganite-gp105637
40,https://www.gempundit.com/gemstones/pink-morganite/morganite-gp112473
41,https://www.gempundit.com/gemstones/pink-morganite/morganite-gp88469
42,https://www.gempundit.com/gemstones/pink-morganite/morganite-gp88756
43,https://www.gempundit.com/gemstones/pink-morganite/morganite-gp55191
44,https://www.gempundit.com/gemstones/pink-morganite/morganite-gp105817
45,https://www.gempundit.com/gemstones/pink-morganite/morganite-gp67802
46,https://www.gempundit.com/gemstones/pink-morganite/morganite-gp88754
47,https://www.gempundit.com/gemstones/pink-morganite/morganite-gp55189
48,https://www.gempundit.com/gemstones/pink-morganite/morganite-gp67788
49,https://www.gempundit.com/gemstones/pink-morganite/morganite-gp55175
50,https://www.gempundit.com/gemstones/pink-morganite/morganite-gp105656
51,https://www.gempundit.com/gemstones/pink-morganite/morganite-gp105816
52,https://www.gempundit.com/gemstones/pink-morganite/morganite-gp67801
53,https://www.gempundit.com/gemstones/pink-morganite/morganite-gp129019
54,https://www.gempundit.com/gemstones/pink-morganite/morganite-gp105815
55,https://www.gempundit.com/gemstones/pink-morganite/morganite-gp55190
56,https://www.gempundit.com/gemstones/pink-morganite/morganite-gp105657
57,https://www.gempundit.com/gemstones/pink-morganite/morganite-gp105659
58,https://www.gempundit.com/gemstones/pink-morganite/morganite-gp105628
59,https://www.gempundit.com/gemstones/pink-morganite/morganite-gp129032
60,https://www.gempundit.com/gemstones/pink-morganite/morganite-gp131530
61,https://www.gempundit.com/gemstones/pink-morganite/morganite-gp131531
62,https://www.gempundit.com/gemstones/pink-morganite/morganite-gp105630
63,https://www.gempundit.com/gemstones/pink-morganite/morganite-gp129011
64,https://www.gempundit.com/gemstones/pink-morganite/morganite-gp105627
65,https://www.gempundit.com/gemstones/pink-morganite/morganite-gp93936
66,https://www.gempundit.com/gemstones/pink-morganite/morganite-gp105629
67,https://www.gempundit.com/gemstones/pink-morganite/morganite-gp93935
68,https://www.gempundit.com/gemstones/pink-morganite/morganite-gp129013
69,https://www.gempundit.com/gemstones/pink-morganite/morganite-gp93937
70,https://www.gempundit.com/gemstones/pink-morganite/morganite-gp129544
71,https://www.gempundit.com/gemstones/pink-morganite/morganite-gp129033
72,https://www.gempundit.com/gemstones/pink-morganite/morganite-gp123291
73,https://www.gempundit.com/gemstones/pink-morganite/morganite-gp129016
74,https://www.gempundit.com/gemstones/pink-morganite/morganite-gp105813
75,https://www.gempundit.com/gemstones/pink-morganite/morganite-gp88474
76,https://www.gempundit.com/gemstones/pink-morganite/morganite-gp114083
77,https://www.gempundit.com/gemstones/pink-morganite/morganite-gp105661
78,https://www.gempundit.com/gemstones/pink-morganite/morganite-gp58074
79,https://www.gempundit.com/gemstones/pink-morganite/morganite-gp129015
80,https://www.gempundit.com/gemstones/pink-morganite/morganite-gp114098
81,https://www.gempundit.com/gemstones/pink-morganite/morganite-gp114084
82,https://www.gempundit.com/gemstones/pink-morganite/morganite-gp67798
83,https://www.gempundit.com/gemstones/pink-morganite/morganite-gp114086
84,https://www.gempundit.com/gemstones/pink-morganite/morganite-gp114089
85,https://www.gempundit.com/gemstones/pink-morganite/morganite-gp123287
86,https://www.gempundit.com/gemstones/pink-morganite/morganite-gp114087
87,https://www.gempundit.com/gemstones/pink-morganite/morganite-gp114088
88,https://www.gempundit.com/gemstones/pink-morganite/morganite-gp123311
89,https://www.gempundit.com/gemstones/pink-morganite/morganite-gp129020
90,https://www.gempundit.com/gemstones/pink-morganite/morganite-gp123308
91,https://www.gempundit.com/gemstones/pink-morganite/morganite-gp114076
92,https://www.gempundit.com/gemstones/pink-morganite/morganite-gp123312
93,https://www.gempundit.com/gemstones/pink-morganite/morganite-gp114109
94,https://www.gempundit.com/gemstones/pink-morganite/morganite-gp123288
95,https://www.gempundit.com/gemstones/pink-morganite/morganite-gp118384
96,https://www.gempundit.com/gemstones/pink-morganite/morganite-gp114110
97,https://www.gempundit.com/gemstones/pink-morganite/morganite-gp123307
98,https://www.gempundit.com/gemstones/pink-morganite/morganite-gp114111
99,https://www.gempundit.com/gemstones/pink-morganite/morganite-gp129030
100,https://www.gempundit.com/gemstones/pink-morganite/morganite-gp114092
101,https://www.gempundit.com/gemstones/pink-morganite/morganite-gp114095
102,https://www.gempundit.com/gemstones/pink-morganite/morganite-gp129031
103,https://www.gempundit.com/gemstones/pink-morganite/morganite-gp114108
104,https://www.gempundit.com/gemstones/pink-morganite/morganite-gp114090
105,https://www.gempundit.com/gemstones/pink-morganite/morganite-gp123309
106,https://www.gempundit.com/gemstones/pink-morganite/morganite-gp67790
107,https://www.gempundit.com/gemstones/pink-morganite/morganite-gp123304
108,https://www.gempundit.com/gemstones/pink-morganite/morganite-gp123310
109,https://www.gempundit.com/gemstones/pink-morganite/morganite-gp129010
110,https://www.gempundit.com/gemstones/pink-morganite/morganite-gp114094
111,https://www.gempundit.com/gemstones/pink-morganite/morganite-gp118374
112,https://www.gempundit.com/gemstones/pink-morganite/morganite-gp118375
113,https://www.gempundit.com/gemstones/pink-morganite/morganite-gp129018
114,https://www.gempundit.com/gemstones/pink-morganite/morganite-gp88476
115,https://www.gempundit.com/gemstones/pink-morganite/morganite-gp123285
116,https://www.gempundit.com/gemstones/pink-morganite/morganite-gp114107
117,https://www.gempundit.com/gemstones/pink-morganite/morganite-gp123302
118,https://www.gempundit.com/gemstones/pink-morganite/morganite-gp129029
119,https://www.gempundit.com/gemstones/pink-morganite/morganite-gp123303
120,https://www.gempundit.com/gemstones/pink-morganite/morganite-gp67789
121,https://www.gempundit.com/gemstones/pink-morganite/morganite-gp118378
122,https://www.gempundit.com/gemstones/pink-morganite/morganite-gp129022
123,https://www.gempundit.com/gemstones/pink-morganite/morganite-gp129028
124,https://www.gempundit.com/gemstones/pink-morganite/morganite-gp55193
125,https://www.gempundit.com/gemstones/pink-morganite/morganite-gp118379
126,https://www.gempundit.com/gemstones/pink-morganite/morganite-gp129007
127,https://www.gempundit.com/gemstones/pink-morganite/morganite-gp129009
128,https://www.gempundit.com/gemstones/pink-morganite/morganite-gp129035
129,https://www.gempundit.com/gemstones/pink-morganite/morganite-gp88942
130,https://www.gempundit.com/gemstones/pink-morganite/morganite-gp118376
131,https://www.gempundit.com/gemstones/pink-morganite/morganite-gp118382
132,https://www.gempundit.com/gemstones/pink-morganite/morganite-gp118381
133,https://www.gempundit.com/gemstones/pink-morganite/morganite-gp129034
134,https://www.gempundit.com/gemstones/pink-morganite/morganite-gp135696
135,https://www.gempundit.com/gemstones/pink-morganite/morganite-gp118380
136,https://www.gempundit.com/gemstones/pink-morganite/morganite-gp129040
137,https://www.gempundit.com/gemstones/pink-morganite/morganite-gp88941
138,https://www.gempundit.com/gemstones/pink-morganite/morganite-gp129006
139,https://www.gempundit.com/gemstones/pink-morganite/morganite-gp118377
140,https://www.gempundit.com/gemstones/pink-morganite/morganite-gp118371
141,https://www.gempundit.com/gemstones/pink-morganite/morganite-gp129005
142,https://www.gempundit.com/gemstones/pink-morganite/morganite-gp129012
143,https://www.gempundit.com/gemstones/pink-morganite/morganite-gp129026
144,https://www.gempundit.com/gemstones/pink-morganite/morganite-gp129008
145,https://www.gempundit.com/gemstones/pink-morganite/morganite-gp105634
146,https://www.gempundit.com/gemstones/pink-morganite/morganite-gp118373
147,https://www.gempundit.com/gemstones/pink-morganite/morganite-gp129017
148,https://www.gempundit.com/gemstones/pink-morganite/morganite-gp129039
149,https://www.gempundit.com/gemstones/pink-morganite/morganite-gp129027
150,https://www.gempundit.com/gemstones/pink-morganite/morganite-gp123322
151,https://www.gempundit.com/gemstones/pink-morganite/morganite-gp129041
152,https://www.gempundit.com/gemstones/pink-morganite/morganite-gp129003
153,https://www.gempundit.com/gemstones/pink-morganite/morganite-gp135697
154,https://www.gempundit.com/gemstones/pink-morganite/morganite-gp129004
155,https://www.gempundit.com/gemstones/pink-morganite/morganite-gp129024
156,https://www.gempundit.com/gemstones/pink-morganite/morganite-gp118372
157,https://www.gempundit.com/gemstones/pink-morganite/morganite-gp113645
158,https://www.gempundit.com/gemstones/pink-morganite/morganite-gp129043
159,https://www.gempundit.com/gemstones/pink-morganite/morganite-gp129042
160,https://www.gempundit.com/gemstones/pink-morganite/morganite-gp129037
161,https://www.gempundit.com/gemstones/pink-morganite/morganite-gp129025
162,https://www.gempundit.com/gemstones/pink-morganite/morganite-gp132061
163,https://www.gempundit.com/gemstones/pink-morganite/morganite-gp129038
164,https://www.gempundit.com/gemstones/pink-morganite/morganite-gp129014
165,https://www.gempundit.com/gemstones/pink-morganite/morganite-gp129021
