,Russian Emerald
0,https://www.gempundit.com/gemstones/russian-emerald/emerald-gp124844
1,https://www.gempundit.com/gemstones/russian-emerald/emerald-gp124794
2,https://www.gempundit.com/gemstones/russian-emerald/emerald-gp124793
3,https://www.gempundit.com/gemstones/russian-emerald/emerald-gp124847
4,https://www.gempundit.com/gemstones/russian-emerald/emerald-gp122394
5,https://www.gempundit.com/gemstones/russian-emerald/emerald-gp122393
6,https://www.gempundit.com/gemstones/russian-emerald/emerald-gp122398
7,https://www.gempundit.com/gemstones/russian-emerald/emerald-gp39552
8,https://www.gempundit.com/gemstones/russian-emerald/emerald-gp122395
9,https://www.gempundit.com/gemstones/russian-emerald/emerald-gp39550
10,https://www.gempundit.com/gemstones/russian-emerald/emerald-gp122404
11,https://www.gempundit.com/gemstones/russian-emerald/emerald-gp122399
12,https://www.gempundit.com/gemstones/russian-emerald/emerald-gp122402
13,https://www.gempundit.com/gemstones/russian-emerald/emerald-gp122397
14,https://www.gempundit.com/gemstones/russian-emerald/emerald-gp122396
15,https://www.gempundit.com/gemstones/russian-emerald/emerald-gp66226
16,https://www.gempundit.com/gemstones/russian-emerald/emerald-gp39539
17,https://www.gempundit.com/gemstones/russian-emerald/emerald-gp122400
18,https://www.gempundit.com/gemstones/russian-emerald/emerald-gp18419
19,https://www.gempundit.com/gemstones/russian-emerald/emerald-gp98725
20,https://www.gempundit.com/gemstones/russian-emerald/emerald-gp39537
21,https://www.gempundit.com/gemstones/russian-emerald/emerald-gp39536
22,https://www.gempundit.com/gemstones/russian-emerald/emerald-gp126543
23,https://www.gempundit.com/gemstones/russian-emerald/emerald-gp39533
24,https://www.gempundit.com/gemstones/russian-emerald/emerald-gp127309
25,https://www.gempundit.com/gemstones/russian-emerald/emerald-gp122392
26,https://www.gempundit.com/gemstones/russian-emerald/emerald-gp56917
27,https://www.gempundit.com/gemstones/russian-emerald/emerald-gp39532
28,https://www.gempundit.com/gemstones/russian-emerald/emerald-gp135682
29,https://www.gempundit.com/gemstones/russian-emerald/emerald-gp124829
30,https://www.gempundit.com/gemstones/russian-emerald/emerald-necklace-gp130916
31,https://www.gempundit.com/gemstones/russian-emerald/emerald-necklace-gp130964
32,https://www.gempundit.com/gemstones/russian-emerald/emerald-necklace-gp123801
