,Sky Blue Topaz
0,https://www.gempundit.com/gemstones/sky-blue-topaz/blue-topaz-gp19254
1,https://www.gempundit.com/gemstones/sky-blue-topaz/blue-topaz-gp81841
2,https://www.gempundit.com/gemstones/sky-blue-topaz/blue-topaz-gp81827
3,https://www.gempundit.com/gemstones/sky-blue-topaz/blue-topaz-gp81832
4,https://www.gempundit.com/gemstones/sky-blue-topaz/blue-topaz-gp81677
5,https://www.gempundit.com/gemstones/sky-blue-topaz/blue-topaz-gp81826
6,https://www.gempundit.com/gemstones/sky-blue-topaz/blue-topaz-gp81683
7,https://www.gempundit.com/gemstones/sky-blue-topaz/blue-topaz-gp81692
8,https://www.gempundit.com/gemstones/sky-blue-topaz/blue-topaz-gp81672
9,https://www.gempundit.com/gemstones/sky-blue-topaz/blue-topaz-gp81702
10,https://www.gempundit.com/gemstones/sky-blue-topaz/blue-topaz-gp81691
11,https://www.gempundit.com/gemstones/sky-blue-topaz/blue-topaz-gp81714
12,https://www.gempundit.com/gemstones/sky-blue-topaz/blue-topaz-gp81688
13,https://www.gempundit.com/gemstones/sky-blue-topaz/blue-topaz-gp81703
14,https://www.gempundit.com/gemstones/sky-blue-topaz/blue-topaz-gp81686
15,https://www.gempundit.com/gemstones/sky-blue-topaz/blue-topaz-gp81696
16,https://www.gempundit.com/gemstones/sky-blue-topaz/blue-topaz-gp81693
17,https://www.gempundit.com/gemstones/sky-blue-topaz/blue-topaz-gp81698
18,https://www.gempundit.com/gemstones/sky-blue-topaz/blue-topaz-gp81709
19,https://www.gempundit.com/gemstones/sky-blue-topaz/blue-topaz-gp81801
20,https://www.gempundit.com/gemstones/sky-blue-topaz/blue-topaz-gp81701
21,https://www.gempundit.com/gemstones/sky-blue-topaz/blue-topaz-gp81675
22,https://www.gempundit.com/gemstones/sky-blue-topaz/blue-topaz-gp81700
23,https://www.gempundit.com/gemstones/sky-blue-topaz/blue-topaz-gp81699
24,https://www.gempundit.com/gemstones/sky-blue-topaz/blue-topaz-gp81706
25,https://www.gempundit.com/gemstones/sky-blue-topaz/blue-topaz-gp81806
26,https://www.gempundit.com/gemstones/sky-blue-topaz/blue-topaz-gp81695
27,https://www.gempundit.com/gemstones/sky-blue-topaz/blue-topaz-gp81813
28,https://www.gempundit.com/gemstones/sky-blue-topaz/blue-topaz-gp81710
29,https://www.gempundit.com/gemstones/sky-blue-topaz/blue-topaz-gp81678
30,https://www.gempundit.com/gemstones/sky-blue-topaz/blue-topaz-gp81708
31,https://www.gempundit.com/gemstones/sky-blue-topaz/blue-topaz-gp81680
32,https://www.gempundit.com/gemstones/sky-blue-topaz/blue-topaz-gp81711
33,https://www.gempundit.com/gemstones/sky-blue-topaz/blue-topaz-gp81707
34,https://www.gempundit.com/gemstones/sky-blue-topaz/blue-topaz-gp81687
35,https://www.gempundit.com/gemstones/sky-blue-topaz/blue-topaz-gp81682
36,https://www.gempundit.com/gemstones/sky-blue-topaz/blue-topaz-gp81704
37,https://www.gempundit.com/gemstones/sky-blue-topaz/blue-topaz-gp81705
38,https://www.gempundit.com/gemstones/sky-blue-topaz/blue-topaz-gp81822
39,https://www.gempundit.com/gemstones/sky-blue-topaz/blue-topaz-gp81689
40,https://www.gempundit.com/gemstones/sky-blue-topaz/blue-topaz-gp81684
41,https://www.gempundit.com/gemstones/sky-blue-topaz/blue-topaz-gp81671
42,https://www.gempundit.com/gemstones/sky-blue-topaz/blue-topaz-gp81694
43,https://www.gempundit.com/gemstones/sky-blue-topaz/blue-topaz-gp81676
44,https://www.gempundit.com/gemstones/sky-blue-topaz/blue-topaz-gp81685
45,https://www.gempundit.com/gemstones/sky-blue-topaz/blue-topaz-gp81681
46,https://www.gempundit.com/gemstones/sky-blue-topaz/blue-topaz-gp81817
47,https://www.gempundit.com/gemstones/sky-blue-topaz/blue-topaz-gp81802
48,https://www.gempundit.com/gemstones/sky-blue-topaz/blue-topaz-gp81814
49,https://www.gempundit.com/gemstones/sky-blue-topaz/blue-topaz-gp81697
50,https://www.gempundit.com/gemstones/sky-blue-topaz/blue-topaz-gp81690
51,https://www.gempundit.com/gemstones/sky-blue-topaz/blue-topaz-gp81674
52,https://www.gempundit.com/gemstones/sky-blue-topaz/blue-topaz-gp81804
53,https://www.gempundit.com/gemstones/sky-blue-topaz/blue-topaz-gp81819
54,https://www.gempundit.com/gemstones/sky-blue-topaz/blue-topaz-gp81673
55,https://www.gempundit.com/gemstones/sky-blue-topaz/blue-topaz-gp81818
56,https://www.gempundit.com/gemstones/sky-blue-topaz/blue-topaz-gp81808
57,https://www.gempundit.com/gemstones/sky-blue-topaz/blue-topaz-gp81815
58,https://www.gempundit.com/gemstones/sky-blue-topaz/blue-topaz-gp81811
59,https://www.gempundit.com/gemstones/sky-blue-topaz/blue-topaz-gp81668
60,https://www.gempundit.com/gemstones/sky-blue-topaz/blue-topaz-gp81645
61,https://www.gempundit.com/gemstones/sky-blue-topaz/blue-topaz-gp81800
62,https://www.gempundit.com/gemstones/sky-blue-topaz/blue-topaz-gp81816
63,https://www.gempundit.com/gemstones/sky-blue-topaz/blue-topaz-gp81648
64,https://www.gempundit.com/gemstones/sky-blue-topaz/blue-topaz-gp81661
65,https://www.gempundit.com/gemstones/sky-blue-topaz/blue-topaz-gp81670
66,https://www.gempundit.com/gemstones/sky-blue-topaz/blue-topaz-gp81656
67,https://www.gempundit.com/gemstones/sky-blue-topaz/blue-topaz-gp81658
68,https://www.gempundit.com/gemstones/sky-blue-topaz/blue-topaz-gp81662
69,https://www.gempundit.com/gemstones/sky-blue-topaz/blue-topaz-gp81653
70,https://www.gempundit.com/gemstones/sky-blue-topaz/blue-topaz-gp81664
71,https://www.gempundit.com/gemstones/sky-blue-topaz/blue-topaz-gp81659
72,https://www.gempundit.com/gemstones/sky-blue-topaz/blue-topaz-gp81665
73,https://www.gempundit.com/gemstones/sky-blue-topaz/blue-topaz-gp81669
74,https://www.gempundit.com/gemstones/sky-blue-topaz/blue-topaz-gp81667
75,https://www.gempundit.com/gemstones/sky-blue-topaz/blue-topaz-gp135079
76,https://www.gempundit.com/gemstones/sky-blue-topaz/blue-topaz-gp22932
77,https://www.gempundit.com/gemstones/sky-blue-topaz/blue-topaz-gp81649
78,https://www.gempundit.com/gemstones/sky-blue-topaz/blue-topaz-gp22942
79,https://www.gempundit.com/gemstones/sky-blue-topaz/blue-topaz-gp81650
80,https://www.gempundit.com/gemstones/sky-blue-topaz/blue-topaz-gp81792
81,https://www.gempundit.com/gemstones/sky-blue-topaz/blue-topaz-gp81785
82,https://www.gempundit.com/gemstones/sky-blue-topaz/blue-topaz-gp81660
83,https://www.gempundit.com/gemstones/sky-blue-topaz/blue-topaz-gp81655
84,https://www.gempundit.com/gemstones/sky-blue-topaz/blue-topaz-gp81623
85,https://www.gempundit.com/gemstones/sky-blue-topaz/blue-topaz-gp135033
86,https://www.gempundit.com/gemstones/sky-blue-topaz/blue-topaz-gp22927
87,https://www.gempundit.com/gemstones/sky-blue-topaz/blue-topaz-gp81795
88,https://www.gempundit.com/gemstones/sky-blue-topaz/blue-topaz-gp81616
89,https://www.gempundit.com/gemstones/sky-blue-topaz/blue-topaz-gp81626
90,https://www.gempundit.com/gemstones/sky-blue-topaz/blue-topaz-gp22941
91,https://www.gempundit.com/gemstones/sky-blue-topaz/blue-topaz-gp81642
92,https://www.gempundit.com/gemstones/sky-blue-topaz/blue-topaz-gp81618
93,https://www.gempundit.com/gemstones/sky-blue-topaz/blue-topaz-gp22924
94,https://www.gempundit.com/gemstones/sky-blue-topaz/blue-topaz-gp81621
95,https://www.gempundit.com/gemstones/sky-blue-topaz/blue-topaz-gp81634
96,https://www.gempundit.com/gemstones/sky-blue-topaz/blue-topaz-gp81790
97,https://www.gempundit.com/gemstones/sky-blue-topaz/blue-topaz-gp81788
98,https://www.gempundit.com/gemstones/sky-blue-topaz/blue-topaz-gp81784
99,https://www.gempundit.com/gemstones/sky-blue-topaz/blue-topaz-gp81794
100,https://www.gempundit.com/gemstones/sky-blue-topaz/blue-topaz-gp81624
101,https://www.gempundit.com/gemstones/sky-blue-topaz/blue-topaz-gp81787
102,https://www.gempundit.com/gemstones/sky-blue-topaz/blue-topaz-gp81797
103,https://www.gempundit.com/gemstones/sky-blue-topaz/blue-topaz-gp81627
104,https://www.gempundit.com/gemstones/sky-blue-topaz/blue-topaz-gp81629
105,https://www.gempundit.com/gemstones/sky-blue-topaz/blue-topaz-gp81617
106,https://www.gempundit.com/gemstones/sky-blue-topaz/blue-topaz-gp81638
107,https://www.gempundit.com/gemstones/sky-blue-topaz/blue-topaz-gp117353
108,https://www.gempundit.com/gemstones/sky-blue-topaz/blue-topaz-gp81620
109,https://www.gempundit.com/gemstones/sky-blue-topaz/blue-topaz-gp81625
110,https://www.gempundit.com/gemstones/sky-blue-topaz/blue-topaz-gp81768
111,https://www.gempundit.com/gemstones/sky-blue-topaz/blue-topaz-gp81633
112,https://www.gempundit.com/gemstones/sky-blue-topaz/blue-topaz-gp81636
113,https://www.gempundit.com/gemstones/sky-blue-topaz/blue-topaz-gp81640
114,https://www.gempundit.com/gemstones/sky-blue-topaz/blue-topaz-gp81641
115,https://www.gempundit.com/gemstones/sky-blue-topaz/blue-topaz-gp81639
116,https://www.gempundit.com/gemstones/sky-blue-topaz/blue-topaz-gp81764
117,https://www.gempundit.com/gemstones/sky-blue-topaz/blue-topaz-gp81879
118,https://www.gempundit.com/gemstones/sky-blue-topaz/blue-topaz-gp81781
119,https://www.gempundit.com/gemstones/sky-blue-topaz/blue-topaz-gp81637
120,https://www.gempundit.com/gemstones/sky-blue-topaz/blue-topaz-gp81632
121,https://www.gempundit.com/gemstones/sky-blue-topaz/blue-topaz-gp81778
122,https://www.gempundit.com/gemstones/sky-blue-topaz/blue-topaz-gp81774
123,https://www.gempundit.com/gemstones/sky-blue-topaz/blue-topaz-gp81776
124,https://www.gempundit.com/gemstones/sky-blue-topaz/blue-topaz-gp81615
125,https://www.gempundit.com/gemstones/sky-blue-topaz/blue-topaz-gp81619
126,https://www.gempundit.com/gemstones/sky-blue-topaz/blue-topaz-gp81767
127,https://www.gempundit.com/gemstones/sky-blue-topaz/blue-topaz-gp81779
128,https://www.gempundit.com/gemstones/sky-blue-topaz/blue-topaz-gp81729
129,https://www.gempundit.com/gemstones/sky-blue-topaz/blue-topaz-gp81769
130,https://www.gempundit.com/gemstones/sky-blue-topaz/blue-topaz-gp81772
131,https://www.gempundit.com/gemstones/sky-blue-topaz/blue-topaz-gp81744
132,https://www.gempundit.com/gemstones/sky-blue-topaz/blue-topaz-gp81731
133,https://www.gempundit.com/gemstones/sky-blue-topaz/blue-topaz-gp81635
134,https://www.gempundit.com/gemstones/sky-blue-topaz/blue-topaz-gp81765
135,https://www.gempundit.com/gemstones/sky-blue-topaz/blue-topaz-gp81724
136,https://www.gempundit.com/gemstones/sky-blue-topaz/blue-topaz-gp81891
137,https://www.gempundit.com/gemstones/sky-blue-topaz/blue-topaz-gp81880
138,https://www.gempundit.com/gemstones/sky-blue-topaz/blue-topaz-gp81876
139,https://www.gempundit.com/gemstones/sky-blue-topaz/blue-topaz-gp81886
140,https://www.gempundit.com/gemstones/sky-blue-topaz/blue-topaz-gp81735
141,https://www.gempundit.com/gemstones/sky-blue-topaz/blue-topaz-gp81888
142,https://www.gempundit.com/gemstones/sky-blue-topaz/blue-topaz-gp81743
143,https://www.gempundit.com/gemstones/sky-blue-topaz/blue-topaz-gp81889
144,https://www.gempundit.com/gemstones/sky-blue-topaz/blue-topaz-gp81723
145,https://www.gempundit.com/gemstones/sky-blue-topaz/blue-topaz-gp81873
146,https://www.gempundit.com/gemstones/sky-blue-topaz/blue-topaz-gp81741
147,https://www.gempundit.com/gemstones/sky-blue-topaz/blue-topaz-gp81722
148,https://www.gempundit.com/gemstones/sky-blue-topaz/blue-topaz-gp81718
149,https://www.gempundit.com/gemstones/sky-blue-topaz/blue-topaz-gp81734
150,https://www.gempundit.com/gemstones/sky-blue-topaz/blue-topaz-gp81728
151,https://www.gempundit.com/gemstones/sky-blue-topaz/blue-topaz-gp81715
152,https://www.gempundit.com/gemstones/sky-blue-topaz/blue-topaz-gp81736
153,https://www.gempundit.com/gemstones/sky-blue-topaz/blue-topaz-gp81730
154,https://www.gempundit.com/gemstones/sky-blue-topaz/blue-topaz-gp135029
155,https://www.gempundit.com/gemstones/sky-blue-topaz/blue-topaz-gp81740
156,https://www.gempundit.com/gemstones/sky-blue-topaz/blue-topaz-gp81732
157,https://www.gempundit.com/gemstones/sky-blue-topaz/blue-topaz-gp81726
158,https://www.gempundit.com/gemstones/sky-blue-topaz/blue-topaz-gp81739
159,https://www.gempundit.com/gemstones/sky-blue-topaz/blue-topaz-gp81716
160,https://www.gempundit.com/gemstones/sky-blue-topaz/blue-topaz-gp81762
161,https://www.gempundit.com/gemstones/sky-blue-topaz/blue-topaz-gp81738
162,https://www.gempundit.com/gemstones/sky-blue-topaz/blue-topaz-gp81860
163,https://www.gempundit.com/gemstones/sky-blue-topaz/blue-topaz-gp81757
164,https://www.gempundit.com/gemstones/sky-blue-topaz/blue-topaz-gp81733
165,https://www.gempundit.com/gemstones/sky-blue-topaz/blue-topaz-gp81745
166,https://www.gempundit.com/gemstones/sky-blue-topaz/blue-topaz-gp81858
167,https://www.gempundit.com/gemstones/sky-blue-topaz/blue-topaz-gp81763
168,https://www.gempundit.com/gemstones/sky-blue-topaz/blue-topaz-gp81758
169,https://www.gempundit.com/gemstones/sky-blue-topaz/blue-topaz-gp81861
170,https://www.gempundit.com/gemstones/sky-blue-topaz/blue-topaz-gp81752
171,https://www.gempundit.com/gemstones/sky-blue-topaz/blue-topaz-gp81717
172,https://www.gempundit.com/gemstones/sky-blue-topaz/blue-topaz-gp81742
173,https://www.gempundit.com/gemstones/sky-blue-topaz/blue-topaz-gp81751
174,https://www.gempundit.com/gemstones/sky-blue-topaz/blue-topaz-gp81854
175,https://www.gempundit.com/gemstones/sky-blue-topaz/blue-topaz-gp81719
176,https://www.gempundit.com/gemstones/sky-blue-topaz/blue-topaz-gp81725
177,https://www.gempundit.com/gemstones/sky-blue-topaz/blue-topaz-gp81756
178,https://www.gempundit.com/gemstones/sky-blue-topaz/blue-topaz-gp81749
179,https://www.gempundit.com/gemstones/sky-blue-topaz/blue-topaz-gp81761
180,https://www.gempundit.com/gemstones/sky-blue-topaz/blue-topaz-gp81855
181,https://www.gempundit.com/gemstones/sky-blue-topaz/blue-topaz-gp135027
182,https://www.gempundit.com/gemstones/sky-blue-topaz/blue-topaz-gp81856
183,https://www.gempundit.com/gemstones/sky-blue-topaz/blue-topaz-gp81614
184,https://www.gempundit.com/gemstones/sky-blue-topaz/blue-topaz-gp81747
185,https://www.gempundit.com/gemstones/sky-blue-topaz/blue-topaz-gp81759
186,https://www.gempundit.com/gemstones/sky-blue-topaz/blue-topaz-gp48875
187,https://www.gempundit.com/gemstones/sky-blue-topaz/blue-topaz-gp81727
188,https://www.gempundit.com/gemstones/sky-blue-topaz/blue-topaz-gp81753
189,https://www.gempundit.com/gemstones/sky-blue-topaz/blue-topaz-gp81857
190,https://www.gempundit.com/gemstones/sky-blue-topaz/blue-topaz-gp81746
191,https://www.gempundit.com/gemstones/sky-blue-topaz/blue-topaz-gp81760
192,https://www.gempundit.com/gemstones/sky-blue-topaz/blue-topaz-gp105599
193,https://www.gempundit.com/gemstones/sky-blue-topaz/blue-topaz-gp135028
194,https://www.gempundit.com/gemstones/sky-blue-topaz/blue-topaz-gp81748
195,https://www.gempundit.com/gemstones/sky-blue-topaz/blue-topaz-gp81607
196,https://www.gempundit.com/gemstones/sky-blue-topaz/blue-topaz-gp81602
197,https://www.gempundit.com/gemstones/sky-blue-topaz/blue-topaz-gp81754
198,https://www.gempundit.com/gemstones/sky-blue-topaz/blue-topaz-gp81608
199,https://www.gempundit.com/gemstones/sky-blue-topaz/blue-topaz-gp135078
200,https://www.gempundit.com/gemstones/sky-blue-topaz/blue-topaz-gp81601
201,https://www.gempundit.com/gemstones/sky-blue-topaz/blue-topaz-gp81600
202,https://www.gempundit.com/gemstones/sky-blue-topaz/blue-topaz-gp135077
203,https://www.gempundit.com/gemstones/sky-blue-topaz/blue-topaz-gp81868
204,https://www.gempundit.com/gemstones/sky-blue-topaz/blue-topaz-gp81610
205,https://www.gempundit.com/gemstones/sky-blue-topaz/blue-topaz-gp81603
206,https://www.gempundit.com/gemstones/sky-blue-topaz/blue-topaz-gp81598
207,https://www.gempundit.com/gemstones/sky-blue-topaz/blue-topaz-gp81865
208,https://www.gempundit.com/gemstones/sky-blue-topaz/blue-topaz-gp81867
209,https://www.gempundit.com/gemstones/sky-blue-topaz/blue-topaz-gp81870
210,https://www.gempundit.com/gemstones/sky-blue-topaz/blue-topaz-gp81869
211,https://www.gempundit.com/gemstones/sky-blue-topaz/blue-topaz-gp81866
212,https://www.gempundit.com/gemstones/sky-blue-topaz/blue-topaz-gp81581
213,https://www.gempundit.com/gemstones/sky-blue-topaz/blue-topaz-gp81583
214,https://www.gempundit.com/gemstones/sky-blue-topaz/blue-topaz-gp81576
215,https://www.gempundit.com/gemstones/sky-blue-topaz/blue-topaz-gp81582
216,https://www.gempundit.com/gemstones/sky-blue-topaz/blue-topaz-gp81579
217,https://www.gempundit.com/gemstones/sky-blue-topaz/blue-topaz-gp81592
218,https://www.gempundit.com/gemstones/sky-blue-topaz/blue-topaz-gp81578
219,https://www.gempundit.com/gemstones/sky-blue-topaz/blue-topaz-gp81587
220,https://www.gempundit.com/gemstones/sky-blue-topaz/blue-topaz-gp81584
221,https://www.gempundit.com/gemstones/sky-blue-topaz/blue-topaz-gp81591
222,https://www.gempundit.com/gemstones/sky-blue-topaz/blue-topaz-gp81580
223,https://www.gempundit.com/gemstones/sky-blue-topaz/blue-topaz-gp81590
224,https://www.gempundit.com/gemstones/sky-blue-topaz/blue-topaz-gp81585
225,https://www.gempundit.com/gemstones/sky-blue-topaz/blue-topaz-gp81577
226,https://www.gempundit.com/gemstones/sky-blue-topaz/blue-topaz-gp81589
227,https://www.gempundit.com/gemstones/sky-blue-topaz/blue-topaz-gp81586
228,https://www.gempundit.com/gemstones/sky-blue-topaz/blue-topaz-gp81588
229,https://www.gempundit.com/gemstones/sky-blue-topaz/blue-topaz-gp81575
230,https://www.gempundit.com/gemstones/sky-blue-topaz/blue-topaz-gp81593
231,https://www.gempundit.com/gemstones/sky-blue-topaz/blue-topaz-gp22888
232,https://www.gempundit.com/gemstones/sky-blue-topaz/blue-topaz-gp22870
233,https://www.gempundit.com/gemstones/sky-blue-topaz/blue-topaz-gp81596
234,https://www.gempundit.com/gemstones/sky-blue-topaz/blue-topaz-gp135201
235,https://www.gempundit.com/gemstones/sky-blue-topaz/blue-topaz-gp81594
236,https://www.gempundit.com/gemstones/sky-blue-topaz/blue-topaz-gp22889
237,https://www.gempundit.com/gemstones/sky-blue-topaz/blue-topaz-gp135032
238,https://www.gempundit.com/gemstones/sky-blue-topaz/blue-topaz-gp135030
239,https://www.gempundit.com/gemstones/sky-blue-topaz/blue-topaz-gp107241
240,https://www.gempundit.com/gemstones/sky-blue-topaz/blue-topaz-gp107245
241,https://www.gempundit.com/gemstones/sky-blue-topaz/blue-topaz-gp107246
242,https://www.gempundit.com/gemstones/sky-blue-topaz/blue-topaz-gp107239
243,https://www.gempundit.com/gemstones/sky-blue-topaz/blue-topaz-gp107240
244,https://www.gempundit.com/gemstones/sky-blue-topaz/blue-topaz-gp107244
245,https://www.gempundit.com/gemstones/sky-blue-topaz/blue-topaz-gp135463
