,Spectrolite
0,https://www.gempundit.com/gemstones/spectrolite/spectrolite-gp37476
1,https://www.gempundit.com/gemstones/spectrolite/spectrolite-gp12582
2,https://www.gempundit.com/gemstones/spectrolite/spectrolite-gp37474
3,https://www.gempundit.com/gemstones/spectrolite/spectrolite-gp12578
4,https://www.gempundit.com/gemstones/spectrolite/spectrolite-gp37471
5,https://www.gempundit.com/gemstones/spectrolite/spectrolite-gp37460
6,https://www.gempundit.com/gemstones/spectrolite/spectrolite-gp37470
7,https://www.gempundit.com/gemstones/spectrolite/spectrolite-gp37466
8,https://www.gempundit.com/gemstones/spectrolite/spectrolite-gp37468
9,https://www.gempundit.com/gemstones/spectrolite/spectrolite-gp37441
10,https://www.gempundit.com/gemstones/spectrolite/spectrolite-gp37443
11,https://www.gempundit.com/gemstones/spectrolite/spectrolite-gp37446
12,https://www.gempundit.com/gemstones/spectrolite/spectrolite-gp12581
13,https://www.gempundit.com/gemstones/spectrolite/spectrolite-gp12579
14,https://www.gempundit.com/gemstones/spectrolite/spectrolite-gp12580
15,https://www.gempundit.com/gemstones/spectrolite/spectrolite-gp37469
16,https://www.gempundit.com/gemstones/spectrolite/spectrolite-gp37444
17,https://www.gempundit.com/gemstones/spectrolite/spectrolite-gp37440
18,https://www.gempundit.com/gemstones/spectrolite/spectrolite-gp37450
19,https://www.gempundit.com/gemstones/spectrolite/spectrolite-gp37445
20,https://www.gempundit.com/gemstones/spectrolite/spectrolite-gp37451
21,https://www.gempundit.com/gemstones/spectrolite/spectrolite-gp37447
22,https://www.gempundit.com/gemstones/spectrolite/spectrolite-gp37448
